id,title,url,status,reason,stage
2022.acl-long.5,Learning to Imagine: Integrating Counterfactual Thinking in Neural Discrete Reasoning,https://aclanthology.org/2022.acl-long.5/,Excluded at automatic title triage,Term match refers primarily to a different task; can be revisited,Automatic title triage only
2022.acl-long.77,FaiRR: Faithful and Robust Deductive Reasoning over Natural Language,https://aclanthology.org/2022.acl-long.77/,Reserve - not individually abstract-screened,Not selected for bounded 7-page survey; not a quality rejection,Automatic title triage only
2022.acl-long.100,Faithful or Extractive? On Mitigating the Faithfulness-Abstractiveness Trade-off in Abstractive Summarization,https://aclanthology.org/2022.acl-long.100/,Reserve - not individually abstract-screened,Not selected for bounded 7-page survey; not a quality rejection,Automatic title triage only
2022.acl-long.117,Retrieval-guided Counterfactual Generation for QA,https://aclanthology.org/2022.acl-long.117/,Excluded at automatic title triage,Term match refers primarily to a different task; can be revisited,Automatic title triage only
2022.acl-long.229,TruthfulQA: Measuring How Models Mimic Human Falsehoods,https://aclanthology.org/2022.acl-long.229/,Included,Title/abstract screened; selected for mechanism and evaluation coverage,Title/abstract
2022.acl-long.236,Hallucinated but Factual! Inspecting the Factuality of Hallucinations in Abstractive Summarization,https://aclanthology.org/2022.acl-long.236/,Included,Title/abstract screened; selected for mechanism and evaluation coverage,Title/abstract
2022.acl-long.256,An Investigation of the (In)effectiveness of Counterfactually Augmented Data,https://aclanthology.org/2022.acl-long.256/,Excluded at automatic title triage,Term match refers primarily to a different task; can be revisited,Automatic title triage only
2022.acl-long.313,Saliency as Evidence: Event Detection with Trigger Saliency Attribution,https://aclanthology.org/2022.acl-long.313/,Excluded at automatic title triage,Term match refers primarily to a different task; can be revisited,Automatic title triage only
2022.acl-long.345,A Comparative Study of Faithfulness Metrics for Model Interpretability Methods,https://aclanthology.org/2022.acl-long.345/,Reserve - not individually abstract-screened,Not selected for bounded 7-page survey; not a quality rejection,Automatic title triage only
2022.acl-long.373,HOLM: Hallucinating Objects with Language Models for Referring Expression Recognition in Partially-Observed Scenes,https://aclanthology.org/2022.acl-long.373/,Reserve - not individually abstract-screened,Not selected for bounded 7-page survey; not a quality rejection,Automatic title triage only
2022.acl-long.400,What does the sea say to the shore? A BERT based DST style approach for speaker to dialogue attribution in novels,https://aclanthology.org/2022.acl-long.400/,Reserve - not individually abstract-screened,Not selected for bounded 7-page survey; not a quality rejection,Automatic title triage only
2022.acl-long.407,Logic Traps in Evaluating Attribution Scores,https://aclanthology.org/2022.acl-long.407/,Reserve - not individually abstract-screened,Not selected for bounded 7-page survey; not a quality rejection,Automatic title triage only
2022.acl-long.431,ReACC: A Retrieval-Augmented Code Completion Framework,https://aclanthology.org/2022.acl-long.431/,Reserve - not individually abstract-screened,Not selected for bounded 7-page survey; not a quality rejection,Automatic title triage only
2022.acl-long.464,A Token-level Reference-free Hallucination Detection Benchmark for Free-form Text Generation,https://aclanthology.org/2022.acl-long.464/,Reserve - not individually abstract-screened,Not selected for bounded 7-page survey; not a quality rejection,Automatic title triage only
2022.acl-long.506,Evaluating Factuality in Text Simplification,https://aclanthology.org/2022.acl-long.506/,Reserve - not individually abstract-screened,Not selected for bounded 7-page survey; not a quality rejection,Automatic title triage only
2022.acl-long.509,Adversarial Authorship Attribution for Deobfuscation,https://aclanthology.org/2022.acl-long.509/,Excluded at automatic title triage,Term match refers primarily to a different task; can be revisited,Automatic title triage only
2022.acl-long.533,DoCoGen: Domain Counterfactual Generation for Low Resource Domain Adaptation,https://aclanthology.org/2022.acl-long.533/,Excluded at automatic title triage,Term match refers primarily to a different task; can be revisited,Automatic title triage only
2022.acl-long.566,Uncertainty Estimation of Transformer Predictions for Misclassification Detection,https://aclanthology.org/2022.acl-long.566/,Reserve - not individually abstract-screened,Not selected for bounded 7-page survey; not a quality rejection,Automatic title triage only
2022.acl-long.574,Learning Disentangled Representations of Negation and Uncertainty,https://aclanthology.org/2022.acl-long.574/,Reserve - not individually abstract-screened,Not selected for bounded 7-page survey; not a quality rejection,Automatic title triage only
2022.acl-long.591,Uncertainty Determines the Adequacy of the Mode and the Tractability of Decoding in Sequence-to-Sequence Models,https://aclanthology.org/2022.acl-long.591/,Reserve - not individually abstract-screened,Not selected for bounded 7-page survey; not a quality rejection,Automatic title triage only
2022.acl-short.10,Automatic Detection of Entity-Manipulated Text using Factual Knowledge,https://aclanthology.org/2022.acl-short.10/,Reserve - not individually abstract-screened,Not selected for bounded 7-page survey; not a quality rejection,Automatic title triage only
2022.acl-short.14,Counterfactual Explanations for Natural Language Interfaces,https://aclanthology.org/2022.acl-short.14/,Excluded at automatic title triage,Term match refers primarily to a different task; can be revisited,Automatic title triage only
2022.emnlp-main.64,“Will You Find These Shortcuts?” A Protocol for Evaluating the Faithfulness of Input Salience Methods for Text Classification,https://aclanthology.org/2022.emnlp-main.64/,Excluded at automatic title triage,Term match refers primarily to a different task; can be revisited,Automatic title triage only
2022.emnlp-main.101,A Multilingual Perspective Towards the Evaluation of Attribution Methods in Natural Language Inference,https://aclanthology.org/2022.emnlp-main.101/,Reserve - not individually abstract-screened,Not selected for bounded 7-page survey; not a quality rejection,Automatic title triage only
2022.emnlp-main.106,Counterfactual Data Augmentation via Perspective Transition for Open-Domain Dialogues,https://aclanthology.org/2022.emnlp-main.106/,Excluded at automatic title triage,Term match refers primarily to a different task; can be revisited,Automatic title triage only
2022.emnlp-main.134,Entailer: Answering Questions with Faithful and Truthful Chains of Reasoning,https://aclanthology.org/2022.emnlp-main.134/,Reserve - not individually abstract-screened,Not selected for bounded 7-page survey; not a quality rejection,Automatic title triage only
2022.emnlp-main.146,Rich Knowledge Sources Bring Complex Knowledge Conflicts: Recalibrating Models to Reflect Conflicting Evidence,https://aclanthology.org/2022.emnlp-main.146/,Reserve - not individually abstract-screened,Not selected for bounded 7-page survey; not a quality rejection,Automatic title triage only
2022.emnlp-main.153,"A Multifaceted Framework to Evaluate Evasion, Content Preservation, and Misattribution in Authorship Obfuscation Techniques",https://aclanthology.org/2022.emnlp-main.153/,Excluded at automatic title triage,Term match refers primarily to a different task; can be revisited,Automatic title triage only
2022.emnlp-main.224,CPL: Counterfactual Prompt Learning for Vision and Language Models,https://aclanthology.org/2022.emnlp-main.224/,Excluded at automatic title triage,Term match refers primarily to a different task; can be revisited,Automatic title triage only
2022.emnlp-main.280,Information-Theoretic Text Hallucination Reduction for Video-grounded Dialogue,https://aclanthology.org/2022.emnlp-main.280/,Excluded at automatic title triage,Multimodal or non-text-generation focus outside selected scope,Automatic title triage only
2022.emnlp-main.288,MT-GenEval: A Counterfactual and Contextual Dataset for Evaluating Gender Accuracy in Machine Translation,https://aclanthology.org/2022.emnlp-main.288/,Excluded at automatic title triage,Term match refers primarily to a different task; can be revisited,Automatic title triage only
2022.emnlp-main.307,Retrieval-Augmented Generative Question Answering for Event Argument Extraction,https://aclanthology.org/2022.emnlp-main.307/,Reserve - not individually abstract-screened,Not selected for bounded 7-page survey; not a quality rejection,Automatic title triage only
2022.emnlp-main.314,Neural-Symbolic Inference for Robust Autoregressive Graph Parsing via Compositional Uncertainty Quantification,https://aclanthology.org/2022.emnlp-main.314/,Reserve - not individually abstract-screened,Not selected for bounded 7-page survey; not a quality rejection,Automatic title triage only
2022.emnlp-main.325,Analyzing and Evaluating Faithfulness in Dialogue Summarization,https://aclanthology.org/2022.emnlp-main.325/,Reserve - not individually abstract-screened,Not selected for bounded 7-page survey; not a quality rejection,Automatic title triage only
2022.emnlp-main.370,Investigating the Robustness of Natural Language Generation from Logical Forms via Counterfactual Samples,https://aclanthology.org/2022.emnlp-main.370/,Excluded at automatic title triage,Term match refers primarily to a different task; can be revisited,Automatic title triage only
2022.emnlp-main.372,RACE: Retrieval-augmented Commit Message Generation,https://aclanthology.org/2022.emnlp-main.372/,Reserve - not individually abstract-screened,Not selected for bounded 7-page survey; not a quality rejection,Automatic title triage only
2022.emnlp-main.375,MuRAG: Multimodal Retrieval-Augmented Generator for Open Question Answering over Images and Text,https://aclanthology.org/2022.emnlp-main.375/,Excluded at automatic title triage,Multimodal or non-text-generation focus outside selected scope,Automatic title triage only
2022.emnlp-main.386,Questioning the Validity of Summarization Datasets and Improving Their Factual Consistency,https://aclanthology.org/2022.emnlp-main.386/,Reserve - not individually abstract-screened,Not selected for bounded 7-page survey; not a quality rejection,Automatic title triage only
2022.emnlp-main.399,Mutual Information Alleviates Hallucinations in Abstractive Summarization,https://aclanthology.org/2022.emnlp-main.399/,Reserve - not individually abstract-screened,Not selected for bounded 7-page survey; not a quality rejection,Automatic title triage only
2022.emnlp-main.440,ADDMU: Detection of Far-Boundary Adversarial Examples with Data and Model Uncertainty Estimation,https://aclanthology.org/2022.emnlp-main.440/,Reserve - not individually abstract-screened,Not selected for bounded 7-page survey; not a quality rejection,Automatic title triage only
2022.emnlp-main.478,X-FACTOR: A Cross-metric Evaluation of Factual Correctness in Abstractive Summarization,https://aclanthology.org/2022.emnlp-main.478/,Reserve - not individually abstract-screened,Not selected for bounded 7-page survey; not a quality rejection,Automatic title triage only
2022.emnlp-main.480,Factual Accuracy is not Enough: Planning Consistent Description Order for Radiology Report Generation,https://aclanthology.org/2022.emnlp-main.480/,Excluded at automatic title triage,Multimodal or non-text-generation focus outside selected scope,Automatic title triage only
2022.emnlp-main.482,Precisely the Point: Adversarial Augmentations for Faithful and Informative Text Generation,https://aclanthology.org/2022.emnlp-main.482/,Reserve - not individually abstract-screened,Not selected for bounded 7-page survey; not a quality rejection,Automatic title triage only
2022.emnlp-main.484,Let the CAT out of the bag: Contrastive Attributed explanations for Text,https://aclanthology.org/2022.emnlp-main.484/,Reserve - not individually abstract-screened,Not selected for bounded 7-page survey; not a quality rejection,Automatic title triage only
2022.emnlp-main.497,Counterfactual Recipe Generation: Exploring Compositional Generalization in a Realistic Scenario,https://aclanthology.org/2022.emnlp-main.497/,Excluded at automatic title triage,Term match refers primarily to a different task; can be revisited,Automatic title triage only
2022.emnlp-main.591,Disentangling Uncertainty in Machine Translation Evaluation,https://aclanthology.org/2022.emnlp-main.591/,Reserve - not individually abstract-screened,Not selected for bounded 7-page survey; not a quality rejection,Automatic title triage only
2022.emnlp-main.602,T-STAR: Truthful Style Transfer using AMR Graph as Intermediate Representation,https://aclanthology.org/2022.emnlp-main.602/,Reserve - not individually abstract-screened,Not selected for bounded 7-page survey; not a quality rejection,Automatic title triage only
2022.emnlp-main.623,Improving Factual Consistency in Summarization with Compression-Based Post-Editing,https://aclanthology.org/2022.emnlp-main.623/,Reserve - not individually abstract-screened,Not selected for bounded 7-page survey; not a quality rejection,Automatic title triage only
2022.emnlp-main.627,Semantic Novelty Detection and Characterization in Factual Text Involving Named Entities,https://aclanthology.org/2022.emnlp-main.627/,Reserve - not individually abstract-screened,Not selected for bounded 7-page survey; not a quality rejection,Automatic title triage only
2022.emnlp-main.654,Evaluating and Improving Factuality in Multimodal Abstractive Summarization,https://aclanthology.org/2022.emnlp-main.654/,Excluded at automatic title triage,Multimodal or non-text-generation focus outside selected scope,Automatic title triage only
2022.emnlp-main.667,Correcting Diverse Factual Errors in Abstractive Summarization via Post-Editing and Language Model Infilling,https://aclanthology.org/2022.emnlp-main.667/,Reserve - not individually abstract-screened,Not selected for bounded 7-page survey; not a quality rejection,Automatic title triage only
2022.emnlp-main.670,CRIPP-VQA: Counterfactual Reasoning about Implicit Physical Properties via Video Question Answering,https://aclanthology.org/2022.emnlp-main.670/,Excluded at automatic title triage,Term match refers primarily to a different task; can be revisited,Automatic title triage only
2022.emnlp-main.743,Faithful Knowledge Graph Explanations in Commonsense Question Answering,https://aclanthology.org/2022.emnlp-main.743/,Reserve - not individually abstract-screened,Not selected for bounded 7-page survey; not a quality rejection,Automatic title triage only
2022.emnlp-main.764,Pre-training Language Models with Deterministic Factual Knowledge,https://aclanthology.org/2022.emnlp-main.764/,Reserve - not individually abstract-screened,Not selected for bounded 7-page survey; not a quality rejection,Automatic title triage only
2022.emnlp-main.772,Retrieval Augmented Visual Question Answering with Outside Knowledge,https://aclanthology.org/2022.emnlp-main.772/,Excluded at automatic title triage,Multimodal or non-text-generation focus outside selected scope,Automatic title triage only
2022.emnlp-main.777,Mitigating Spurious Correlation in Natural Language Understanding with Counterfactual Inference,https://aclanthology.org/2022.emnlp-main.777/,Excluded at automatic title triage,Term match refers primarily to a different task; can be revisited,Automatic title triage only
2022.emnlp-main.783,Robustifying Sentiment Classification by Maximally Exploiting Few Counterfactuals,https://aclanthology.org/2022.emnlp-main.783/,Excluded at automatic title triage,Term match refers primarily to a different task; can be revisited,Automatic title triage only
2022.emnlp-main.816,Improving Faithfulness by Augmenting Negative Summaries from Fake Documents,https://aclanthology.org/2022.emnlp-main.816/,Reserve - not individually abstract-screened,Not selected for bounded 7-page survey; not a quality rejection,Automatic title triage only
2022.naacl-main.19,GlobEnc: Quantifying Global Token Attribution by Incorporating the Whole Encoder Layer in Transformers,https://aclanthology.org/2022.naacl-main.19/,Reserve - not individually abstract-screened,Not selected for bounded 7-page survey; not a quality rejection,Automatic title triage only
2022.naacl-main.66,CoSIm: Commonsense Reasoning for Counterfactual Scene Imagination,https://aclanthology.org/2022.naacl-main.66/,Excluded at automatic title triage,Term match refers primarily to a different task; can be revisited,Automatic title triage only
2022.naacl-main.74,FactPEGASUS: Factuality-Aware Pre-training and Fine-tuning for Abstractive Summarization,https://aclanthology.org/2022.naacl-main.74/,Reserve - not individually abstract-screened,Not selected for bounded 7-page survey; not a quality rejection,Automatic title triage only
2022.naacl-main.102,AcTune: Uncertainty-Based Active Self-Training for Active Fine-Tuning of Pretrained Language Models,https://aclanthology.org/2022.naacl-main.102/,Reserve - not individually abstract-screened,Not selected for bounded 7-page survey; not a quality rejection,Automatic title triage only
2022.naacl-main.159,Locally Aggregated Feature Attribution on Natural Language Model Understanding,https://aclanthology.org/2022.naacl-main.159/,Excluded at automatic title triage,Term match refers primarily to a different task; can be revisited,Automatic title triage only
2022.naacl-main.187,QAFactEval: Improved QA-Based Factual Consistency Evaluation for Summarization,https://aclanthology.org/2022.naacl-main.187/,Included,Title/abstract screened; selected for mechanism and evaluation coverage,Title/abstract
2022.naacl-main.199,Falsesum: Generating Document-level NLI Examples for Recognizing Factual Inconsistency in Summarization,https://aclanthology.org/2022.naacl-main.199/,Reserve - not individually abstract-screened,Not selected for bounded 7-page survey; not a quality rejection,Automatic title triage only
2022.naacl-main.224,Should We Rely on Entity Mentions for Relation Extraction? Debiasing Relation Extraction with Counterfactual Analysis,https://aclanthology.org/2022.naacl-main.224/,Excluded at automatic title triage,Term match refers primarily to a different task; can be revisited,Automatic title triage only
2022.naacl-main.236,FactGraph: Evaluating Factuality in Summarization with Semantic Graph Representations,https://aclanthology.org/2022.naacl-main.236/,Reserve - not individually abstract-screened,Not selected for bounded 7-page survey; not a quality rejection,Automatic title triage only
2022.naacl-main.269,FRUIT: Faithfully Reflecting Updated Information in Text,https://aclanthology.org/2022.naacl-main.269/,Reserve - not individually abstract-screened,Not selected for bounded 7-page survey; not a quality rejection,Automatic title triage only
2022.naacl-main.287,TRUE: Re-evaluating Factual Consistency Evaluation,https://aclanthology.org/2022.naacl-main.287/,Included,Title/abstract screened; selected for mechanism and evaluation coverage,Title/abstract
2022.naacl-main.347,Counterfactually Augmented Data and Unintended Bias: The Case of Sexism and Hate Speech Detection,https://aclanthology.org/2022.naacl-main.347/,Excluded at automatic title triage,Term match refers primarily to a different task; can be revisited,Automatic title triage only
2022.naacl-main.387,On the Origin of Hallucinations in Conversational Models: Is it the Datasets or the Models?,https://aclanthology.org/2022.naacl-main.387/,Reserve - not individually abstract-screened,Not selected for bounded 7-page survey; not a quality rejection,Automatic title triage only
2022.naacl-main.404,Embedding Hallucination for Few-shot Language Fine-tuning,https://aclanthology.org/2022.naacl-main.404/,Reserve - not individually abstract-screened,Not selected for bounded 7-page survey; not a quality rejection,Automatic title triage only
2022.naacl-main.415,CONFIT: Toward Faithful Dialogue Summarization with Linguistically-Informed Contrastive Fine-tuning,https://aclanthology.org/2022.naacl-main.415/,Reserve - not individually abstract-screened,Not selected for bounded 7-page survey; not a quality rejection,Automatic title triage only
2022.naacl-main.417,Investigating Crowdsourcing Protocols for Evaluating the Factual Consistency of Summaries,https://aclanthology.org/2022.naacl-main.417/,Reserve - not individually abstract-screened,Not selected for bounded 7-page survey; not a quality rejection,Automatic title triage only
2022.naacl-srw.7,Retrieval-augmented Generation across Heterogeneous Knowledge,https://aclanthology.org/2022.naacl-srw.7/,Reserve - not individually abstract-screened,Not selected for bounded 7-page survey; not a quality rejection,Automatic title triage only
2022.findings-acl.55,Mitigating Gender Bias in Distilled Language Models via Counterfactual Role Reversal,https://aclanthology.org/2022.findings-acl.55/,Excluded at automatic title triage,Term match refers primarily to a different task; can be revisited,Automatic title triage only
2022.findings-acl.61,Read before Generate! Faithful Long Form Question Answering with Machine Reading,https://aclanthology.org/2022.findings-acl.61/,Reserve - not individually abstract-screened,Not selected for bounded 7-page survey; not a quality rejection,Automatic title triage only
2022.findings-acl.82,Answer Uncertainty and Unanswerability in Multiple-Choice Machine Reading Comprehension,https://aclanthology.org/2022.findings-acl.82/,Reserve - not individually abstract-screened,Not selected for bounded 7-page survey; not a quality rejection,Automatic title triage only
2022.findings-acl.85,Explaining Classes through Stable Word Attributions,https://aclanthology.org/2022.findings-acl.85/,Reserve - not individually abstract-screened,Not selected for bounded 7-page survey; not a quality rejection,Automatic title triage only
2022.findings-acl.121,"Efficient, Uncertainty-based Moderation of Neural Networks Text Classifiers",https://aclanthology.org/2022.findings-acl.121/,Reserve - not individually abstract-screened,Not selected for bounded 7-page survey; not a quality rejection,Automatic title triage only
2022.findings-acl.136,How Pre-trained Language Models Capture Factual Knowledge? A Causal-Inspired Analysis,https://aclanthology.org/2022.findings-acl.136/,Reserve - not individually abstract-screened,Not selected for bounded 7-page survey; not a quality rejection,Automatic title triage only
2022.findings-acl.153,Combining Feature and Instance Attribution to Detect Artifacts,https://aclanthology.org/2022.findings-acl.153/,Excluded at automatic title triage,Term match refers primarily to a different task; can be revisited,Automatic title triage only
2022.findings-acl.172,Revisiting Uncertainty-based Query Strategies for Active Learning with Transformers,https://aclanthology.org/2022.findings-acl.172/,Reserve - not individually abstract-screened,Not selected for bounded 7-page survey; not a quality rejection,Automatic title triage only
2022.findings-acl.223,uFACT: Unfaithful Alien-Corpora Training for Semantically Consistent Data-to-Text Generation,https://aclanthology.org/2022.findings-acl.223/,Reserve - not individually abstract-screened,Not selected for bounded 7-page survey; not a quality rejection,Automatic title triage only
2022.findings-acl.240,Factual Consistency of Multilingual Pretrained Language Models,https://aclanthology.org/2022.findings-acl.240/,Reserve - not individually abstract-screened,Not selected for bounded 7-page survey; not a quality rejection,Automatic title triage only
2022.findings-acl.294,Probing Factually Grounded Content Transfer with Factual Ablation,https://aclanthology.org/2022.findings-acl.294/,Reserve - not individually abstract-screened,Not selected for bounded 7-page survey; not a quality rejection,Automatic title triage only
2022.findings-acl.328,Towards Collaborative Neural-Symbolic Graph Semantic Parsing via Uncertainty,https://aclanthology.org/2022.findings-acl.328/,Reserve - not individually abstract-screened,Not selected for bounded 7-page survey; not a quality rejection,Automatic title triage only
2022.findings-naacl.40,Improving the Faithfulness of Abstractive Summarization via Entity Coverage Control,https://aclanthology.org/2022.findings-naacl.40/,Reserve - not individually abstract-screened,Not selected for bounded 7-page survey; not a quality rejection,Automatic title triage only
2022.findings-naacl.76,Masked Summarization to Generate Factually Inconsistent Summaries for Improved Factual Consistency Checking,https://aclanthology.org/2022.findings-naacl.76/,Reserve - not individually abstract-screened,Not selected for bounded 7-page survey; not a quality rejection,Automatic title triage only
2022.findings-naacl.78,”Diversity and Uncertainty in Moderation” are the Key to Data Selection for Multilingual Few-shot Transfer,https://aclanthology.org/2022.findings-naacl.78/,Reserve - not individually abstract-screened,Not selected for bounded 7-page survey; not a quality rejection,Automatic title triage only
2022.findings-naacl.92,Retrieval-Augmented Multilingual Keyphrase Generation with Retriever-Generator Iterative Training,https://aclanthology.org/2022.findings-naacl.92/,Reserve - not individually abstract-screened,Not selected for bounded 7-page survey; not a quality rejection,Automatic title triage only
2022.findings-naacl.153,Uncertainty-Aware Cross-Lingual Transfer with Pseudo Partial Labels,https://aclanthology.org/2022.findings-naacl.153/,Reserve - not individually abstract-screened,Not selected for bounded 7-page survey; not a quality rejection,Automatic title triage only
2022.findings-naacl.179,Continual Machine Reading Comprehension via Uncertainty-aware Fixed Memory and Adversarial Domain Adaptation,https://aclanthology.org/2022.findings-naacl.179/,Reserve - not individually abstract-screened,Not selected for bounded 7-page survey; not a quality rejection,Automatic title triage only
2022.findings-naacl.180,Jointly Learning Guidance Induction and Faithful Summary Generation via Conditional Variational Autoencoders,https://aclanthology.org/2022.findings-naacl.180/,Reserve - not individually abstract-screened,Not selected for bounded 7-page survey; not a quality rejection,Automatic title triage only
2022.findings-emnlp.48,Diving Deep into Modes of Fact Hallucinations in Dialogue Systems,https://aclanthology.org/2022.findings-emnlp.48/,Reserve - not individually abstract-screened,Not selected for bounded 7-page survey; not a quality rejection,Automatic title triage only
2022.findings-emnlp.76,Faithful to the Document or to the World? Mitigating Hallucinations via Entity-Linked Knowledge in Abstractive Summarization,https://aclanthology.org/2022.findings-emnlp.76/,Reserve - not individually abstract-screened,Not selected for bounded 7-page survey; not a quality rejection,Automatic title triage only
2022.findings-emnlp.98,Controllable Factuality in Document-Grounded Dialog Systems Using a Noisy Channel Model,https://aclanthology.org/2022.findings-emnlp.98/,Reserve - not individually abstract-screened,Not selected for bounded 7-page survey; not a quality rejection,Automatic title triage only
2022.findings-emnlp.100,Beyond Model Interpretability: On the Faithfulness and Adversarial Robustness of Contrastive Textual Explanations,https://aclanthology.org/2022.findings-emnlp.100/,Reserve - not individually abstract-screened,Not selected for bounded 7-page survey; not a quality rejection,Automatic title triage only
2022.findings-emnlp.125,Evaluating the Faithfulness of Importance Measures in NLP by Recursively Masking Allegedly Important Tokens and Retraining,https://aclanthology.org/2022.findings-emnlp.125/,Reserve - not individually abstract-screened,Not selected for bounded 7-page survey; not a quality rejection,Automatic title triage only
2022.findings-emnlp.170,AutoCAD: Automatically Generate Counterfactuals for Mitigating Shortcut Learning,https://aclanthology.org/2022.findings-emnlp.170/,Excluded at automatic title triage,Term match refers primarily to a different task; can be revisited,Automatic title triage only
2022.findings-emnlp.198,Exploring Predictive Uncertainty and Calibration in NLP: A Study on the Impact of Method & Data Scarcity,https://aclanthology.org/2022.findings-emnlp.198/,Reserve - not individually abstract-screened,Not selected for bounded 7-page survey; not a quality rejection,Automatic title triage only
2022.findings-emnlp.216,CORE: A Retrieve-then-Edit Framework for Counterfactual Data Generation,https://aclanthology.org/2022.findings-emnlp.216/,Excluded at automatic title triage,Term match refers primarily to a different task; can be revisited,Automatic title triage only
2022.findings-emnlp.267,FRSUM: Towards Faithful Abstractive Summarization via Enhancing Factual Robustness,https://aclanthology.org/2022.findings-emnlp.267/,Reserve - not individually abstract-screened,Not selected for bounded 7-page survey; not a quality rejection,Automatic title triage only
2022.findings-emnlp.296,Learning to Revise References for Faithful Summarization,https://aclanthology.org/2022.findings-emnlp.296/,Reserve - not individually abstract-screened,Not selected for bounded 7-page survey; not a quality rejection,Automatic title triage only
2022.findings-emnlp.319,Improving the Factual Correctness of Radiology Report Generation with Semantic Rewards,https://aclanthology.org/2022.findings-emnlp.319/,Excluded at automatic title triage,Multimodal or non-text-generation focus outside selected scope,Automatic title triage only
2022.findings-emnlp.371,NeuroCounterfactuals: Beyond Minimal-Edit Counterfactuals for Richer Data Augmentation,https://aclanthology.org/2022.findings-emnlp.371/,Excluded at automatic title triage,Term match refers primarily to a different task; can be revisited,Automatic title triage only
2022.findings-emnlp.384,XRICL: Cross-lingual Retrieval-Augmented In-Context Learning for Cross-lingual Text-to-SQL Semantic Parsing,https://aclanthology.org/2022.findings-emnlp.384/,Reserve - not individually abstract-screened,Not selected for bounded 7-page survey; not a quality rejection,Automatic title triage only
2022.findings-emnlp.438,Calibrating Factual Knowledge in Pretrained Language Models,https://aclanthology.org/2022.findings-emnlp.438/,Reserve - not individually abstract-screened,Not selected for bounded 7-page survey; not a quality rejection,Automatic title triage only
2022.findings-emnlp.505,PaCo: Preconditions Attributed to Commonsense Knowledge,https://aclanthology.org/2022.findings-emnlp.505/,Reserve - not individually abstract-screened,Not selected for bounded 7-page survey; not a quality rejection,Automatic title triage only
2022.findings-emnlp.538,Uncertainty Quantification with Pre-trained Language Models: A Large-Scale Empirical Analysis,https://aclanthology.org/2022.findings-emnlp.538/,Reserve - not individually abstract-screened,Not selected for bounded 7-page survey; not a quality rejection,Automatic title triage only
2022.findings-emnlp.547,Grounded Keys-to-Text Generation: Towards Factual Open-Ended Generation,https://aclanthology.org/2022.findings-emnlp.547/,Reserve - not individually abstract-screened,Not selected for bounded 7-page survey; not a quality rejection,Automatic title triage only
2022.tacl-1.39,Uncertainty Estimation and Reduction of Pre-trained Models for Text Regression,https://aclanthology.org/2022.tacl-1.39/,Reserve - not individually abstract-screened,Not selected for bounded 7-page survey; not a quality rejection,Automatic title triage only
2022.tacl-1.62,Evaluating Attribution in Dialogue Systems: The BEGIN Benchmark,https://aclanthology.org/2022.tacl-1.62/,Included,Title/abstract screened; selected for mechanism and evaluation coverage,Title/abstract
2022.tacl-1.84,FaithDial: A Faithful Benchmark for Information-Seeking Dialogue,https://aclanthology.org/2022.tacl-1.84/,Included,Title/abstract screened; selected for mechanism and evaluation coverage,Title/abstract
2023.acl-long.3,"Detecting and Mitigating Hallucinations in Machine Translation: Model Internal Workings Alone Do Well, Sentence Similarity Even Better",https://aclanthology.org/2023.acl-long.3/,Reserve - not individually abstract-screened,Not selected for bounded 7-page survey; not a quality rejection,Automatic title triage only
2023.acl-long.18,WeCheck: Strong Factual Consistency Checker via Weakly Supervised Learning,https://aclanthology.org/2023.acl-long.18/,Included,Title/abstract screened; selected for mechanism and evaluation coverage,Title/abstract
2023.acl-long.37,Causal Intervention and Counterfactual Reasoning for Multi-modal Fake News Detection,https://aclanthology.org/2023.acl-long.37/,Excluded at automatic title triage,Term match refers primarily to a different task; can be revisited,Automatic title triage only
2023.acl-long.47,Test-time Adaptation for Machine Translation Evaluation by Uncertainty Minimization,https://aclanthology.org/2023.acl-long.47/,Reserve - not individually abstract-screened,Not selected for bounded 7-page survey; not a quality rejection,Automatic title triage only
2023.acl-long.55,Post-Abstention: Towards Reliably Re-Attempting the Abstained Instances in QA,https://aclanthology.org/2023.acl-long.55/,Excluded at automatic title triage,Term match refers primarily to a different task; can be revisited,Automatic title triage only
2023.acl-long.120,Extractive is not Faithful: An Investigation of Broad Unfaithfulness Problems in Extractive Summarization,https://aclanthology.org/2023.acl-long.120/,Reserve - not individually abstract-screened,Not selected for bounded 7-page survey; not a quality rejection,Automatic title triage only
2023.acl-long.141,Cold-Start Data Selection for Better Few-shot Language Model Fine-tuning: A Prompt-based Uncertainty Propagation Approach,https://aclanthology.org/2023.acl-long.141/,Reserve - not individually abstract-screened,Not selected for bounded 7-page survey; not a quality rejection,Automatic title triage only
2023.acl-long.160,Faithful Low-Resource Data-to-Text Generation through Cycle Training,https://aclanthology.org/2023.acl-long.160/,Reserve - not individually abstract-screened,Not selected for bounded 7-page survey; not a quality rejection,Automatic title triage only
2023.acl-long.218,Faithful Question Answering with Monte-Carlo Planning,https://aclanthology.org/2023.acl-long.218/,Reserve - not individually abstract-screened,Not selected for bounded 7-page survey; not a quality rejection,Automatic title triage only
2023.acl-long.231,Counterfactual Multihop QA: A Cause-Effect Approach for Reducing Disconnected Reasoning,https://aclanthology.org/2023.acl-long.231/,Excluded at automatic title triage,Term match refers primarily to a different task; can be revisited,Automatic title triage only
2023.acl-long.250,Towards Faithful Dialogues via Focus Learning,https://aclanthology.org/2023.acl-long.250/,Reserve - not individually abstract-screened,Not selected for bounded 7-page survey; not a quality rejection,Automatic title triage only
2023.acl-long.261,Incorporating Attribution Importance for Improving Faithfulness Metrics,https://aclanthology.org/2023.acl-long.261/,Reserve - not individually abstract-screened,Not selected for bounded 7-page survey; not a quality rejection,Automatic title triage only
2023.acl-long.302,DISCO: Distilling Counterfactuals with Large Language Models,https://aclanthology.org/2023.acl-long.302/,Excluded at automatic title triage,Term match refers primarily to a different task; can be revisited,Automatic title triage only
2023.acl-long.311,Zero-shot Faithful Factual Error Correction,https://aclanthology.org/2023.acl-long.311/,Reserve - not individually abstract-screened,Not selected for bounded 7-page survey; not a quality rejection,Automatic title triage only
2023.acl-long.329,Scene Graph as Pivoting: Inference-time Image-free Unsupervised Multimodal Machine Translation with Visual Scene Hallucination,https://aclanthology.org/2023.acl-long.329/,Excluded at automatic title triage,Multimodal or non-text-generation focus outside selected scope,Automatic title triage only
2023.acl-long.344,Factually Consistent Summarization via Reinforcement Learning with Textual Entailment Feedback,https://aclanthology.org/2023.acl-long.344/,Reserve - not individually abstract-screened,Not selected for bounded 7-page survey; not a quality rejection,Automatic title triage only
2023.acl-long.374,Counterfactual Debiasing for Fact Verification,https://aclanthology.org/2023.acl-long.374/,Excluded at automatic title triage,Term match refers primarily to a different task; can be revisited,Automatic title triage only
2023.acl-long.377,Annotating and Detecting Fine-grained Factual Errors for Dialogue Summarization,https://aclanthology.org/2023.acl-long.377/,Reserve - not individually abstract-screened,Not selected for bounded 7-page survey; not a quality rejection,Automatic title triage only
2023.acl-long.428,WebIE: Faithful and Robust Information Extraction on the Web,https://aclanthology.org/2023.acl-long.428/,Reserve - not individually abstract-screened,Not selected for bounded 7-page survey; not a quality rejection,Automatic title triage only
2023.acl-long.463,Factual or Contextual? Disentangling Error Types in Entity Description Generation,https://aclanthology.org/2023.acl-long.463/,Reserve - not individually abstract-screened,Not selected for bounded 7-page survey; not a quality rejection,Automatic title triage only
2023.acl-long.466,ArgU: A Controllable Factual Argument Generator,https://aclanthology.org/2023.acl-long.466/,Reserve - not individually abstract-screened,Not selected for bounded 7-page survey; not a quality rejection,Automatic title triage only
2023.acl-long.471,AD-KD: Attribution-Driven Knowledge Distillation for Language Model Compression,https://aclanthology.org/2023.acl-long.471/,Reserve - not individually abstract-screened,Not selected for bounded 7-page survey; not a quality rejection,Automatic title triage only
2023.acl-long.559,DisentQA: Disentangling Parametric and Contextual Knowledge with Counterfactual Question Answering,https://aclanthology.org/2023.acl-long.559/,Excluded at automatic title triage,Term match refers primarily to a different task; can be revisited,Automatic title triage only
2023.acl-long.634,AlignScore: Evaluating Factual Consistency with A Unified Alignment Function,https://aclanthology.org/2023.acl-long.634/,Included,Title/abstract screened; selected for mechanism and evaluation coverage,Title/abstract
2023.acl-long.636,Counterfactual Active Learning for Out-of-Distribution Generalization,https://aclanthology.org/2023.acl-long.636/,Excluded at automatic title triage,Term match refers primarily to a different task; can be revisited,Automatic title triage only
2023.acl-long.643,Contrastive Error Attribution for Finetuned Language Models,https://aclanthology.org/2023.acl-long.643/,Reserve - not individually abstract-screened,Not selected for bounded 7-page survey; not a quality rejection,Automatic title triage only
2023.acl-long.650,"Understanding Factual Errors in Summarization: Errors, Summarizers, Datasets, Error Detectors",https://aclanthology.org/2023.acl-long.650/,Included,Title/abstract screened; selected for mechanism and evaluation coverage,Title/abstract
2023.acl-long.652,Hybrid Uncertainty Quantification for Selective Text Classification in Ambiguous Tasks,https://aclanthology.org/2023.acl-long.652/,Reserve - not individually abstract-screened,Not selected for bounded 7-page survey; not a quality rejection,Automatic title triage only
2023.acl-long.716,BUMP: A Benchmark of Unfaithful Minimal Pairs for Meta-Evaluation of Faithfulness Metrics,https://aclanthology.org/2023.acl-long.716/,Included,Title/abstract screened; selected for mechanism and evaluation coverage,Title/abstract
2023.acl-long.765,Holistic Prediction on a Time-Evolving Attributed Graph,https://aclanthology.org/2023.acl-long.765/,Excluded at automatic title triage,Term match refers primarily to a different task; can be revisited,Automatic title triage only
2023.acl-long.770,Optimal Transport for Unsupervised Hallucination Detection in Neural Machine Translation,https://aclanthology.org/2023.acl-long.770/,Reserve - not individually abstract-screened,Not selected for bounded 7-page survey; not a quality rejection,Automatic title triage only
2023.acl-long.779,Reference Matters: Benchmarking Factual Error Correction for Dialogue Summarization with Fine-grained Evaluation Framework,https://aclanthology.org/2023.acl-long.779/,Reserve - not individually abstract-screened,Not selected for bounded 7-page survey; not a quality rejection,Automatic title triage only
2023.acl-long.834,Using counterfactual contrast to improve compositional generalization for multi-step quantitative reasoning,https://aclanthology.org/2023.acl-long.834/,Excluded at automatic title triage,Term match refers primarily to a different task; can be revisited,Automatic title triage only
2023.acl-long.842,CREST: A Joint Framework for Rationalization and Counterfactual Text Generation,https://aclanthology.org/2023.acl-long.842/,Excluded at automatic title triage,Term match refers primarily to a different task; can be revisited,Automatic title triage only
2023.acl-long.844,On Improving Summarization Factual Consistency from Natural Language Feedback,https://aclanthology.org/2023.acl-long.844/,Reserve - not individually abstract-screened,Not selected for bounded 7-page survey; not a quality rejection,Automatic title triage only
2023.acl-long.873,Estimating the Uncertainty in Emotion Attributes using Deep Evidential Regression,https://aclanthology.org/2023.acl-long.873/,Reserve - not individually abstract-screened,Not selected for bounded 7-page survey; not a quality rejection,Automatic title triage only
2023.acl-long.889,Uncertainty Guided Label Denoising for Document-level Distant Relation Extraction,https://aclanthology.org/2023.acl-long.889/,Reserve - not individually abstract-screened,Not selected for bounded 7-page survey; not a quality rejection,Automatic title triage only
2023.acl-short.25,Faithfulness Tests for Natural Language Explanations,https://aclanthology.org/2023.acl-short.25/,Reserve - not individually abstract-screened,Not selected for bounded 7-page survey; not a quality rejection,Automatic title triage only
2023.acl-short.45,Surface-Based Retrieval Reduces Perplexity of Retrieval-Augmented Language Models,https://aclanthology.org/2023.acl-short.45/,Reserve - not individually abstract-screened,Not selected for bounded 7-page survey; not a quality rejection,Automatic title triage only
2023.acl-short.64,Improving Automatic Quotation Attribution in Literary Novels,https://aclanthology.org/2023.acl-short.64/,Reserve - not individually abstract-screened,Not selected for bounded 7-page survey; not a quality rejection,Automatic title triage only
2023.acl-short.70,Counterfactual reasoning: Testing language models’ understanding of hypothetical scenarios,https://aclanthology.org/2023.acl-short.70/,Excluded at automatic title triage,Term match refers primarily to a different task; can be revisited,Automatic title triage only
2023.acl-short.78,Improving Factuality of Abstractive Summarization without Sacrificing Summary Quality,https://aclanthology.org/2023.acl-short.78/,Reserve - not individually abstract-screened,Not selected for bounded 7-page survey; not a quality rejection,Automatic title triage only
2023.acl-short.79,"With a Little Push, NLI Models can Robustly and Efficiently Predict Faithfulness",https://aclanthology.org/2023.acl-short.79/,Reserve - not individually abstract-screened,Not selected for bounded 7-page survey; not a quality rejection,Automatic title triage only
2023.acl-short.83,Enhancing Event Causality Identification with Counterfactual Reasoning,https://aclanthology.org/2023.acl-short.83/,Excluded at automatic title triage,Term match refers primarily to a different task; can be revisited,Automatic title triage only
2023.acl-short.97,ReAugKD: Retrieval-Augmented Knowledge Distillation For Pre-trained Language Models,https://aclanthology.org/2023.acl-short.97/,Reserve - not individually abstract-screened,Not selected for bounded 7-page survey; not a quality rejection,Automatic title triage only
2023.acl-short.116,Uncertainty-Aware Bootstrap Learning for Joint Extraction on Distantly-Supervised Data,https://aclanthology.org/2023.acl-short.116/,Reserve - not individually abstract-screened,Not selected for bounded 7-page survey; not a quality rejection,Automatic title triage only
2023.acl-short.133,LI-RAGE: Late Interaction Retrieval Augmented Generation with Explicit Signals for Open-Domain Table Question Answering,https://aclanthology.org/2023.acl-short.133/,Reserve - not individually abstract-screened,Not selected for bounded 7-page survey; not a quality rejection,Automatic title triage only
2023.acl-short.148,Towards Fewer Hallucinations in Knowledge-Grounded Dialogue Generation via Augmentative and Contrastive Knowledge-Dialogue,https://aclanthology.org/2023.acl-short.148/,Reserve - not individually abstract-screened,Not selected for bounded 7-page survey; not a quality rejection,Automatic title triage only
2023.acl-demo.44,Which Spurious Correlations Impact Reasoning in NLI Models? A Visual Interactive Diagnosis through Data-Constrained Counterfactuals,https://aclanthology.org/2023.acl-demo.44/,Excluded at automatic title triage,Term match refers primarily to a different task; can be revisited,Automatic title triage only
2023.acl-srw.44,Authorship Attribution of Late 19th Century Novels using GAN-BERT,https://aclanthology.org/2023.acl-srw.44/,Excluded at automatic title triage,Term match refers primarily to a different task; can be revisited,Automatic title triage only
2023.emnlp-main.10,Evaluating and Modeling Attribution for Cross-Lingual Question Answering,https://aclanthology.org/2023.emnlp-main.10/,Reserve - not individually abstract-screened,Not selected for bounded 7-page survey; not a quality rejection,Automatic title triage only
2023.emnlp-main.20,Evaluating Object Hallucination in Large Vision-Language Models,https://aclanthology.org/2023.emnlp-main.20/,Excluded at automatic title triage,Multimodal or non-text-generation focus outside selected scope,Automatic title triage only
2023.emnlp-main.42,HalOmi: A Manually Annotated Benchmark for Multilingual Hallucination and Omission Detection in Machine Translation,https://aclanthology.org/2023.emnlp-main.42/,Reserve - not individually abstract-screened,Not selected for bounded 7-page survey; not a quality rejection,Automatic title triage only
2023.emnlp-main.54,Fidelity-Enriched Contrastive Search: Reconciling the Faithfulness-Diversity Trade-Off in Text Generation,https://aclanthology.org/2023.emnlp-main.54/,Reserve - not individually abstract-screened,Not selected for bounded 7-page survey; not a quality rejection,Automatic title triage only
2023.emnlp-main.58,Enhancing Uncertainty-Based Hallucination Detection with Stronger Focus,https://aclanthology.org/2023.emnlp-main.58/,Included,Title/abstract screened; selected for mechanism and evaluation coverage,Title/abstract
2023.emnlp-main.59,FactKB: Generalizable Factuality Evaluation using Language Models Enhanced with Factual Knowledge,https://aclanthology.org/2023.emnlp-main.59/,Included,Title/abstract screened; selected for mechanism and evaluation coverage,Title/abstract
2023.emnlp-main.63,Tree of Clarifications: Answering Ambiguous Questions with Retrieval-Augmented Large Language Models,https://aclanthology.org/2023.emnlp-main.63/,Reserve - not individually abstract-screened,Not selected for bounded 7-page survey; not a quality rejection,Automatic title triage only
2023.emnlp-main.92,CoAnnotating: Uncertainty-Guided Work Allocation between Human and Large Language Models for Data Annotation,https://aclanthology.org/2023.emnlp-main.92/,Reserve - not individually abstract-screened,Not selected for bounded 7-page survey; not a quality rejection,Automatic title triage only
2023.emnlp-main.93,Optimizing Retrieval-augmented Reader Models via Token Elimination,https://aclanthology.org/2023.emnlp-main.93/,Reserve - not individually abstract-screened,Not selected for bounded 7-page survey; not a quality rejection,Automatic title triage only
2023.emnlp-main.104,Diversify Question Generation with Retrieval-Augmented Style Transfer,https://aclanthology.org/2023.emnlp-main.104/,Reserve - not individually abstract-screened,Not selected for bounded 7-page survey; not a quality rejection,Automatic title triage only
2023.emnlp-main.105,Fast and Accurate Factual Inconsistency Detection Over Long Documents,https://aclanthology.org/2023.emnlp-main.105/,Reserve - not individually abstract-screened,Not selected for bounded 7-page survey; not a quality rejection,Automatic title triage only
2023.emnlp-main.127,TrueTeacher: Learning Factual Consistency Evaluation with Large Language Models,https://aclanthology.org/2023.emnlp-main.127/,Included,Title/abstract screened; selected for mechanism and evaluation coverage,Title/abstract
2023.emnlp-main.143,Does the Correctness of Factual Knowledge Matter for Factual Knowledge-Enhanced Pre-trained Language Models?,https://aclanthology.org/2023.emnlp-main.143/,Reserve - not individually abstract-screened,Not selected for bounded 7-page survey; not a quality rejection,Automatic title triage only
2023.emnlp-main.155,"The Troubling Emergence of Hallucination in Large Language Models - An Extensive Definition, Quantification, and Prescriptive Remediations",https://aclanthology.org/2023.emnlp-main.155/,Reserve - not individually abstract-screened,Not selected for bounded 7-page survey; not a quality rejection,Automatic title triage only
2023.emnlp-main.172,Critic-Driven Decoding for Mitigating Hallucinations in Data-to-text Generation,https://aclanthology.org/2023.emnlp-main.172/,Reserve - not individually abstract-screened,Not selected for bounded 7-page survey; not a quality rejection,Automatic title triage only
2023.emnlp-main.192,"Why LLMs Hallucinate, and How to Get (Evidential) Closure: Perceptual, Intensional, and Extensional Learning for Faithful Natural Language Generation",https://aclanthology.org/2023.emnlp-main.192/,Reserve - not individually abstract-screened,Not selected for bounded 7-page survey; not a quality rejection,Automatic title triage only
2023.emnlp-main.220,The Curious Case of Hallucinatory (Un)answerability: Finding Truths in the Hidden States of Over-Confident Large Language Models,https://aclanthology.org/2023.emnlp-main.220/,Reserve - not individually abstract-screened,Not selected for bounded 7-page survey; not a quality rejection,Automatic title triage only
2023.emnlp-main.226,Language Representation Projection: Can We Transfer Factual Knowledge across Languages in Multilingual Language Models?,https://aclanthology.org/2023.emnlp-main.226/,Reserve - not individually abstract-screened,Not selected for bounded 7-page survey; not a quality rejection,Automatic title triage only
2023.emnlp-main.262,Uncertainty Guided Global Memory Improves Multi-Hop Question Answering,https://aclanthology.org/2023.emnlp-main.262/,Reserve - not individually abstract-screened,Not selected for bounded 7-page survey; not a quality rejection,Automatic title triage only
2023.emnlp-main.291,Cognitive Dissonance: Why Do Language Model Outputs Disagree with Internal Representations of Truthfulness?,https://aclanthology.org/2023.emnlp-main.291/,Reserve - not individually abstract-screened,Not selected for bounded 7-page survey; not a quality rejection,Automatic title triage only
2023.emnlp-main.295,Post-hoc Utterance Refining Method by Entity Mining for Faithful Knowledge Grounded Conversations,https://aclanthology.org/2023.emnlp-main.295/,Reserve - not individually abstract-screened,Not selected for bounded 7-page survey; not a quality rejection,Automatic title triage only
2023.emnlp-main.296,Can We Edit Factual Knowledge by In-Context Learning?,https://aclanthology.org/2023.emnlp-main.296/,Reserve - not individually abstract-screened,Not selected for bounded 7-page survey; not a quality rejection,Automatic title triage only
2023.emnlp-main.322,Query Rewriting in Retrieval-Augmented Large Language Models,https://aclanthology.org/2023.emnlp-main.322/,Reserve - not individually abstract-screened,Not selected for bounded 7-page survey; not a quality rejection,Automatic title triage only
2023.emnlp-main.332,"The Effect of Scaling, Retrieval Augmentation and Form on the Factual Consistency of Language Models",https://aclanthology.org/2023.emnlp-main.332/,Reserve - not individually abstract-screened,Not selected for bounded 7-page survey; not a quality rejection,Automatic title triage only
2023.emnlp-main.335,Navigating the Grey Area: How Expressions of Uncertainty and Overconfidence Affect Language Models,https://aclanthology.org/2023.emnlp-main.335/,Reserve - not individually abstract-screened,Not selected for bounded 7-page survey; not a quality rejection,Automatic title triage only
2023.emnlp-main.339,A Diachronic Perspective on User Trust in AI under Uncertainty,https://aclanthology.org/2023.emnlp-main.339/,Reserve - not individually abstract-screened,Not selected for bounded 7-page survey; not a quality rejection,Automatic title triage only
2023.emnlp-main.344,Generating Commonsense Counterfactuals for Stable Relation Extraction,https://aclanthology.org/2023.emnlp-main.344/,Excluded at automatic title triage,Term match refers primarily to a different task; can be revisited,Automatic title triage only
2023.emnlp-main.353,"Fine-tuned LLMs Know More, Hallucinate Less with Few-Shot Sequence-to-Sequence Semantic Parsing over Wikidata",https://aclanthology.org/2023.emnlp-main.353/,Reserve - not individually abstract-screened,Not selected for bounded 7-page survey; not a quality rejection,Automatic title triage only
2023.emnlp-main.379,Dynamic Top-k Estimation Consolidates Disagreement between Feature Attribution Methods,https://aclanthology.org/2023.emnlp-main.379/,Excluded at automatic title triage,Term match refers primarily to a different task; can be revisited,Automatic title triage only
2023.emnlp-main.390,Beyond Factuality: A Comprehensive Evaluation of Large Language Models as Knowledge Generators,https://aclanthology.org/2023.emnlp-main.390/,Reserve - not individually abstract-screened,Not selected for bounded 7-page survey; not a quality rejection,Automatic title triage only
2023.emnlp-main.395,"Towards Reliable Misinformation Mitigation: Generalization, Uncertainty, and GPT-4",https://aclanthology.org/2023.emnlp-main.395/,Reserve - not individually abstract-screened,Not selected for bounded 7-page survey; not a quality rejection,Automatic title triage only
2023.emnlp-main.397,HaluEval: A Large-Scale Hallucination Evaluation Benchmark for Large Language Models,https://aclanthology.org/2023.emnlp-main.397/,Included,Title/abstract screened; selected for mechanism and evaluation coverage,Title/abstract
2023.emnlp-main.402,Adapt in Contexts: Retrieval-Augmented Domain Adaptation via In-Context Learning,https://aclanthology.org/2023.emnlp-main.402/,Reserve - not individually abstract-screened,Not selected for bounded 7-page survey; not a quality rejection,Automatic title triage only
2023.emnlp-main.464,Faithful Model Evaluation for Model-Based Metrics,https://aclanthology.org/2023.emnlp-main.464/,Reserve - not individually abstract-screened,Not selected for bounded 7-page survey; not a quality rejection,Automatic title triage only
2023.emnlp-main.485,SCENE: Self-Labeled Counterfactuals for Extrapolating to Negative Examples,https://aclanthology.org/2023.emnlp-main.485/,Excluded at automatic title triage,Term match refers primarily to a different task; can be revisited,Automatic title triage only
2023.emnlp-main.495,Active Retrieval Augmented Generation,https://aclanthology.org/2023.emnlp-main.495/,Included,Title/abstract screened; selected for mechanism and evaluation coverage,Title/abstract
2023.emnlp-main.515,IfQA: A Dataset for Open-domain Question Answering under Counterfactual Presuppositions,https://aclanthology.org/2023.emnlp-main.515/,Excluded at automatic title triage,Term match refers primarily to a different task; can be revisited,Automatic title triage only
2023.emnlp-main.524,IDTraffickers: An Authorship Attribution Dataset to link and connect Potential Human-Trafficking Operations on Text Escort Advertisements,https://aclanthology.org/2023.emnlp-main.524/,Excluded at automatic title triage,Term match refers primarily to a different task; can be revisited,Automatic title triage only
2023.emnlp-main.551,Detecting and Mitigating Hallucinations in Multilingual Summarisation,https://aclanthology.org/2023.emnlp-main.551/,Reserve - not individually abstract-screened,Not selected for bounded 7-page survey; not a quality rejection,Automatic title triage only
2023.emnlp-main.557,SelfCheckGPT: Zero-Resource Black-Box Hallucination Detection for Generative Large Language Models,https://aclanthology.org/2023.emnlp-main.557/,Included,Title/abstract screened; selected for mechanism and evaluation coverage,Title/abstract
2023.emnlp-main.600,SummEdits: Measuring LLM Ability at Factual Reasoning Through The Lens of Summarization,https://aclanthology.org/2023.emnlp-main.600/,Reserve - not individually abstract-screened,Not selected for bounded 7-page survey; not a quality rejection,Automatic title triage only
2023.emnlp-main.615,Characterizing Mechanisms for Factual Recall in Language Models,https://aclanthology.org/2023.emnlp-main.615/,Reserve - not individually abstract-screened,Not selected for bounded 7-page survey; not a quality rejection,Automatic title triage only
2023.emnlp-main.639,Pointwise Mutual Information Based Metric and Decoding Strategy for Faithful Generation in Document Grounded Dialogs,https://aclanthology.org/2023.emnlp-main.639/,Reserve - not individually abstract-screened,Not selected for bounded 7-page survey; not a quality rejection,Automatic title triage only
2023.emnlp-main.649,People Make Better Edits: Measuring the Efficacy of LLM-Generated Counterfactually Augmented Data for Harmful Language Detection,https://aclanthology.org/2023.emnlp-main.649/,Excluded at automatic title triage,Term match refers primarily to a different task; can be revisited,Automatic title triage only
2023.emnlp-main.658,Cross-Lingual Consistency of Factual Knowledge in Multilingual Language Models,https://aclanthology.org/2023.emnlp-main.658/,Reserve - not individually abstract-screened,Not selected for bounded 7-page survey; not a quality rejection,Automatic title triage only
2023.emnlp-main.673,FaMeSumm: Investigating and Improving Faithfulness of Medical Summarization,https://aclanthology.org/2023.emnlp-main.673/,Reserve - not individually abstract-screened,Not selected for bounded 7-page survey; not a quality rejection,Automatic title triage only
2023.emnlp-main.679,Zero-shot Faithfulness Evaluation for Text Summarization with Foundation Language Model,https://aclanthology.org/2023.emnlp-main.679/,Reserve - not individually abstract-screened,Not selected for bounded 7-page survey; not a quality rejection,Automatic title triage only
2023.emnlp-main.719,ACQUIRED: A Dataset for Answering Counterfactual Questions In Real-Life Videos,https://aclanthology.org/2023.emnlp-main.719/,Excluded at automatic title triage,Term match refers primarily to a different task; can be revisited,Automatic title triage only
2023.emnlp-main.723,Models See Hallucinations: Evaluating the Factuality in Video Captioning,https://aclanthology.org/2023.emnlp-main.723/,Excluded at automatic title triage,Multimodal or non-text-generation focus outside selected scope,Automatic title triage only
2023.emnlp-main.741,FActScore: Fine-grained Atomic Evaluation of Factual Precision in Long Form Text Generation,https://aclanthology.org/2023.emnlp-main.741/,Included,Title/abstract screened; selected for mechanism and evaluation coverage,Title/abstract
2023.emnlp-main.751,Dissecting Recall of Factual Associations in Auto-Regressive Language Models,https://aclanthology.org/2023.emnlp-main.751/,Reserve - not individually abstract-screened,Not selected for bounded 7-page survey; not a quality rejection,Automatic title triage only
2023.emnlp-main.770,Hallucination Mitigation in Natural Language Generation from Large-Scale Open-Domain Knowledge Graphs,https://aclanthology.org/2023.emnlp-main.770/,Reserve - not individually abstract-screened,Not selected for bounded 7-page survey; not a quality rejection,Automatic title triage only
2023.emnlp-main.778,LM vs LM: Detecting Factual Errors via Cross Examination,https://aclanthology.org/2023.emnlp-main.778/,Included,Title/abstract screened; selected for mechanism and evaluation coverage,Title/abstract
2023.emnlp-main.819,COFFEE: Counterfactual Fairness for Personalized Text Generation in Explainable Recommendation,https://aclanthology.org/2023.emnlp-main.819/,Excluded at automatic title triage,Term match refers primarily to a different task; can be revisited,Automatic title triage only
2023.emnlp-main.826,"EXPLAIN, EDIT, GENERATE: Rationale-Sensitive Counterfactual Data Augmentation for Multi-hop Fact Verification",https://aclanthology.org/2023.emnlp-main.826/,Excluded at automatic title triage,Term match refers primarily to a different task; can be revisited,Automatic title triage only
2023.emnlp-main.867,KCTS: Knowledge-Constrained Tree Search Decoding with Token-Level Hallucination Detection,https://aclanthology.org/2023.emnlp-main.867/,Reserve - not individually abstract-screened,Not selected for bounded 7-page survey; not a quality rejection,Automatic title triage only
2023.emnlp-main.868,CRUSH4SQL: Collective Retrieval Using Schema Hallucination For Text2SQL,https://aclanthology.org/2023.emnlp-main.868/,Reserve - not individually abstract-screened,Not selected for bounded 7-page survey; not a quality rejection,Automatic title triage only
2023.emnlp-main.872,Addressing NER Annotation Noises with Uncertainty-Guided Tree-Structured CRFs,https://aclanthology.org/2023.emnlp-main.872/,Reserve - not individually abstract-screened,Not selected for bounded 7-page survey; not a quality rejection,Automatic title triage only
2023.emnlp-main.887,What Comes Next? Evaluating Uncertainty in Neural Text Generators Against Human Production Variability,https://aclanthology.org/2023.emnlp-main.887/,Reserve - not individually abstract-screened,Not selected for bounded 7-page survey; not a quality rejection,Automatic title triage only
2023.emnlp-main.949,Hallucination Detection for Generative Large Language Models by Bayesian Sequential Estimation,https://aclanthology.org/2023.emnlp-main.949/,Reserve - not individually abstract-screened,Not selected for bounded 7-page survey; not a quality rejection,Automatic title triage only
2023.emnlp-main.967,A Training-Free Debiasing Framework with Counterfactual Reasoning for Conversational Emotion Detection,https://aclanthology.org/2023.emnlp-main.967/,Excluded at automatic title triage,Term match refers primarily to a different task; can be revisited,Automatic title triage only
2023.emnlp-main.980,An Attribution Method for Siamese Encoders,https://aclanthology.org/2023.emnlp-main.980/,Reserve - not individually abstract-screened,Not selected for bounded 7-page survey; not a quality rejection,Automatic title triage only
2023.emnlp-demo.4,RaLLe: A Framework for Developing and Evaluating Retrieval-Augmented Large Language Models,https://aclanthology.org/2023.emnlp-demo.4/,Reserve - not individually abstract-screened,Not selected for bounded 7-page survey; not a quality rejection,Automatic title triage only
2023.emnlp-demo.5,"VIST5: An Adaptive, Retrieval-Augmented Language Model for Visualization-oriented Dialog",https://aclanthology.org/2023.emnlp-demo.5/,Excluded at automatic title triage,Multimodal or non-text-generation focus outside selected scope,Automatic title triage only
2023.emnlp-demo.10,FLEEK: Factual Error Detection and Correction with Evidence Retrieved from External Knowledge,https://aclanthology.org/2023.emnlp-demo.10/,Reserve - not individually abstract-screened,Not selected for bounded 7-page survey; not a quality rejection,Automatic title triage only
2023.emnlp-demo.41,LM-Polygraph: Uncertainty Estimation for Language Models,https://aclanthology.org/2023.emnlp-demo.41/,Reserve - not individually abstract-screened,Not selected for bounded 7-page survey; not a quality rejection,Automatic title triage only
2023.eacl-main.11,Shortcomings of Question Answering Based Factuality Frameworks for Error Localization,https://aclanthology.org/2023.eacl-main.11/,Reserve - not individually abstract-screened,Not selected for bounded 7-page survey; not a quality rejection,Automatic title triage only
2023.eacl-main.35,Realistic Conversational Question Answering with Answer Selection based on Calibrated Confidence and Uncertainty Measurement,https://aclanthology.org/2023.eacl-main.35/,Reserve - not individually abstract-screened,Not selected for bounded 7-page survey; not a quality rejection,Automatic title triage only
2023.eacl-main.39,Extracting or Guessing? Improving Faithfulness of Event Temporal Relation Extraction,https://aclanthology.org/2023.eacl-main.39/,Reserve - not individually abstract-screened,Not selected for bounded 7-page survey; not a quality rejection,Automatic title triage only
2023.eacl-main.40,LoFT: Enhancing Faithfulness and Diversity for Table-to-Text Generation via Logic Form Control,https://aclanthology.org/2023.eacl-main.40/,Reserve - not individually abstract-screened,Not selected for bounded 7-page survey; not a quality rejection,Automatic title triage only
2023.eacl-main.75,Looking for a Needle in a Haystack: A Comprehensive Study of Hallucinations in Neural Machine Translation,https://aclanthology.org/2023.eacl-main.75/,Reserve - not individually abstract-screened,Not selected for bounded 7-page survey; not a quality rejection,Automatic title triage only
2023.eacl-main.121,LongEval: Guidelines for Human Evaluation of Faithfulness in Long-form Summarization,https://aclanthology.org/2023.eacl-main.121/,Included,Title/abstract screened; selected for mechanism and evaluation coverage,Title/abstract
2023.eacl-main.143,Guide the Learner: Controlling Product of Experts Debiasing Method Based on Token Attribution Similarities,https://aclanthology.org/2023.eacl-main.143/,Reserve - not individually abstract-screened,Not selected for bounded 7-page survey; not a quality rejection,Automatic title triage only
2023.eacl-main.156,Plausible May Not Be Faithful: Probing Object Hallucination in Vision-Language Pre-training,https://aclanthology.org/2023.eacl-main.156/,Excluded at automatic title triage,Multimodal or non-text-generation focus outside selected scope,Automatic title triage only
2023.eacl-main.199,"Methods for Measuring, Updating, and Visualizing Factual Beliefs in Language Models",https://aclanthology.org/2023.eacl-main.199/,Excluded at automatic title triage,Multimodal or non-text-generation focus outside selected scope,Automatic title triage only
2023.eacl-main.210,Faithfulness-Aware Decoding Strategies for Abstractive Summarization,https://aclanthology.org/2023.eacl-main.210/,Reserve - not individually abstract-screened,Not selected for bounded 7-page survey; not a quality rejection,Automatic title triage only
2023.eacl-main.215,Unsupervised Improvement of Factual Knowledge in Language Models,https://aclanthology.org/2023.eacl-main.215/,Reserve - not individually abstract-screened,Not selected for bounded 7-page survey; not a quality rejection,Automatic title triage only
2023.eacl-main.225,DiffQG: Generating Questions to Summarize Factual Changes,https://aclanthology.org/2023.eacl-main.225/,Reserve - not individually abstract-screened,Not selected for bounded 7-page survey; not a quality rejection,Automatic title triage only
2023.eacl-main.266,Retrieval-augmented Image Captioning,https://aclanthology.org/2023.eacl-main.266/,Excluded at automatic title triage,Multimodal or non-text-generation focus outside selected scope,Automatic title triage only
2023.eacl-main.272,Counter-GAP: Counterfactual Bias Evaluation through Gendered Ambiguous Pronouns,https://aclanthology.org/2023.eacl-main.272/,Excluded at automatic title triage,Term match refers primarily to a different task; can be revisited,Automatic title triage only
2023.findings-eacl.22,Improving Retrieval Augmented Neural Machine Translation by Controlling Source and Fuzzy-Match Interactions,https://aclanthology.org/2023.findings-eacl.22/,Reserve - not individually abstract-screened,Not selected for bounded 7-page survey; not a quality rejection,Automatic title triage only
2023.findings-eacl.37,SWING: Balancing Coverage and Faithfulness for Dialogue Summarization,https://aclanthology.org/2023.findings-eacl.37/,Reserve - not individually abstract-screened,Not selected for bounded 7-page survey; not a quality rejection,Automatic title triage only
2023.findings-eacl.43,Task-specific Compression for Multi-task Language Models using Attribution-based Pruning,https://aclanthology.org/2023.findings-eacl.43/,Reserve - not individually abstract-screened,Not selected for bounded 7-page survey; not a quality rejection,Automatic title triage only
2023.findings-eacl.151,Multi-View Source Ablation for Faithful Summarization,https://aclanthology.org/2023.findings-eacl.151/,Reserve - not individually abstract-screened,Not selected for bounded 7-page survey; not a quality rejection,Automatic title triage only
2023.findings-eacl.156,Evaluating the Tradeoff Between Abstractiveness and Factuality in Abstractive Summarization,https://aclanthology.org/2023.findings-eacl.156/,Reserve - not individually abstract-screened,Not selected for bounded 7-page survey; not a quality rejection,Automatic title triage only
2023.findings-acl.44,Towards Generative Event Factuality Prediction,https://aclanthology.org/2023.findings-acl.44/,Excluded at automatic title triage,Term match refers primarily to a different task; can be revisited,Automatic title triage only
2023.findings-acl.60,The Dangers of trusting Stochastic Parrots: Faithfulness and Trust in Open-domain Conversational Question Answering,https://aclanthology.org/2023.findings-acl.60/,Reserve - not individually abstract-screened,Not selected for bounded 7-page survey; not a quality rejection,Automatic title triage only
2023.findings-acl.104,LMCap: Few-shot Multilingual Image Captioning by Retrieval Augmented Language Model Prompting,https://aclanthology.org/2023.findings-acl.104/,Excluded at automatic title triage,Multimodal or non-text-generation focus outside selected scope,Automatic title triage only
2023.findings-acl.113,A Unified Evaluation Framework for Novelty Detection and Accommodation in NLP with an Instantiation in Authorship Attribution,https://aclanthology.org/2023.findings-acl.113/,Excluded at automatic title triage,Term match refers primarily to a different task; can be revisited,Automatic title triage only
2023.findings-acl.151,Open-World Factually Consistent Question Generation,https://aclanthology.org/2023.findings-acl.151/,Reserve - not individually abstract-screened,Not selected for bounded 7-page survey; not a quality rejection,Automatic title triage only
2023.findings-acl.220,Multilingual Summarization with Factual Consistency Evaluation,https://aclanthology.org/2023.findings-acl.220/,Reserve - not individually abstract-screened,Not selected for bounded 7-page survey; not a quality rejection,Automatic title triage only
2023.findings-acl.231,A Robust Information-Masking Approach for Domain Counterfactual Generation,https://aclanthology.org/2023.findings-acl.231/,Excluded at automatic title triage,Term match refers primarily to a different task; can be revisited,Automatic title triage only
2023.findings-acl.245,Ambiguity Meets Uncertainty: Investigating Uncertainty Estimation for Word Sense Disambiguation,https://aclanthology.org/2023.findings-acl.245/,Reserve - not individually abstract-screened,Not selected for bounded 7-page survey; not a quality rejection,Automatic title triage only
2023.findings-acl.270,Towards Alleviating the Object Bias in Prompt Tuning-based Factual Knowledge Extraction,https://aclanthology.org/2023.findings-acl.270/,Reserve - not individually abstract-screened,Not selected for bounded 7-page survey; not a quality rejection,Automatic title triage only
2023.findings-acl.272,Bias Beyond English: Counterfactual Tests for Bias in Sentiment Analysis in Four Languages,https://aclanthology.org/2023.findings-acl.272/,Excluded at automatic title triage,Term match refers primarily to a different task; can be revisited,Automatic title triage only
2023.findings-acl.275,RHO: Reducing Hallucination in Open-domain Dialogues with Knowledge Grounding,https://aclanthology.org/2023.findings-acl.275/,Reserve - not individually abstract-screened,Not selected for bounded 7-page survey; not a quality rejection,Automatic title triage only
2023.findings-acl.296,HonestBait: Forward References for Attractive but Faithful Headline Generation,https://aclanthology.org/2023.findings-acl.296/,Reserve - not individually abstract-screened,Not selected for bounded 7-page survey; not a quality rejection,Automatic title triage only
2023.findings-acl.317,COCKATIEL: COntinuous Concept ranKed ATtribution with Interpretable ELements for explaining neural net classifiers on NLP,https://aclanthology.org/2023.findings-acl.317/,Reserve - not individually abstract-screened,Not selected for bounded 7-page survey; not a quality rejection,Automatic title triage only
2023.findings-acl.322,Evaluating the Factual Consistency of Large Language Models Through News Summarization,https://aclanthology.org/2023.findings-acl.322/,Reserve - not individually abstract-screened,Not selected for bounded 7-page survey; not a quality rejection,Automatic title triage only
2023.findings-acl.344,Diverse Retrieval-Augmented In-Context Learning for Dialogue State Tracking,https://aclanthology.org/2023.findings-acl.344/,Reserve - not individually abstract-screened,Not selected for bounded 7-page survey; not a quality rejection,Automatic title triage only
2023.findings-acl.351,The Whole Truth and Nothing But the Truth: Faithful and Controllable Dialogue Response Generation with Dataflow Transduction and Constrained Decoding,https://aclanthology.org/2023.findings-acl.351/,Reserve - not individually abstract-screened,Not selected for bounded 7-page survey; not a quality rejection,Automatic title triage only
2023.findings-acl.352,Know What I don’t Know: Handling Ambiguous and Unknown Questions for Text-to-SQL,https://aclanthology.org/2023.findings-acl.352/,Reserve - not individually abstract-screened,Not selected for bounded 7-page survey; not a quality rejection,Automatic title triage only
2023.findings-acl.382,Reimagining Retrieval Augmented Language Models for Answering Queries,https://aclanthology.org/2023.findings-acl.382/,Reserve - not individually abstract-screened,Not selected for bounded 7-page survey; not a quality rejection,Automatic title triage only
2023.findings-acl.398,FACTUAL: A Benchmark for Faithful and Consistent Textual Scene Graph Parsing,https://aclanthology.org/2023.findings-acl.398/,Reserve - not individually abstract-screened,Not selected for bounded 7-page survey; not a quality rejection,Automatic title triage only
2023.findings-acl.400,NonFactS: NonFactual Summary Generation for Factuality Evaluation in Document Summarization,https://aclanthology.org/2023.findings-acl.400/,Reserve - not individually abstract-screened,Not selected for bounded 7-page survey; not a quality rejection,Automatic title triage only
2023.findings-acl.528,Cross-Lingual Retrieval Augmented Prompt for Low-Resource Languages,https://aclanthology.org/2023.findings-acl.528/,Reserve - not individually abstract-screened,Not selected for bounded 7-page survey; not a quality rejection,Automatic title triage only
2023.findings-acl.543,Retrieval-augmented Video Encoding for Instructional Captioning,https://aclanthology.org/2023.findings-acl.543/,Excluded at automatic title triage,Multimodal or non-text-generation focus outside selected scope,Automatic title triage only
2023.findings-acl.551,Do Large Language Models Know What They Don’t Know?,https://aclanthology.org/2023.findings-acl.551/,Reserve - not individually abstract-screened,Not selected for bounded 7-page survey; not a quality rejection,Automatic title triage only
2023.findings-acl.561,Defending against Insertion-based Textual Backdoor Attacks via Attribution,https://aclanthology.org/2023.findings-acl.561/,Reserve - not individually abstract-screened,Not selected for bounded 7-page survey; not a quality rejection,Automatic title triage only
2023.findings-acl.606,Counterfactuals of Counterfactuals: a back-translation-inspired approach to analyse counterfactual editors,https://aclanthology.org/2023.findings-acl.606/,Excluded at automatic title triage,Term match refers primarily to a different task; can be revisited,Automatic title triage only
2023.findings-acl.685,CaPE: Contrastive Parameter Ensembling for Reducing Hallucination in Abstractive Summarization,https://aclanthology.org/2023.findings-acl.685/,Reserve - not individually abstract-screened,Not selected for bounded 7-page survey; not a quality rejection,Automatic title triage only
2023.findings-acl.786,Evaluating Factuality in Cross-lingual Summarization,https://aclanthology.org/2023.findings-acl.786/,Reserve - not individually abstract-screened,Not selected for bounded 7-page survey; not a quality rejection,Automatic title triage only
2023.findings-acl.805,"Revisiting the Architectures like Pointer Networks to Efficiently Improve the Next Word Distribution, Summarization Factuality, and Beyond",https://aclanthology.org/2023.findings-acl.805/,Reserve - not individually abstract-screened,Not selected for bounded 7-page survey; not a quality rejection,Automatic title triage only
2023.findings-acl.813,Counterfactual Probing for the Influence of Affect and Specificity on Intergroup Bias,https://aclanthology.org/2023.findings-acl.813/,Excluded at automatic title triage,Term match refers primarily to a different task; can be revisited,Automatic title triage only
2023.findings-acl.851,Uncertainty-Aware Unlikelihood Learning Improves Generative Aspect Sentiment Quad Prediction,https://aclanthology.org/2023.findings-acl.851/,Reserve - not individually abstract-screened,Not selected for bounded 7-page survey; not a quality rejection,Automatic title triage only
2023.findings-acl.872,Model Intrinsic Features of Fine-tuning based Text Summarization Models for Factual Consistency,https://aclanthology.org/2023.findings-acl.872/,Reserve - not individually abstract-screened,Not selected for bounded 7-page survey; not a quality rejection,Automatic title triage only
2023.findings-acl.879,Incorporating Factuality Inference to Identify Document-level Event Factuality,https://aclanthology.org/2023.findings-acl.879/,Excluded at automatic title triage,Term match refers primarily to a different task; can be revisited,Automatic title triage only
2023.findings-emnlp.10,Improving Classifier Robustness through Active Generative Counterfactual Data Augmentation,https://aclanthology.org/2023.findings-emnlp.10/,Excluded at automatic title triage,Term match refers primarily to a different task; can be revisited,Automatic title triage only
2023.findings-emnlp.43,Counterfactual Augmentation for Multimodal Learning Under Presentation Bias,https://aclanthology.org/2023.findings-emnlp.43/,Excluded at automatic title triage,Term match refers primarily to a different task; can be revisited,Automatic title triage only
2023.findings-emnlp.59,DelucionQA: Detecting Hallucinations in Domain-specific Question Answering,https://aclanthology.org/2023.findings-emnlp.59/,Reserve - not individually abstract-screened,Not selected for bounded 7-page survey; not a quality rejection,Automatic title triage only
2023.findings-emnlp.69,Factual Relation Discrimination for Factuality-oriented Abstractive Summarization,https://aclanthology.org/2023.findings-emnlp.69/,Reserve - not individually abstract-screened,Not selected for bounded 7-page survey; not a quality rejection,Automatic title triage only
2023.findings-emnlp.78,Make Your Decision Convincing! A Unified Two-Stage Framework: Self-Attribution and Decision-Making,https://aclanthology.org/2023.findings-emnlp.78/,Reserve - not individually abstract-screened,Not selected for bounded 7-page survey; not a quality rejection,Automatic title triage only
2023.findings-emnlp.90,Syntax-Aware Retrieval Augmented Code Generation,https://aclanthology.org/2023.findings-emnlp.90/,Reserve - not individually abstract-screened,Not selected for bounded 7-page survey; not a quality rejection,Automatic title triage only
2023.findings-emnlp.101,What Makes Chain-of-Thought Prompting Effective? A Counterfactual Study,https://aclanthology.org/2023.findings-emnlp.101/,Excluded at automatic title triage,Term match refers primarily to a different task; can be revisited,Automatic title triage only
2023.findings-emnlp.104,Remember what you did so you know what to do next,https://aclanthology.org/2023.findings-emnlp.104/,Reserve - not individually abstract-screened,Not selected for bounded 7-page survey; not a quality rejection,Automatic title triage only
2023.findings-emnlp.123,Towards Mitigating LLM Hallucination via Self Reflection,https://aclanthology.org/2023.findings-emnlp.123/,Reserve - not individually abstract-screened,Not selected for bounded 7-page survey; not a quality rejection,Automatic title triage only
2023.findings-emnlp.132,mmT5: Modular Multilingual Pre-Training Solves Source Language Hallucinations,https://aclanthology.org/2023.findings-emnlp.132/,Reserve - not individually abstract-screened,Not selected for bounded 7-page survey; not a quality rejection,Automatic title triage only
2023.findings-emnlp.150,DRAFT: Dense Retrieval Augmented Few-shot Topic classifier Framework,https://aclanthology.org/2023.findings-emnlp.150/,Reserve - not individually abstract-screened,Not selected for bounded 7-page survey; not a quality rejection,Automatic title triage only
2023.findings-emnlp.157,WikiChat: Stopping the Hallucination of Large Language Model Chatbots by Few-Shot Grounding on Wikipedia,https://aclanthology.org/2023.findings-emnlp.157/,Included,Title/abstract screened; selected for mechanism and evaluation coverage,Title/abstract
2023.findings-emnlp.164,RegaVAE: A Retrieval-Augmented Gaussian Mixture Variational Auto-Encoder for Language Modeling,https://aclanthology.org/2023.findings-emnlp.164/,Reserve - not individually abstract-screened,Not selected for bounded 7-page survey; not a quality rejection,Automatic title triage only
2023.findings-emnlp.181,GRENADE: Graph-Centric Language Model for Self-Supervised Representation Learning on Text-Attributed Graphs,https://aclanthology.org/2023.findings-emnlp.181/,Excluded at automatic title triage,Term match refers primarily to a different task; can be revisited,Automatic title triage only
2023.findings-emnlp.182,Sources of Hallucination by Large Language Models on Inference Tasks,https://aclanthology.org/2023.findings-emnlp.182/,Reserve - not individually abstract-screened,Not selected for bounded 7-page survey; not a quality rejection,Automatic title triage only
2023.findings-emnlp.197,On Uncertainty Calibration and Selective Generation in Probabilistic Neural Summarization: A Benchmark Study,https://aclanthology.org/2023.findings-emnlp.197/,Reserve - not individually abstract-screened,Not selected for bounded 7-page survey; not a quality rejection,Automatic title triage only
2023.findings-emnlp.206,Measuring Faithful and Plausible Visual Grounding in VQA,https://aclanthology.org/2023.findings-emnlp.206/,Excluded at automatic title triage,Multimodal or non-text-generation focus outside selected scope,Automatic title triage only
2023.findings-emnlp.214,Extractive Summarization via ChatGPT for Faithful Summary Generation,https://aclanthology.org/2023.findings-emnlp.214/,Reserve - not individually abstract-screened,Not selected for bounded 7-page survey; not a quality rejection,Automatic title triage only
2023.findings-emnlp.236,Test-time Augmentation for Factual Probing,https://aclanthology.org/2023.findings-emnlp.236/,Reserve - not individually abstract-screened,Not selected for bounded 7-page survey; not a quality rejection,Automatic title triage only
2023.findings-emnlp.248,Logic-LM: Empowering Large Language Models with Symbolic Solvers for Faithful Logical Reasoning,https://aclanthology.org/2023.findings-emnlp.248/,Reserve - not individually abstract-screened,Not selected for bounded 7-page survey; not a quality rejection,Automatic title triage only
2023.findings-emnlp.256,A New Benchmark and Reverse Validation Method for Passage-level Hallucination Detection,https://aclanthology.org/2023.findings-emnlp.256/,Reserve - not individually abstract-screened,Not selected for bounded 7-page survey; not a quality rejection,Automatic title triage only
2023.findings-emnlp.262,GROVE: A Retrieval-augmented Complex Story Generation Framework with A Forest of Evidence,https://aclanthology.org/2023.findings-emnlp.262/,Reserve - not individually abstract-screened,Not selected for bounded 7-page survey; not a quality rejection,Automatic title triage only
2023.findings-emnlp.266,Hallucination Detection for Grounded Instruction Generation,https://aclanthology.org/2023.findings-emnlp.266/,Reserve - not individually abstract-screened,Not selected for bounded 7-page survey; not a quality rejection,Automatic title triage only
2023.findings-emnlp.307,Automatic Evaluation of Attribution by Large Language Models,https://aclanthology.org/2023.findings-emnlp.307/,Reserve - not individually abstract-screened,Not selected for bounded 7-page survey; not a quality rejection,Automatic title triage only
2023.findings-emnlp.339,Goodtriever: Adaptive Toxicity Mitigation with Retrieval-augmented Models,https://aclanthology.org/2023.findings-emnlp.339/,Reserve - not individually abstract-screened,Not selected for bounded 7-page survey; not a quality rejection,Automatic title triage only
2023.findings-emnlp.360,INVITE: a Testbed of Automatically Generated Invalid Questions to Evaluate Large Language Models for Hallucinations,https://aclanthology.org/2023.findings-emnlp.360/,Reserve - not individually abstract-screened,Not selected for bounded 7-page survey; not a quality rejection,Automatic title triage only
2023.findings-emnlp.390,Co^2PT: Mitigating Bias in Pre-trained Language Models through Counterfactual Contrastive Prompt Tuning,https://aclanthology.org/2023.findings-emnlp.390/,Excluded at automatic title triage,Term match refers primarily to a different task; can be revisited,Automatic title triage only
2023.findings-emnlp.419,Retrieval-Augmented Parsing for Complex Graphs by Exploiting Structure and Uncertainty,https://aclanthology.org/2023.findings-emnlp.419/,Reserve - not individually abstract-screened,Not selected for bounded 7-page survey; not a quality rejection,Automatic title triage only
2023.findings-emnlp.447,Retrieval-Augmented Few-shot Text Classification,https://aclanthology.org/2023.findings-emnlp.447/,Reserve - not individually abstract-screened,Not selected for bounded 7-page survey; not a quality rejection,Automatic title triage only
2023.findings-emnlp.451,The student becomes the master: Outperforming GPT3 on Scientific Factual Error Correction,https://aclanthology.org/2023.findings-emnlp.451/,Reserve - not individually abstract-screened,Not selected for bounded 7-page survey; not a quality rejection,Automatic title triage only
2023.findings-emnlp.518,Impact of Co-occurrence on Factual Knowledge of Large Language Models,https://aclanthology.org/2023.findings-emnlp.518/,Reserve - not individually abstract-screened,Not selected for bounded 7-page survey; not a quality rejection,Automatic title triage only
2023.findings-emnlp.525,Improving Factual Consistency for Knowledge-Grounded Dialogue Systems via Knowledge Enhancement and Alignment,https://aclanthology.org/2023.findings-emnlp.525/,Reserve - not individually abstract-screened,Not selected for bounded 7-page survey; not a quality rejection,Automatic title triage only
2023.findings-emnlp.528,Uncertainty-aware Parameter-Efficient Self-training for Semi-supervised Language Understanding,https://aclanthology.org/2023.findings-emnlp.528/,Reserve - not individually abstract-screened,Not selected for bounded 7-page survey; not a quality rejection,Automatic title triage only
2023.findings-emnlp.565,Unleashing the Power of Language Models in Text-Attributed Graph,https://aclanthology.org/2023.findings-emnlp.565/,Excluded at automatic title triage,Term match refers primarily to a different task; can be revisited,Automatic title triage only
2023.findings-emnlp.620,Enhancing Retrieval-Augmented Large Language Models with Iterative Retrieval-Generation Synergy,https://aclanthology.org/2023.findings-emnlp.620/,Reserve - not individually abstract-screened,Not selected for bounded 7-page survey; not a quality rejection,Automatic title triage only
2023.findings-emnlp.646,Learning to Follow Object-Centric Image Editing Instructions Faithfully,https://aclanthology.org/2023.findings-emnlp.646/,Excluded at automatic title triage,Multimodal or non-text-generation focus outside selected scope,Automatic title triage only
2023.findings-emnlp.655,TCRA-LLM: Token Compression Retrieval Augmented Large Language Model for Inference Cost Reduction,https://aclanthology.org/2023.findings-emnlp.655/,Reserve - not individually abstract-screened,Not selected for bounded 7-page survey; not a quality rejection,Automatic title triage only
2023.findings-emnlp.667,PivotFEC: Enhancing Few-shot Factual Error Correction with a Pivot Task Approach using Large Language Models,https://aclanthology.org/2023.findings-emnlp.667/,Reserve - not individually abstract-screened,Not selected for bounded 7-page survey; not a quality rejection,Automatic title triage only
2023.findings-emnlp.672,FactSpotter: Evaluating the Factual Faithfulness of Graph-to-Text Generation,https://aclanthology.org/2023.findings-emnlp.672/,Reserve - not individually abstract-screened,Not selected for bounded 7-page survey; not a quality rejection,Automatic title triage only
2023.findings-emnlp.688,RealBehavior: A Framework for Faithfully Characterizing Foundation Models’ Human-like Behavior Mechanisms,https://aclanthology.org/2023.findings-emnlp.688/,Reserve - not individually abstract-screened,Not selected for bounded 7-page survey; not a quality rejection,Automatic title triage only
2023.findings-emnlp.692,Pretraining Language Models with Text-Attributed Heterogeneous Graphs,https://aclanthology.org/2023.findings-emnlp.692/,Excluded at automatic title triage,Term match refers primarily to a different task; can be revisited,Automatic title triage only
2023.findings-emnlp.693,CReTIHC: Designing Causal Reasoning Tasks about Temporal Interventions and Hallucinated Confoundings,https://aclanthology.org/2023.findings-emnlp.693/,Reserve - not individually abstract-screened,Not selected for bounded 7-page survey; not a quality rejection,Automatic title triage only
2023.findings-emnlp.764,Eyes Show the Way: Modelling Gaze Behaviour for Hallucination Detection,https://aclanthology.org/2023.findings-emnlp.764/,Reserve - not individually abstract-screened,Not selected for bounded 7-page survey; not a quality rejection,Automatic title triage only
2023.findings-emnlp.793,Re-ViLM: Retrieval-Augmented Visual Language Model for Zero and Few-Shot Image Captioning,https://aclanthology.org/2023.findings-emnlp.793/,Excluded at automatic title triage,Multimodal or non-text-generation focus outside selected scope,Automatic title triage only
2023.findings-emnlp.801,IAEval: A Comprehensive Evaluation of Instance Attribution on Natural Language Understanding,https://aclanthology.org/2023.findings-emnlp.801/,Excluded at automatic title triage,Term match refers primarily to a different task; can be revisited,Automatic title triage only
2023.findings-emnlp.830,Adversarial Robustness for Large Language NER models using Disentanglement and Word Attributions,https://aclanthology.org/2023.findings-emnlp.830/,Reserve - not individually abstract-screened,Not selected for bounded 7-page survey; not a quality rejection,Automatic title triage only
2023.findings-emnlp.885,Systematic Assessment of Factual Knowledge in Large Language Models,https://aclanthology.org/2023.findings-emnlp.885/,Reserve - not individually abstract-screened,Not selected for bounded 7-page survey; not a quality rejection,Automatic title triage only
2023.findings-emnlp.968,Context-faithful Prompting for Large Language Models,https://aclanthology.org/2023.findings-emnlp.968/,Included,Title/abstract screened; selected for mechanism and evaluation coverage,Title/abstract
2023.findings-emnlp.999,Aligning Predictive Uncertainty with Clarification Questions in Grounded Dialog,https://aclanthology.org/2023.findings-emnlp.999/,Reserve - not individually abstract-screened,Not selected for bounded 7-page survey; not a quality rejection,Automatic title triage only
2023.findings-emnlp.1032,SAC^3: Reliable Hallucination Detection in Black-Box Language Models via Semantic-aware Cross-check Consistency,https://aclanthology.org/2023.findings-emnlp.1032/,Included,Title/abstract screened; selected for mechanism and evaluation coverage,Title/abstract
2023.findings-emnlp.1043,Give Me the Facts! A Survey on Factual Knowledge Probing in Pre-trained Language Models,https://aclanthology.org/2023.findings-emnlp.1043/,Reserve - not individually abstract-screened,Not selected for bounded 7-page survey; not a quality rejection,Automatic title triage only
2023.findings-emnlp.1059,Mitigating Intrinsic Named Entity-Related Hallucinations of Abstractive Text Summarization,https://aclanthology.org/2023.findings-emnlp.1059/,Reserve - not individually abstract-screened,Not selected for bounded 7-page survey; not a quality rejection,Automatic title triage only
2023.findings-ijcnlp.27,Interactively Learning Social Media Representations Improves News Source Factuality Detection,https://aclanthology.org/2023.findings-ijcnlp.27/,Excluded at automatic title triage,Term match refers primarily to a different task; can be revisited,Automatic title triage only
2023.tacl-1.1,Improving the Domain Adaptation of Retrieval Augmented Generation (RAG) Models for Open Domain Question Answering,https://aclanthology.org/2023.tacl-1.1/,Reserve - not individually abstract-screened,Not selected for bounded 7-page survey; not a quality rejection,Automatic title triage only
2023.tacl-1.32,Understanding and Detecting Hallucinations in Neural Machine Translation via Model Introspection,https://aclanthology.org/2023.tacl-1.32/,Reserve - not individually abstract-screened,Not selected for bounded 7-page survey; not a quality rejection,Automatic title triage only
2023.tacl-1.40,OpenFact: Factuality Enhanced Open Knowledge Extraction,https://aclanthology.org/2023.tacl-1.40/,Reserve - not individually abstract-screened,Not selected for bounded 7-page survey; not a quality rejection,Automatic title triage only
2023.tacl-1.75,In-Context Retrieval-Augmented Language Models,https://aclanthology.org/2023.tacl-1.75/,Reserve - not individually abstract-screened,Not selected for bounded 7-page survey; not a quality rejection,Automatic title triage only
2023.tacl-1.85,Hallucinations in Large Multilingual Translation Models,https://aclanthology.org/2023.tacl-1.85/,Reserve - not individually abstract-screened,Not selected for bounded 7-page survey; not a quality rejection,Automatic title triage only
2024.acl-long.9,Unsupervised Information Refinement Training of Large Language Models for Retrieval-Augmented Generation,https://aclanthology.org/2024.acl-long.9/,Reserve - not individually abstract-screened,Not selected for bounded 7-page survey; not a quality rejection,Automatic title triage only
2024.acl-long.21,Retrieval-Augmented Multilingual Knowledge Editing,https://aclanthology.org/2024.acl-long.21/,Reserve - not individually abstract-screened,Not selected for bounded 7-page survey; not a quality rejection,Automatic title triage only
2024.acl-long.49,Tree-of-Counterfactual Prompting for Zero-Shot Stance Detection,https://aclanthology.org/2024.acl-long.49/,Excluded at automatic title triage,Term match refers primarily to a different task; can be revisited,Automatic title triage only
2024.acl-long.59,An Information Bottleneck Perspective for Effective Noise Filtering on Retrieval-Augmented Generation,https://aclanthology.org/2024.acl-long.59/,Reserve - not individually abstract-screened,Not selected for bounded 7-page survey; not a quality rejection,Automatic title triage only
2024.acl-long.104,AFaCTA: Assisting the Annotation of Factual Claim Detection with Reliable LLM Annotators,https://aclanthology.org/2024.acl-long.104/,Reserve - not individually abstract-screened,Not selected for bounded 7-page survey; not a quality rejection,Automatic title triage only
2024.acl-long.105,Towards Faithful and Robust LLM Specialists for Evidence-Based Question-Answering,https://aclanthology.org/2024.acl-long.105/,Reserve - not individually abstract-screened,Not selected for bounded 7-page survey; not a quality rejection,Automatic title triage only
2024.acl-long.107,Self-Alignment for Factuality: Mitigating Hallucinations in LLMs via Self-Evaluation,https://aclanthology.org/2024.acl-long.107/,Included,Title/abstract screened; selected for mechanism and evaluation coverage,Title/abstract
2024.acl-long.108,M-RAG: Reinforcing Large Language Model Performance through Retrieval-Augmented Generation with Multiple Partitions,https://aclanthology.org/2024.acl-long.108/,Reserve - not individually abstract-screened,Not selected for bounded 7-page survey; not a quality rejection,Automatic title triage only
2024.acl-long.115,REANO: Optimising Retrieval-Augmented Reader Models through Knowledge Graph Generation,https://aclanthology.org/2024.acl-long.115/,Reserve - not individually abstract-screened,Not selected for bounded 7-page survey; not a quality rejection,Automatic title triage only
2024.acl-long.131,Reasoning in Flux: Enhancing Large Language Models Reasoning through Uncertainty-aware Adaptive Guidance,https://aclanthology.org/2024.acl-long.131/,Reserve - not individually abstract-screened,Not selected for bounded 7-page survey; not a quality rejection,Automatic title triage only
2024.acl-long.178,Unified Hallucination Detection for Multimodal Large Language Models,https://aclanthology.org/2024.acl-long.178/,Excluded at automatic title triage,Multimodal or non-text-generation focus outside selected scope,Automatic title triage only
2024.acl-long.180,Landmark Embedding: A Chunking-Free Embedding Method For Retrieval Augmented Long-Context Large Language Models,https://aclanthology.org/2024.acl-long.180/,Reserve - not individually abstract-screened,Not selected for bounded 7-page survey; not a quality rejection,Automatic title triage only
2024.acl-long.194,A Multi-Task Embedder For Retrieval Augmented LLMs,https://aclanthology.org/2024.acl-long.194/,Reserve - not individually abstract-screened,Not selected for bounded 7-page survey; not a quality rejection,Automatic title triage only
2024.acl-long.198,Relying on the Unreliable: The Impact of Language Models’ Reluctance to Express Uncertainty,https://aclanthology.org/2024.acl-long.198/,Reserve - not individually abstract-screened,Not selected for bounded 7-page survey; not a quality rejection,Automatic title triage only
2024.acl-long.239,Uncertainty-Guided Modal Rebalance for Hateful Memes Detection,https://aclanthology.org/2024.acl-long.239/,Reserve - not individually abstract-screened,Not selected for bounded 7-page survey; not a quality rejection,Automatic title triage only
2024.acl-long.250,Factual Confidence of LLMs: on Reliability and Robustness of Current Estimators,https://aclanthology.org/2024.acl-long.250/,Included,Title/abstract screened; selected for mechanism and evaluation coverage,Title/abstract
2024.acl-long.276,Shifting Attention to Relevance: Towards the Predictive Uncertainty Quantification of Free-Form Large Language Models,https://aclanthology.org/2024.acl-long.276/,Reserve - not individually abstract-screened,Not selected for bounded 7-page survey; not a quality rejection,Automatic title triage only
2024.acl-long.283,Quantifying Uncertainty in Answers from any Language Model and Enhancing their Trustworthiness,https://aclanthology.org/2024.acl-long.283/,Reserve - not individually abstract-screened,Not selected for bounded 7-page survey; not a quality rejection,Automatic title triage only
2024.acl-long.288,UHGEval: Benchmarking the Hallucination of Chinese Large Language Models via Unconstrained Generation,https://aclanthology.org/2024.acl-long.288/,Reserve - not individually abstract-screened,Not selected for bounded 7-page survey; not a quality rejection,Automatic title triage only
2024.acl-long.329,On Measuring Faithfulness or Self-consistency of Natural Language Explanations,https://aclanthology.org/2024.acl-long.329/,Reserve - not individually abstract-screened,Not selected for bounded 7-page survey; not a quality rejection,Automatic title triage only
2024.acl-long.337,Blinded by Generated Contexts: How Language Models Merge Generated and Retrieved Contexts When Knowledge Conflicts?,https://aclanthology.org/2024.acl-long.337/,Reserve - not individually abstract-screened,Not selected for bounded 7-page survey; not a quality rejection,Automatic title triage only
2024.acl-long.341,Discursive Socratic Questioning: Evaluating the Faithfulness of Language Models’ Understanding of Discourse Relations,https://aclanthology.org/2024.acl-long.341/,Excluded at automatic title triage,Multimodal or non-text-generation focus outside selected scope,Automatic title triage only
2024.acl-long.354,A Causal Approach for Counterfactual Reasoning in Narratives,https://aclanthology.org/2024.acl-long.354/,Excluded at automatic title triage,Term match refers primarily to a different task; can be revisited,Automatic title triage only
2024.acl-long.397,Generate-then-Ground in Retrieval-Augmented Generation for Multi-hop Question Answering,https://aclanthology.org/2024.acl-long.397/,Reserve - not individually abstract-screened,Not selected for bounded 7-page survey; not a quality rejection,Automatic title triage only
2024.acl-long.415,"Angry Men, Sad Women: Large Language Models Reflect Gendered Stereotypes in Emotion Attribution",https://aclanthology.org/2024.acl-long.415/,Reserve - not individually abstract-screened,Not selected for bounded 7-page survey; not a quality rejection,Automatic title triage only
2024.acl-long.419,MARS: Meaning-Aware Response Scoring for Uncertainty Estimation in Generative LLMs,https://aclanthology.org/2024.acl-long.419/,Reserve - not individually abstract-screened,Not selected for bounded 7-page survey; not a quality rejection,Automatic title triage only
2024.acl-long.442,ANAH: Analytical Annotation of Hallucinations in Large Language Models,https://aclanthology.org/2024.acl-long.442/,Included,Title/abstract screened; selected for mechanism and evaluation coverage,Title/abstract
2024.acl-long.444,Revealing the Parametric Knowledge of Language Models: A Unified Framework for Attribution Methods,https://aclanthology.org/2024.acl-long.444/,Reserve - not individually abstract-screened,Not selected for bounded 7-page survey; not a quality rejection,Automatic title triage only
2024.acl-long.458,Competition of Mechanisms: Tracing How Language Models Handle Facts and Counterfactuals,https://aclanthology.org/2024.acl-long.458/,Excluded at automatic title triage,Term match refers primarily to a different task; can be revisited,Automatic title triage only
2024.acl-long.459,FactPICO: Factuality Evaluation for Plain Language Summarization of Medical Evidence,https://aclanthology.org/2024.acl-long.459/,Reserve - not individually abstract-screened,Not selected for bounded 7-page survey; not a quality rejection,Automatic title triage only
2024.acl-long.472,Faithful Chart Summarization with ChaTS-Pi,https://aclanthology.org/2024.acl-long.472/,Excluded at automatic title triage,Multimodal or non-text-generation focus outside selected scope,Automatic title triage only
2024.acl-long.483,TruthX: Alleviating Hallucinations by Editing Large Language Models in Truthful Space,https://aclanthology.org/2024.acl-long.483/,Included,Title/abstract screened; selected for mechanism and evaluation coverage,Title/abstract
2024.acl-long.486,Investigating Multi-Hop Factual Shortcuts in Knowledge Editing of Large Language Models,https://aclanthology.org/2024.acl-long.486/,Reserve - not individually abstract-screened,Not selected for bounded 7-page survey; not a quality rejection,Automatic title triage only
2024.acl-long.500,Multi-Aspect Controllable Text Generation with Disentangled Counterfactual Augmentation,https://aclanthology.org/2024.acl-long.500/,Excluded at automatic title triage,Term match refers primarily to a different task; can be revisited,Automatic title triage only
2024.acl-long.503,Understanding Retrieval Robustness for Retrieval-augmented Image Captioning,https://aclanthology.org/2024.acl-long.503/,Excluded at automatic title triage,Multimodal or non-text-generation focus outside selected scope,Automatic title triage only
2024.acl-long.506,InterrogateLLM: Zero-Resource Hallucination Detection in LLM-Generated Answers,https://aclanthology.org/2024.acl-long.506/,Reserve - not individually abstract-screened,Not selected for bounded 7-page survey; not a quality rejection,Automatic title triage only
2024.acl-long.540,Enhancing Noise Robustness of Retrieval-Augmented Language Models with Adaptive Adversarial Training,https://aclanthology.org/2024.acl-long.540/,Reserve - not individually abstract-screened,Not selected for bounded 7-page survey; not a quality rejection,Automatic title triage only
2024.acl-long.556,Retrieval Augmented Fact Verification by Synthesizing Contrastive Arguments,https://aclanthology.org/2024.acl-long.556/,Reserve - not individually abstract-screened,Not selected for bounded 7-page survey; not a quality rejection,Automatic title triage only
2024.acl-long.585,RAGTruth: A Hallucination Corpus for Developing Trustworthy Retrieval-Augmented Language Models,https://aclanthology.org/2024.acl-long.585/,Included,Title/abstract screened; selected for mechanism and evaluation coverage,Title/abstract
2024.acl-long.586,The Dawn After the Dark: An Empirical Study on Factuality Hallucination in Large Language Models,https://aclanthology.org/2024.acl-long.586/,Included,Title/abstract screened; selected for mechanism and evaluation coverage,Title/abstract
2024.acl-long.593,CLOMO: Counterfactual Logical Modification with Large Language Models,https://aclanthology.org/2024.acl-long.593/,Excluded at automatic title triage,Term match refers primarily to a different task; can be revisited,Automatic title triage only
2024.acl-long.597,Uncertainty Aware Learning for Language Model Alignment,https://aclanthology.org/2024.acl-long.597/,Reserve - not individually abstract-screened,Not selected for bounded 7-page survey; not a quality rejection,Automatic title triage only
2024.acl-long.633,Less is More: Mitigating Multimodal Hallucination from an EOS Decision Perspective,https://aclanthology.org/2024.acl-long.633/,Excluded at automatic title triage,Multimodal or non-text-generation focus outside selected scope,Automatic title triage only
2024.acl-long.641,Learning to Generate Answers with Citations via Factual Consistency Models,https://aclanthology.org/2024.acl-long.641/,Reserve - not individually abstract-screened,Not selected for bounded 7-page survey; not a quality rejection,Automatic title triage only
2024.acl-long.646,PairCFR: Enhancing Model Training on Paired Counterfactually Augmented Data through Contrastive Learning,https://aclanthology.org/2024.acl-long.646/,Excluded at automatic title triage,Term match refers primarily to a different task; can be revisited,Automatic title triage only
2024.acl-long.648,Investigating and Mitigating the Multimodal Hallucination Snowballing in Large Vision-Language Models,https://aclanthology.org/2024.acl-long.648/,Excluded at automatic title triage,Multimodal or non-text-generation focus outside selected scope,Automatic title triage only
2024.acl-long.658,VisDiaHalBench: A Visual Dialogue Benchmark For Diagnosing Hallucination in Large Vision-Language Models,https://aclanthology.org/2024.acl-long.658/,Excluded at automatic title triage,Multimodal or non-text-generation focus outside selected scope,Automatic title triage only
2024.acl-long.668,Transferable and Efficient Non-Factual Content Detection via Probe Training with Offline Consistency Checking,https://aclanthology.org/2024.acl-long.668/,Reserve - not individually abstract-screened,Not selected for bounded 7-page survey; not a quality rejection,Automatic title triage only
2024.acl-long.677,Analyzing LLM Behavior in Dialogue Summarization: Unveiling Circumstantial Hallucination Trends,https://aclanthology.org/2024.acl-long.677/,Reserve - not individually abstract-screened,Not selected for bounded 7-page survey; not a quality rejection,Automatic title triage only
2024.acl-long.692,TaPERA: Enhancing Faithfulness and Interpretability in Long-Form Table QA by Content Planning and Execution-based Reasoning,https://aclanthology.org/2024.acl-long.692/,Reserve - not individually abstract-screened,Not selected for bounded 7-page survey; not a quality rejection,Automatic title triage only
2024.acl-long.702,DRAGIN: Dynamic Retrieval Augmented Generation based on the Real-time Information Needs of Large Language Models,https://aclanthology.org/2024.acl-long.702/,Reserve - not individually abstract-screened,Not selected for bounded 7-page survey; not a quality rejection,Automatic title triage only
2024.acl-long.720,Faithful Logical Reasoning via Symbolic Chain-of-Thought,https://aclanthology.org/2024.acl-long.720/,Reserve - not individually abstract-screened,Not selected for bounded 7-page survey; not a quality rejection,Automatic title triage only
2024.acl-long.770,Confabulation: The Surprising Value of Large Language Model Hallucinations,https://aclanthology.org/2024.acl-long.770/,Reserve - not individually abstract-screened,Not selected for bounded 7-page survey; not a quality rejection,Automatic title triage only
2024.acl-long.786,"Don’t Hallucinate, Abstain: Identifying LLM Knowledge Gaps via Multi-LLM Collaboration",https://aclanthology.org/2024.acl-long.786/,Included,Title/abstract screened; selected for mechanism and evaluation coverage,Title/abstract
2024.acl-long.806,WebCiteS: Attributed Query-Focused Summarization on Chinese Web Search Results with Citations,https://aclanthology.org/2024.acl-long.806/,Reserve - not individually abstract-screened,Not selected for bounded 7-page survey; not a quality rejection,Automatic title triage only
2024.acl-short.12,On the Role of Long-tail Knowledge in Retrieval Augmented Large Language Models,https://aclanthology.org/2024.acl-short.12/,Reserve - not individually abstract-screened,Not selected for bounded 7-page survey; not a quality rejection,Automatic title triage only
2024.acl-short.39,Born Differently Makes a Difference: Counterfactual Study of Bias in Biography Generation from a Data-to-Text Perspective,https://aclanthology.org/2024.acl-short.39/,Excluded at automatic title triage,Term match refers primarily to a different task; can be revisited,Automatic title triage only
2024.acl-short.49,The Probabilities Also Matter: A More Faithful Metric for Faithfulness of Free-Text Explanations in Large Language Models,https://aclanthology.org/2024.acl-short.49/,Reserve - not individually abstract-screened,Not selected for bounded 7-page survey; not a quality rejection,Automatic title triage only
2024.acl-short.66,On the Hallucination in Simultaneous Machine Translation,https://aclanthology.org/2024.acl-short.66/,Reserve - not individually abstract-screened,Not selected for bounded 7-page survey; not a quality rejection,Automatic title triage only
2024.acl-demos.14,"LocalRQA: From Generating Data to Locally Training, Testing, and Deploying Retrieval-Augmented QA Systems",https://aclanthology.org/2024.acl-demos.14/,Reserve - not individually abstract-screened,Not selected for bounded 7-page survey; not a quality rejection,Automatic title triage only
2024.acl-demos.15,JORA: JAX Tensor-Parallel LoRA Library for Retrieval Augmented Fine-Tuning,https://aclanthology.org/2024.acl-demos.15/,Reserve - not individually abstract-screened,Not selected for bounded 7-page survey; not a quality rejection,Automatic title triage only
2024.acl-demos.25,VeraCT Scan: Retrieval-Augmented Fake News Detection with Justifiable Reasoning,https://aclanthology.org/2024.acl-demos.25/,Reserve - not individually abstract-screened,Not selected for bounded 7-page survey; not a quality rejection,Automatic title triage only
2024.acl-srw.18,ANHALTEN: Cross-Lingual Transfer for German Token-Level Reference-Free Hallucination Detection,https://aclanthology.org/2024.acl-srw.18/,Reserve - not individually abstract-screened,Not selected for bounded 7-page survey; not a quality rejection,Automatic title triage only
2024.emnlp-main.3,FIZZ: Factual Inconsistency Detection by Zoom-in Summary and Zoom-out Document,https://aclanthology.org/2024.emnlp-main.3/,Reserve - not individually abstract-screened,Not selected for bounded 7-page survey; not a quality rejection,Automatic title triage only
2024.emnlp-main.18,Uncertainty in Language Models: Assessment through Rank-Calibration,https://aclanthology.org/2024.emnlp-main.18/,Reserve - not individually abstract-screened,Not selected for bounded 7-page survey; not a quality rejection,Automatic title triage only
2024.emnlp-main.36,Evaluating Readability and Faithfulness of Concept-based Explanations,https://aclanthology.org/2024.emnlp-main.36/,Reserve - not individually abstract-screened,Not selected for bounded 7-page survey; not a quality rejection,Automatic title triage only
2024.emnlp-main.58,BlendFilter: Advancing Retrieval-Augmented Large Language Models via Query Generation Blending and Knowledge Filtering,https://aclanthology.org/2024.emnlp-main.58/,Reserve - not individually abstract-screened,Not selected for bounded 7-page survey; not a quality rejection,Automatic title triage only
2024.emnlp-main.62,RULE: Reliable Multimodal RAG for Factuality in Medical Vision Language Models,https://aclanthology.org/2024.emnlp-main.62/,Excluded at automatic title triage,Multimodal or non-text-generation focus outside selected scope,Automatic title triage only
2024.emnlp-main.67,EFUF: Efficient Fine-Grained Unlearning Framework for Mitigating Hallucinations in Multimodal Large Language Models,https://aclanthology.org/2024.emnlp-main.67/,Excluded at automatic title triage,Multimodal or non-text-generation focus outside selected scope,Automatic title triage only
2024.emnlp-main.77,Mitigating Language Bias of LMMs in Social Intelligence Understanding with Virtual Counterfactual Calibration,https://aclanthology.org/2024.emnlp-main.77/,Excluded at automatic title triage,Term match refers primarily to a different task; can be revisited,Automatic title triage only
2024.emnlp-main.84,Lookback Lens: Detecting and Mitigating Contextual Hallucinations in Large Language Models Using Only Attention Maps,https://aclanthology.org/2024.emnlp-main.84/,Included,Title/abstract screened; selected for mechanism and evaluation coverage,Title/abstract
2024.emnlp-main.96,Glue pizza and eat rocks - Exploiting Vulnerabilities in Retrieval-Augmented Generative Models,https://aclanthology.org/2024.emnlp-main.96/,Reserve - not individually abstract-screened,Not selected for bounded 7-page survey; not a quality rejection,Automatic title triage only
2024.emnlp-main.105,HELPD: Mitigating Hallucination of LVLMs by Hierarchical Feedback Learning with Vision-enhanced Penalty Decoding,https://aclanthology.org/2024.emnlp-main.105/,Excluded at automatic title triage,Multimodal or non-text-generation focus outside selected scope,Automatic title triage only
2024.emnlp-main.116,Embedding and Gradient Say Wrong: A White-Box Method for Hallucination Detection,https://aclanthology.org/2024.emnlp-main.116/,Reserve - not individually abstract-screened,Not selected for bounded 7-page survey; not a quality rejection,Automatic title triage only
2024.emnlp-main.152,Knowledge Verification to Nip Hallucination in the Bud,https://aclanthology.org/2024.emnlp-main.152/,Reserve - not individually abstract-screened,Not selected for bounded 7-page survey; not a quality rejection,Automatic title triage only
2024.emnlp-main.153,QUITE: Quantifying Uncertainty in Natural Language Text in Bayesian Reasoning Scenarios,https://aclanthology.org/2024.emnlp-main.153/,Reserve - not individually abstract-screened,Not selected for bounded 7-page survey; not a quality rejection,Automatic title triage only
2024.emnlp-main.155,Whispers that Shake Foundations: Analyzing and Mitigating False Premise Hallucinations in Large Language Models,https://aclanthology.org/2024.emnlp-main.155/,Reserve - not individually abstract-screened,Not selected for bounded 7-page survey; not a quality rejection,Automatic title triage only
2024.emnlp-main.159,Does Object Grounding Really Reduce Hallucination of Large Vision-Language Models?,https://aclanthology.org/2024.emnlp-main.159/,Excluded at automatic title triage,Multimodal or non-text-generation focus outside selected scope,Automatic title triage only
2024.emnlp-main.178,SEER: Self-Aligned Evidence Extraction for Retrieval-Augmented Generation,https://aclanthology.org/2024.emnlp-main.178/,Reserve - not individually abstract-screened,Not selected for bounded 7-page survey; not a quality rejection,Automatic title triage only
2024.emnlp-main.191,Neuron-Level Knowledge Attribution in Large Language Models,https://aclanthology.org/2024.emnlp-main.191/,Reserve - not individually abstract-screened,Not selected for bounded 7-page survey; not a quality rejection,Automatic title triage only
2024.emnlp-main.212,Learn to Refuse: Making Large Language Models More Controllable and Reliable through Knowledge Scope Limitation and Refusal Mechanism,https://aclanthology.org/2024.emnlp-main.212/,Reserve - not individually abstract-screened,Not selected for bounded 7-page survey; not a quality rejection,Automatic title triage only
2024.emnlp-main.223,Advancing Large Language Model Attribution through Self-Improving,https://aclanthology.org/2024.emnlp-main.223/,Reserve - not individually abstract-screened,Not selected for bounded 7-page survey; not a quality rejection,Automatic title triage only
2024.emnlp-main.229,Dancing in Chains: Reconciling Instruction Following and Faithfulness in Language Models,https://aclanthology.org/2024.emnlp-main.229/,Reserve - not individually abstract-screened,Not selected for bounded 7-page survey; not a quality rejection,Automatic title triage only
2024.emnlp-main.239,Teaching LLMs to Abstain across Languages via Multilingual Feedback,https://aclanthology.org/2024.emnlp-main.239/,Reserve - not individually abstract-screened,Not selected for bounded 7-page survey; not a quality rejection,Automatic title triage only
2024.emnlp-main.249,RAG-QA Arena: Evaluating Domain Robustness for Long-form Retrieval Augmented Question Answering,https://aclanthology.org/2024.emnlp-main.249/,Reserve - not individually abstract-screened,Not selected for bounded 7-page survey; not a quality rejection,Automatic title triage only
2024.emnlp-main.255,F^2RL: Factuality and Faithfulness Reinforcement Learning Framework for Claim-Guided Evidence-Supported Counterspeech Generation,https://aclanthology.org/2024.emnlp-main.255/,Excluded at automatic title triage,Multimodal or non-text-generation focus outside selected scope,Automatic title triage only
2024.emnlp-main.281,Crafting Personalized Agents through Retrieval-Augmented Generation on Editable Memory Graphs,https://aclanthology.org/2024.emnlp-main.281/,Reserve - not individually abstract-screened,Not selected for bounded 7-page survey; not a quality rejection,Automatic title triage only
2024.emnlp-main.299,LUQ: Long-text Uncertainty Quantification for LLMs,https://aclanthology.org/2024.emnlp-main.299/,Reserve - not individually abstract-screened,Not selected for bounded 7-page survey; not a quality rejection,Automatic title triage only
2024.emnlp-main.321,REAR: A Relevance-Aware Retrieval-Augmented Framework for Open-Domain Question Answering,https://aclanthology.org/2024.emnlp-main.321/,Reserve - not individually abstract-screened,Not selected for bounded 7-page survey; not a quality rejection,Automatic title triage only
2024.emnlp-main.333,Teaching Small Language Models Reasoning through Counterfactual Distillation,https://aclanthology.org/2024.emnlp-main.333/,Excluded at automatic title triage,Term match refers primarily to a different task; can be revisited,Automatic title triage only
2024.emnlp-main.347,Model Internals-based Answer Attribution for Trustworthy Retrieval-Augmented Generation,https://aclanthology.org/2024.emnlp-main.347/,Reserve - not individually abstract-screened,Not selected for bounded 7-page survey; not a quality rejection,Automatic title triage only
2024.emnlp-main.353,Do You Know What You Are Talking About? Characterizing Query-Knowledge Relevance For Reliable Retrieval Augmented Generation,https://aclanthology.org/2024.emnlp-main.353/,Reserve - not individually abstract-screened,Not selected for bounded 7-page survey; not a quality rejection,Automatic title triage only
2024.emnlp-main.364,Personas as a Way to Model Truthfulness in Language Models,https://aclanthology.org/2024.emnlp-main.364/,Reserve - not individually abstract-screened,Not selected for bounded 7-page survey; not a quality rejection,Automatic title triage only
2024.emnlp-main.375,An Audit on the Perspectives and Challenges of Hallucinations in NLP,https://aclanthology.org/2024.emnlp-main.375/,Reserve - not individually abstract-screened,Not selected for bounded 7-page survey; not a quality rejection,Automatic title triage only
2024.emnlp-main.394,TimeR^4 : Time-aware Retrieval-Augmented Large Language Models for Temporal Knowledge Graph Question Answering,https://aclanthology.org/2024.emnlp-main.394/,Reserve - not individually abstract-screened,Not selected for bounded 7-page survey; not a quality rejection,Automatic title triage only
2024.emnlp-main.395,Knowledge-Centric Hallucination Detection,https://aclanthology.org/2024.emnlp-main.395/,Reserve - not individually abstract-screened,Not selected for bounded 7-page survey; not a quality rejection,Automatic title triage only
2024.emnlp-main.420,Unveiling Factual Recall Behaviors of Large Language Models through Knowledge Neurons,https://aclanthology.org/2024.emnlp-main.420/,Reserve - not individually abstract-screened,Not selected for bounded 7-page survey; not a quality rejection,Automatic title triage only
2024.emnlp-main.439,DAMRO: Dive into the Attention Mechanism of LVLM to Reduce Object Hallucination,https://aclanthology.org/2024.emnlp-main.439/,Excluded at automatic title triage,Multimodal or non-text-generation focus outside selected scope,Automatic title triage only
2024.emnlp-main.443,Can Large Language Models Faithfully Express Their Intrinsic Uncertainty in Words?,https://aclanthology.org/2024.emnlp-main.443/,Reserve - not individually abstract-screened,Not selected for bounded 7-page survey; not a quality rejection,Automatic title triage only
2024.emnlp-main.444,Does Fine-Tuning LLMs on New Knowledge Encourage Hallucinations?,https://aclanthology.org/2024.emnlp-main.444/,Included,Title/abstract screened; selected for mechanism and evaluation coverage,Title/abstract
2024.emnlp-main.449,Improving Retrieval-augmented Text-to-SQL with AST-based Ranking and Schema Pruning,https://aclanthology.org/2024.emnlp-main.449/,Reserve - not individually abstract-screened,Not selected for bounded 7-page survey; not a quality rejection,Automatic title triage only
2024.emnlp-main.463,Attribute or Abstain: Large Language Models as Long Document Assistants,https://aclanthology.org/2024.emnlp-main.463/,Reserve - not individually abstract-screened,Not selected for bounded 7-page survey; not a quality rejection,Automatic title triage only
2024.emnlp-main.470,Pelican: Correcting Hallucination in Vision-LLMs via Claim Decomposition and Program of Thought Verification,https://aclanthology.org/2024.emnlp-main.470/,Excluded at automatic title triage,Multimodal or non-text-generation focus outside selected scope,Automatic title triage only
2024.emnlp-main.483,Perceptions of Linguistic Uncertainty by Language Models and Humans,https://aclanthology.org/2024.emnlp-main.483/,Reserve - not individually abstract-screened,Not selected for bounded 7-page survey; not a quality rejection,Automatic title triage only
2024.emnlp-main.486,Knowledge Conflicts for LLMs: A Survey,https://aclanthology.org/2024.emnlp-main.486/,Reserve - not individually abstract-screened,Not selected for bounded 7-page survey; not a quality rejection,Automatic title triage only
2024.emnlp-main.510,Statistical Uncertainty in Word Embeddings: GloVe-V,https://aclanthology.org/2024.emnlp-main.510/,Reserve - not individually abstract-screened,Not selected for bounded 7-page survey; not a quality rejection,Automatic title triage only
2024.emnlp-main.513,The Factuality Tax of Diversity-Intervened Text-to-Image Generation: Benchmark and Fact-Augmented Intervention,https://aclanthology.org/2024.emnlp-main.513/,Excluded at automatic title triage,Multimodal or non-text-generation focus outside selected scope,Automatic title triage only
2024.emnlp-main.520,Ontologically Faithful Generation of Non-Player Character Dialogues,https://aclanthology.org/2024.emnlp-main.520/,Reserve - not individually abstract-screened,Not selected for bounded 7-page survey; not a quality rejection,Automatic title triage only
2024.emnlp-main.527,Synchronous Faithfulness Monitoring for Trustworthy Retrieval-Augmented Generation,https://aclanthology.org/2024.emnlp-main.527/,Included,Title/abstract screened; selected for mechanism and evaluation coverage,Title/abstract
2024.emnlp-main.557,STORYSUMM: Evaluating Faithfulness in Story Summarization,https://aclanthology.org/2024.emnlp-main.557/,Reserve - not individually abstract-screened,Not selected for bounded 7-page survey; not a quality rejection,Automatic title triage only
2024.emnlp-main.583,Enhancing Language Model Factuality via Activation-Based Confidence Calibration and Guided Decoding,https://aclanthology.org/2024.emnlp-main.583/,Reserve - not individually abstract-screened,Not selected for bounded 7-page survey; not a quality rejection,Automatic title triage only
2024.emnlp-main.610,ATM: Adversarial Tuning Multi-agent System Makes a Robust Retrieval-Augmented Generator,https://aclanthology.org/2024.emnlp-main.610/,Reserve - not individually abstract-screened,Not selected for bounded 7-page survey; not a quality rejection,Automatic title triage only
2024.emnlp-main.611,Dynamic Multi-granularity Attribution Network for Aspect-based Sentiment Analysis,https://aclanthology.org/2024.emnlp-main.611/,Reserve - not individually abstract-screened,Not selected for bounded 7-page survey; not a quality rejection,Automatic title triage only
2024.emnlp-main.613,Large Language Models Know What is Key Visual Entity: An LLM-assisted Multimodal Retrieval for VQA,https://aclanthology.org/2024.emnlp-main.613/,Excluded at automatic title triage,Multimodal or non-text-generation focus outside selected scope,Automatic title triage only
2024.emnlp-main.637,ToolBeHonest: A Multi-level Hallucination Diagnostic Benchmark for Tool-Augmented Large Language Models,https://aclanthology.org/2024.emnlp-main.637/,Reserve - not individually abstract-screened,Not selected for bounded 7-page survey; not a quality rejection,Automatic title triage only
2024.emnlp-main.661,Towards a Greek Proverb Atlas: Computational Spatial Exploration and Attribution of Greek Proverbs,https://aclanthology.org/2024.emnlp-main.661/,Reserve - not individually abstract-screened,Not selected for bounded 7-page survey; not a quality rejection,Automatic title triage only
2024.emnlp-main.685,RA2FD: Distilling Faithfulness into Efficient Dialogue Systems,https://aclanthology.org/2024.emnlp-main.685/,Reserve - not individually abstract-screened,Not selected for bounded 7-page survey; not a quality rejection,Automatic title triage only
2024.emnlp-main.728,Detecting Errors through Ensembling Prompts (DEEP): An End-to-End LLM Framework for Detecting Factual Errors,https://aclanthology.org/2024.emnlp-main.728/,Reserve - not individually abstract-screened,Not selected for bounded 7-page survey; not a quality rejection,Automatic title triage only
2024.emnlp-main.733,A Bayesian Approach to Harnessing the Power of LLMs in Authorship Attribution,https://aclanthology.org/2024.emnlp-main.733/,Excluded at automatic title triage,Term match refers primarily to a different task; can be revisited,Automatic title triage only
2024.emnlp-main.740,Null-Shot Prompting: Rethinking Prompting Large Language Models With Hallucination,https://aclanthology.org/2024.emnlp-main.740/,Reserve - not individually abstract-screened,Not selected for bounded 7-page survey; not a quality rejection,Automatic title triage only
2024.emnlp-main.751,Lifelong Knowledge Editing for LLMs with Retrieval-Augmented Continuous Prompt Learning,https://aclanthology.org/2024.emnlp-main.751/,Reserve - not individually abstract-screened,Not selected for bounded 7-page survey; not a quality rejection,Automatic title triage only
2024.emnlp-main.782,Enhancing Training Data Attribution for Large Language Models with Fitting Error Consideration,https://aclanthology.org/2024.emnlp-main.782/,Reserve - not individually abstract-screened,Not selected for bounded 7-page survey; not a quality rejection,Automatic title triage only
2024.emnlp-main.809,Small Agent Can Also Rock! Empowering Small Language Models as Hallucination Detector,https://aclanthology.org/2024.emnlp-main.809/,Reserve - not individually abstract-screened,Not selected for bounded 7-page survey; not a quality rejection,Automatic title triage only
2024.emnlp-main.810,Interpretable Composition Attribution Enhancement for Visio-linguistic Compositional Understanding,https://aclanthology.org/2024.emnlp-main.810/,Reserve - not individually abstract-screened,Not selected for bounded 7-page survey; not a quality rejection,Automatic title triage only
2024.emnlp-main.813,Chain-of-Note: Enhancing Robustness in Retrieval-Augmented Language Models,https://aclanthology.org/2024.emnlp-main.813/,Reserve - not individually abstract-screened,Not selected for bounded 7-page survey; not a quality rejection,Automatic title triage only
2024.emnlp-main.823,Bridging Local Details and Global Context in Text-Attributed Graphs,https://aclanthology.org/2024.emnlp-main.823/,Excluded at automatic title triage,Term match refers primarily to a different task; can be revisited,Automatic title triage only
2024.emnlp-main.837,HalluMeasure: Fine-grained Hallucination Measurement Using Chain-of-Thought Reasoning,https://aclanthology.org/2024.emnlp-main.837/,Reserve - not individually abstract-screened,Not selected for bounded 7-page survey; not a quality rejection,Automatic title triage only
2024.emnlp-main.887,Temporally Consistent Factuality Probing for Large Language Models,https://aclanthology.org/2024.emnlp-main.887/,Reserve - not individually abstract-screened,Not selected for bounded 7-page survey; not a quality rejection,Automatic title triage only
2024.emnlp-main.894,FAME: Towards Factual Multi-Task Model Editing,https://aclanthology.org/2024.emnlp-main.894/,Reserve - not individually abstract-screened,Not selected for bounded 7-page survey; not a quality rejection,Automatic title triage only
2024.emnlp-main.914,Towards Cross-Cultural Machine Translation with Retrieval-Augmented Generation from Multilingual Knowledge Graphs,https://aclanthology.org/2024.emnlp-main.914/,Reserve - not individually abstract-screened,Not selected for bounded 7-page survey; not a quality rejection,Automatic title triage only
2024.emnlp-main.922,Multi-Level Information Retrieval Augmented Generation for Knowledge-based Visual Question Answering,https://aclanthology.org/2024.emnlp-main.922/,Excluded at automatic title triage,Multimodal or non-text-generation focus outside selected scope,Automatic title triage only
2024.emnlp-main.923,Can We Trust the Performance Evaluation of Uncertainty Estimation Methods in Text Summarization?,https://aclanthology.org/2024.emnlp-main.923/,Reserve - not individually abstract-screened,Not selected for bounded 7-page survey; not a quality rejection,Automatic title triage only
2024.emnlp-main.943,Deciphering the Interplay of Parametric and Non-parametric Memory in Retrieval-augmented Language Models,https://aclanthology.org/2024.emnlp-main.943/,Reserve - not individually abstract-screened,Not selected for bounded 7-page survey; not a quality rejection,Automatic title triage only
2024.emnlp-main.956,Adaptive Question Answering: Enhancing Language Model Proficiency for Addressing Knowledge Conflicts with Source Citations,https://aclanthology.org/2024.emnlp-main.956/,Reserve - not individually abstract-screened,Not selected for bounded 7-page survey; not a quality rejection,Automatic title triage only
2024.emnlp-main.972,Dual-oriented Disentangled Network with Counterfactual Intervention for Multimodal Intent Detection,https://aclanthology.org/2024.emnlp-main.972/,Excluded at automatic title triage,Term match refers primarily to a different task; can be revisited,Automatic title triage only
2024.emnlp-main.981,Searching for Best Practices in Retrieval-Augmented Generation,https://aclanthology.org/2024.emnlp-main.981/,Reserve - not individually abstract-screened,Not selected for bounded 7-page survey; not a quality rejection,Automatic title triage only
2024.emnlp-main.985,Enhancing Post-Hoc Attributions in Long Document Comprehension via Coarse Grained Answer Decomposition,https://aclanthology.org/2024.emnlp-main.985/,Reserve - not individually abstract-screened,Not selected for bounded 7-page survey; not a quality rejection,Automatic title triage only
2024.emnlp-main.993,Unveiling and Consulting Core Experts in Retrieval-Augmented MoE-based LLMs,https://aclanthology.org/2024.emnlp-main.993/,Reserve - not individually abstract-screened,Not selected for bounded 7-page survey; not a quality rejection,Automatic title triage only
2024.emnlp-main.994,CURE: Context- and Uncertainty-Aware Mental Disorder Detection,https://aclanthology.org/2024.emnlp-main.994/,Reserve - not individually abstract-screened,Not selected for bounded 7-page survey; not a quality rejection,Automatic title triage only
2024.emnlp-main.998,Game on Tree: Visual Hallucination Mitigation via Coarse-to-Fine View Tree and Game Theory,https://aclanthology.org/2024.emnlp-main.998/,Excluded at automatic title triage,Multimodal or non-text-generation focus outside selected scope,Automatic title triage only
2024.emnlp-main.1012,On the Universal Truthfulness Hyperplane Inside LLMs,https://aclanthology.org/2024.emnlp-main.1012/,Included,Title/abstract screened; selected for mechanism and evaluation coverage,Title/abstract
2024.emnlp-main.1016,Investigating and Mitigating Object Hallucinations in Pretrained Vision-Language (CLIP) Models,https://aclanthology.org/2024.emnlp-main.1016/,Excluded at automatic title triage,Multimodal or non-text-generation focus outside selected scope,Automatic title triage only
2024.emnlp-main.1033,Enhanced Hallucination Detection in Neural Machine Translation through Simple Detector Aggregation,https://aclanthology.org/2024.emnlp-main.1033/,Reserve - not individually abstract-screened,Not selected for bounded 7-page survey; not a quality rejection,Automatic title triage only
2024.emnlp-main.1049,Are Data Augmentation Methods in Named Entity Recognition Applicable for Uncertainty Estimation?,https://aclanthology.org/2024.emnlp-main.1049/,Reserve - not individually abstract-screened,Not selected for bounded 7-page survey; not a quality rejection,Automatic title triage only
2024.emnlp-main.1052,Towards Faithful Knowledge Graph Explanation Through Deep Alignment in Commonsense Question Answering,https://aclanthology.org/2024.emnlp-main.1052/,Reserve - not individually abstract-screened,Not selected for bounded 7-page survey; not a quality rejection,Automatic title triage only
2024.emnlp-main.1088,Factuality of Large Language Models: A Survey,https://aclanthology.org/2024.emnlp-main.1088/,Included,Title/abstract screened; selected for mechanism and evaluation coverage,Title/abstract
2024.emnlp-main.1120,SYNFAC-EDIT: Synthetic Imitation Edit Feedback for Factual Alignment in Clinical Summarization,https://aclanthology.org/2024.emnlp-main.1120/,Reserve - not individually abstract-screened,Not selected for bounded 7-page survey; not a quality rejection,Automatic title triage only
2024.emnlp-main.1199,RAR: Retrieval-augmented retrieval for code generation in low resource languages,https://aclanthology.org/2024.emnlp-main.1199/,Reserve - not individually abstract-screened,Not selected for bounded 7-page survey; not a quality rejection,Automatic title triage only
2024.emnlp-main.1205,Can LLMs Learn Uncertainty on Their Own? Expressing Uncertainty Effectively in A Self-Training Manner,https://aclanthology.org/2024.emnlp-main.1205/,Reserve - not individually abstract-screened,Not selected for bounded 7-page survey; not a quality rejection,Automatic title triage only
2024.emnlp-main.1236,RE-RAG: Improving Open-Domain QA Performance and Interpretability with Relevance Estimator in Retrieval-Augmented Generation,https://aclanthology.org/2024.emnlp-main.1236/,Reserve - not individually abstract-screened,Not selected for bounded 7-page survey; not a quality rejection,Automatic title triage only
2024.emnlp-main.1259,LongRAG: A Dual-Perspective Retrieval-Augmented Generation Paradigm for Long-Context Question Answering,https://aclanthology.org/2024.emnlp-main.1259/,Reserve - not individually abstract-screened,Not selected for bounded 7-page survey; not a quality rejection,Automatic title triage only
2024.emnlp-main.1263,Mitigating Open-Vocabulary Caption Hallucinations,https://aclanthology.org/2024.emnlp-main.1263/,Reserve - not individually abstract-screened,Not selected for bounded 7-page survey; not a quality rejection,Automatic title triage only
2024.emnlp-demo.4,Medico: Towards Hallucination Detection and Correction with Multi-source Evidence Fusion,https://aclanthology.org/2024.emnlp-demo.4/,Reserve - not individually abstract-screened,Not selected for bounded 7-page survey; not a quality rejection,Automatic title triage only
2024.emnlp-demo.10,TruthReader: Towards Trustworthy Document Assistant Chatbot with Reliable Attribution,https://aclanthology.org/2024.emnlp-demo.10/,Reserve - not individually abstract-screened,Not selected for bounded 7-page survey; not a quality rejection,Automatic title triage only
2024.emnlp-demo.23,OpenFactCheck: A Unified Framework for Factuality Evaluation of LLMs,https://aclanthology.org/2024.emnlp-demo.23/,Reserve - not individually abstract-screened,Not selected for bounded 7-page survey; not a quality rejection,Automatic title triage only
2024.emnlp-demo.26,MATSA: Multi-Agent Table Structure Attribution,https://aclanthology.org/2024.emnlp-demo.26/,Reserve - not individually abstract-screened,Not selected for bounded 7-page survey; not a quality rejection,Automatic title triage only
2024.emnlp-demo.33,RAGViz: Diagnose and Visualize Retrieval-Augmented Generation,https://aclanthology.org/2024.emnlp-demo.33/,Excluded at automatic title triage,Multimodal or non-text-generation focus outside selected scope,Automatic title triage only
2024.emnlp-demo.40,SparkRA: A Retrieval-Augmented Knowledge Service System Based on Spark Large Language Model,https://aclanthology.org/2024.emnlp-demo.40/,Reserve - not individually abstract-screened,Not selected for bounded 7-page survey; not a quality rejection,Automatic title triage only
2024.emnlp-demo.43,RAGLAB: A Modular and Research-Oriented Unified Framework for Retrieval-Augmented Generation,https://aclanthology.org/2024.emnlp-demo.43/,Reserve - not individually abstract-screened,Not selected for bounded 7-page survey; not a quality rejection,Automatic title triage only
2024.emnlp-industry.2,Two-tiered Encoder-based Hallucination Detection for Retrieval-Augmented Generation in the Wild,https://aclanthology.org/2024.emnlp-industry.2/,Reserve - not individually abstract-screened,Not selected for bounded 7-page survey; not a quality rejection,Automatic title triage only
2024.emnlp-industry.7,Retrieval Augmented Spelling Correction for E-Commerce Applications,https://aclanthology.org/2024.emnlp-industry.7/,Reserve - not individually abstract-screened,Not selected for bounded 7-page survey; not a quality rejection,Automatic title triage only
2024.emnlp-industry.11,Hybrid-RACA: Hybrid Retrieval-Augmented Composition Assistance for Real-time Text Prediction,https://aclanthology.org/2024.emnlp-industry.11/,Excluded at automatic title triage,Term match refers primarily to a different task; can be revisited,Automatic title triage only
2024.emnlp-industry.51,Improving Few-Shot Cross-Domain Named Entity Recognition by Instruction Tuning a Word-Embedding based Retrieval Augmented Large Language Model,https://aclanthology.org/2024.emnlp-industry.51/,Reserve - not individually abstract-screened,Not selected for bounded 7-page survey; not a quality rejection,Automatic title triage only
2024.emnlp-industry.66,Retrieval Augmented Generation or Long-Context LLMs? A Comprehensive Study and Hybrid Approach,https://aclanthology.org/2024.emnlp-industry.66/,Reserve - not individually abstract-screened,Not selected for bounded 7-page survey; not a quality rejection,Automatic title triage only
2024.emnlp-industry.97,Provenance: A Light-weight Fact-checker for Retrieval Augmented LLM Generation Output,https://aclanthology.org/2024.emnlp-industry.97/,Reserve - not individually abstract-screened,Not selected for bounded 7-page survey; not a quality rejection,Automatic title triage only
2024.emnlp-industry.108,RAC: Retrieval-augmented Conversation Dataset for Open-domain Question Answering in Conversational Settings,https://aclanthology.org/2024.emnlp-industry.108/,Reserve - not individually abstract-screened,Not selected for bounded 7-page survey; not a quality rejection,Automatic title triage only
2024.emnlp-industry.113,RAG-HAT: A Hallucination-Aware Tuning Pipeline for LLM in Retrieval-Augmented Generation,https://aclanthology.org/2024.emnlp-industry.113/,Reserve - not individually abstract-screened,Not selected for bounded 7-page survey; not a quality rejection,Automatic title triage only
2024.naacl-long.20,ARES: An Automated Evaluation Framework for Retrieval-Augmented Generation Systems,https://aclanthology.org/2024.naacl-long.20/,Reserve - not individually abstract-screened,Not selected for bounded 7-page survey; not a quality rejection,Automatic title triage only
2024.naacl-long.23,Volcano: Mitigating Multimodal Hallucination through Self-Feedback Guided Revision,https://aclanthology.org/2024.naacl-long.23/,Excluded at automatic title triage,Multimodal or non-text-generation focus outside selected scope,Automatic title triage only
2024.naacl-long.33,AMRFact: Enhancing Summarization Factuality Evaluation with AMR-Driven Negative Samples Generation,https://aclanthology.org/2024.naacl-long.33/,Reserve - not individually abstract-screened,Not selected for bounded 7-page survey; not a quality rejection,Automatic title triage only
2024.naacl-long.46,Assessing Factual Reliability of Large Language Model Knowledge,https://aclanthology.org/2024.naacl-long.46/,Reserve - not individually abstract-screened,Not selected for bounded 7-page survey; not a quality rejection,Automatic title triage only
2024.naacl-long.60,On Large Language Models’ Hallucination with Regard to Known Facts,https://aclanthology.org/2024.naacl-long.60/,Included,Title/abstract screened; selected for mechanism and evaluation coverage,Title/abstract
2024.naacl-long.62,"Language Models Hallucinate, but May Excel at Fact Verification",https://aclanthology.org/2024.naacl-long.62/,Reserve - not individually abstract-screened,Not selected for bounded 7-page survey; not a quality rejection,Automatic title triage only
2024.naacl-long.63,A Rationale-centric Counterfactual Data Augmentation Method for Cross-Document Event Coreference Resolution,https://aclanthology.org/2024.naacl-long.63/,Excluded at automatic title triage,Term match refers primarily to a different task; can be revisited,Automatic title triage only
2024.naacl-long.81,Large Language Models Help Humans Verify Truthfulness – Except When They Are Convincingly Wrong,https://aclanthology.org/2024.naacl-long.81/,Reserve - not individually abstract-screened,Not selected for bounded 7-page survey; not a quality rejection,Automatic title triage only
2024.naacl-long.102,Reasoning or Reciting? Exploring the Capabilities and Limitations of Language Models Through Counterfactual Tasks,https://aclanthology.org/2024.naacl-long.102/,Excluded at automatic title triage,Term match refers primarily to a different task; can be revisited,Automatic title triage only
2024.naacl-long.125,Program-Aided Reasoners (Better) Know What They Know,https://aclanthology.org/2024.naacl-long.125/,Reserve - not individually abstract-screened,Not selected for bounded 7-page survey; not a quality rejection,Automatic title triage only
2024.naacl-long.167,ExpertQA: Expert-Curated Questions and Attributed Answers,https://aclanthology.org/2024.naacl-long.167/,Included,Title/abstract screened; selected for mechanism and evaluation coverage,Title/abstract
2024.naacl-long.178,Comparing Explanation Faithfulness between Multilingual and Monolingual Fine-tuned Language Models,https://aclanthology.org/2024.naacl-long.178/,Reserve - not individually abstract-screened,Not selected for bounded 7-page survey; not a quality rejection,Automatic title triage only
2024.naacl-long.184,Uncertainty Quantification for In-Context Learning of Large Language Models,https://aclanthology.org/2024.naacl-long.184/,Reserve - not individually abstract-screened,Not selected for bounded 7-page survey; not a quality rejection,Automatic title triage only
2024.naacl-long.202,Know When To Stop: A Study of Semantic Drift in Text Generation,https://aclanthology.org/2024.naacl-long.202/,Reserve - not individually abstract-screened,Not selected for bounded 7-page survey; not a quality rejection,Automatic title triage only
2024.naacl-long.210,TRAQ: Trustworthy Retrieval Augmented Question Answering via Conformal Prediction,https://aclanthology.org/2024.naacl-long.210/,Reserve - not individually abstract-screened,Not selected for bounded 7-page survey; not a quality rejection,Automatic title triage only
2024.naacl-long.216,Towards Improved Multi-Source Attribution for Long-Form Answer Generation,https://aclanthology.org/2024.naacl-long.216/,Reserve - not individually abstract-screened,Not selected for bounded 7-page survey; not a quality rejection,Automatic title triage only
2024.naacl-long.219,Can Knowledge Graphs Reduce Hallucinations in LLMs? : A Survey,https://aclanthology.org/2024.naacl-long.219/,Reserve - not individually abstract-screened,Not selected for bounded 7-page survey; not a quality rejection,Automatic title triage only
2024.naacl-long.251,TofuEval: Evaluating Hallucinations of LLMs on Topic-Focused Dialogue Summarization,https://aclanthology.org/2024.naacl-long.251/,Included,Title/abstract screened; selected for mechanism and evaluation coverage,Title/abstract
2024.naacl-long.313,Evidence-Driven Retrieval Augmented Response Generation for Online Misinformation,https://aclanthology.org/2024.naacl-long.313/,Reserve - not individually abstract-screened,Not selected for bounded 7-page survey; not a quality rejection,Automatic title triage only
2024.naacl-long.338,Exploring the Factual Consistency in Dialogue Comprehension of Large Language Models,https://aclanthology.org/2024.naacl-long.338/,Reserve - not individually abstract-screened,Not selected for bounded 7-page survey; not a quality rejection,Automatic title triage only
2024.naacl-long.364,PlanRAG: A Plan-then-Retrieval Augmented Generation for Generative Large Language Models as Decision Makers,https://aclanthology.org/2024.naacl-long.364/,Reserve - not individually abstract-screened,Not selected for bounded 7-page survey; not a quality rejection,Automatic title triage only
2024.naacl-long.388,UniArk: Improving Generalisation and Consistency for Factual Knowledge Extraction through Debiasing,https://aclanthology.org/2024.naacl-long.388/,Reserve - not individually abstract-screened,Not selected for bounded 7-page survey; not a quality rejection,Automatic title triage only
2024.naacl-long.389,Adaptive-RAG: Learning to Adapt Retrieval-Augmented Large Language Models through Question Complexity,https://aclanthology.org/2024.naacl-long.389/,Reserve - not individually abstract-screened,Not selected for bounded 7-page survey; not a quality rejection,Automatic title triage only
2024.naacl-long.393,Elastic Weight Removal for Faithful and Abstractive Dialogue Generation,https://aclanthology.org/2024.naacl-long.393/,Reserve - not individually abstract-screened,Not selected for bounded 7-page survey; not a quality rejection,Automatic title triage only
2024.naacl-long.408,Improving Factual Accuracy of Neural Table-to-Text Output by Addressing Input Problems in ToTTo,https://aclanthology.org/2024.naacl-long.408/,Reserve - not individually abstract-screened,Not selected for bounded 7-page survey; not a quality rejection,Automatic title triage only
2024.naacl-long.424,Deceptive Semantic Shortcuts on Reasoning Chains: How Far Can Models Go without Hallucination?,https://aclanthology.org/2024.naacl-long.424/,Reserve - not individually abstract-screened,Not selected for bounded 7-page survey; not a quality rejection,Automatic title triage only
2024.naacl-long.434,Actively Learn from LLMs with Uncertainty Propagation for Generalized Category Discovery,https://aclanthology.org/2024.naacl-long.434/,Reserve - not individually abstract-screened,Not selected for bounded 7-page survey; not a quality rejection,Automatic title triage only
2024.naacl-long.463,REPLUG: Retrieval-Augmented Black-Box Language Models,https://aclanthology.org/2024.naacl-long.463/,Reserve - not individually abstract-screened,Not selected for bounded 7-page survey; not a quality rejection,Automatic title triage only
2024.naacl-long.479,Hallucination Diversity-Aware Active Learning for Text Summarization,https://aclanthology.org/2024.naacl-long.479/,Reserve - not individually abstract-screened,Not selected for bounded 7-page survey; not a quality rejection,Automatic title triage only
2024.naacl-short.30,ALOHa: A New Measure for Hallucination in Captioning Models,https://aclanthology.org/2024.naacl-short.30/,Reserve - not individually abstract-screened,Not selected for bounded 7-page survey; not a quality rejection,Automatic title triage only
2024.naacl-short.65,Unveiling the Magic: Investigating Attention Distillation in Retrieval-Augmented Generation,https://aclanthology.org/2024.naacl-short.65/,Reserve - not individually abstract-screened,Not selected for bounded 7-page survey; not a quality rejection,Automatic title triage only
2024.naacl-short.66,Improving Factuality in Clinical Abstractive Multi-Document Summarization by Guided Continued Pre-training,https://aclanthology.org/2024.naacl-short.66/,Reserve - not individually abstract-screened,Not selected for bounded 7-page survey; not a quality rejection,Automatic title triage only
2024.naacl-short.69,Trusting Your Evidence: Hallucinate Less with Context-aware Decoding,https://aclanthology.org/2024.naacl-short.69/,Included,Title/abstract screened; selected for mechanism and evaluation coverage,Title/abstract
2024.naacl-srw.13,Detecting Response Generation Not Requiring Factual Judgment,https://aclanthology.org/2024.naacl-srw.13/,Reserve - not individually abstract-screened,Not selected for bounded 7-page survey; not a quality rejection,Automatic title triage only
2024.naacl-industry.19,Reducing hallucination in structured outputs via Retrieval-Augmented Generation,https://aclanthology.org/2024.naacl-industry.19/,Reserve - not individually abstract-screened,Not selected for bounded 7-page survey; not a quality rejection,Automatic title triage only
2024.naacl-industry.23,Optimizing LLM Based Retrieval Augmented Generation Pipelines in the Financial Domain,https://aclanthology.org/2024.naacl-industry.23/,Reserve - not individually abstract-screened,Not selected for bounded 7-page survey; not a quality rejection,Automatic title triage only
2024.naacl-industry.24,Scaling Up Authorship Attribution,https://aclanthology.org/2024.naacl-industry.24/,Excluded at automatic title triage,Term match refers primarily to a different task; can be revisited,Automatic title triage only
2024.naacl-industry.27,Less is More for Improving Automatic Evaluation of Factual Consistency,https://aclanthology.org/2024.naacl-industry.27/,Reserve - not individually abstract-screened,Not selected for bounded 7-page survey; not a quality rejection,Automatic title triage only
2024.naacl-industry.31,Uncertainty Estimation in Large Language Models to Support Biodiversity Conservation,https://aclanthology.org/2024.naacl-industry.31/,Reserve - not individually abstract-screened,Not selected for bounded 7-page survey; not a quality rejection,Automatic title triage only
2024.eacl-long.4,Generating Benchmarks for Factuality Evaluation of Language Models,https://aclanthology.org/2024.eacl-long.4/,Included,Title/abstract screened; selected for mechanism and evaluation coverage,Title/abstract
2024.eacl-long.16,Asking the Right Question at the Right Time: Human and Model Uncertainty Guidance to Ask Clarification Questions,https://aclanthology.org/2024.eacl-long.16/,Reserve - not individually abstract-screened,Not selected for bounded 7-page survey; not a quality rejection,Automatic title triage only
2024.eacl-long.55,Entity-level Factual Adaptiveness of Fine-tuning based Abstractive Summarization Models,https://aclanthology.org/2024.eacl-long.55/,Reserve - not individually abstract-screened,Not selected for bounded 7-page survey; not a quality rejection,Automatic title triage only
2024.eacl-long.102,Fine-Grained Natural Language Inference Based Faithfulness Evaluation for Diverse Summarisation Tasks,https://aclanthology.org/2024.eacl-long.102/,Reserve - not individually abstract-screened,Not selected for bounded 7-page survey; not a quality rejection,Automatic title triage only
2024.eacl-long.113,CATfOOD: Counterfactual Augmented Training for Improving Out-of-Domain Performance and Calibration,https://aclanthology.org/2024.eacl-long.113/,Excluded at automatic title triage,Term match refers primarily to a different task; can be revisited,Automatic title triage only
2024.eacl-long.125,Approximate Attributions for Off-the-Shelf Siamese Transformers,https://aclanthology.org/2024.eacl-long.125/,Reserve - not individually abstract-screened,Not selected for bounded 7-page survey; not a quality rejection,Automatic title triage only
2024.eacl-long.129,Measuring Uncertainty in Neural Machine Translation with Similarity-Sensitive Entropy,https://aclanthology.org/2024.eacl-long.129/,Reserve - not individually abstract-screened,Not selected for bounded 7-page survey; not a quality rejection,Automatic title triage only
2024.eacl-long.143,SPUQ: Perturbation-Based Uncertainty Quantification for Large Language Models,https://aclanthology.org/2024.eacl-long.143/,Reserve - not individually abstract-screened,Not selected for bounded 7-page survey; not a quality rejection,Automatic title triage only
2024.eacl-long.149,"Ask, Assess, and Refine: Rectifying Factual Consistency and Hallucination in LLMs with Metric-Guided Feedback Learning",https://aclanthology.org/2024.eacl-long.149/,Reserve - not individually abstract-screened,Not selected for bounded 7-page survey; not a quality rejection,Automatic title triage only
2024.eacl-long.155,Contrastive Decoding Reduces Hallucinations in Large Multilingual Machine Translation Models,https://aclanthology.org/2024.eacl-long.155/,Reserve - not individually abstract-screened,Not selected for bounded 7-page survey; not a quality rejection,Automatic title triage only
2024.eacl-long.168,Counterfactual Reasoning with Knowledge Graph Embeddings,https://aclanthology.org/2024.eacl-long.168/,Excluded at automatic title triage,Term match refers primarily to a different task; can be revisited,Automatic title triage only
2024.eacl-long.181,CCPrefix: Counterfactual Contrastive Prefix-Tuning for Many-Class Classification,https://aclanthology.org/2024.eacl-long.181/,Excluded at automatic title triage,Term match refers primarily to a different task; can be revisited,Automatic title triage only
2024.eacl-short.4,Mitigating Hallucinations and Off-target Machine Translation with Source-Contrastive and Language-Contrastive Decoding,https://aclanthology.org/2024.eacl-short.4/,Reserve - not individually abstract-screened,Not selected for bounded 7-page survey; not a quality rejection,Automatic title triage only
2024.eacl-short.7,Evaluating the Factuality of Zero-shot Summarizers Across Varied Domains,https://aclanthology.org/2024.eacl-short.7/,Reserve - not individually abstract-screened,Not selected for bounded 7-page survey; not a quality rejection,Automatic title triage only
2024.eacl-short.13,On the Benefits of Fine-Grained Loss Truncation: A Case Study on Factuality in Summarization,https://aclanthology.org/2024.eacl-short.13/,Reserve - not individually abstract-screened,Not selected for bounded 7-page survey; not a quality rejection,Automatic title triage only
2024.eacl-short.22,Predict the Next Word: <Humans exhibit uncertainty in this task and language models _____>,https://aclanthology.org/2024.eacl-short.22/,Reserve - not individually abstract-screened,Not selected for bounded 7-page survey; not a quality rejection,Automatic title triage only
2024.eacl-demo.16,RAGAs: Automated Evaluation of Retrieval Augmented Generation,https://aclanthology.org/2024.eacl-demo.16/,Reserve - not individually abstract-screened,Not selected for bounded 7-page survey; not a quality rejection,Automatic title triage only
2024.eacl-srw.9,HypoTermQA: Hypothetical Terms Dataset for Benchmarking Hallucination Tendency of LLMs,https://aclanthology.org/2024.eacl-srw.9/,Reserve - not individually abstract-screened,Not selected for bounded 7-page survey; not a quality rejection,Automatic title triage only
2024.eacl-srw.15,Thesis Proposal: Detecting Agency Attribution,https://aclanthology.org/2024.eacl-srw.15/,Reserve - not individually abstract-screened,Not selected for bounded 7-page survey; not a quality rejection,Automatic title triage only
2024.eacl-srw.26,Forged-GAN-BERT: Authorship Attribution for LLM-Generated Forged Novels,https://aclanthology.org/2024.eacl-srw.26/,Excluded at automatic title triage,Term match refers primarily to a different task; can be revisited,Automatic title triage only
2024.findings-eacl.62,Do Language Models Know When They’re Hallucinating References?,https://aclanthology.org/2024.findings-eacl.62/,Reserve - not individually abstract-screened,Not selected for bounded 7-page survey; not a quality rejection,Automatic title triage only
2024.findings-eacl.69,On the Intractability to Synthesize Factual Inconsistencies in Summarization,https://aclanthology.org/2024.findings-eacl.69/,Reserve - not individually abstract-screened,Not selected for bounded 7-page survey; not a quality rejection,Automatic title triage only
2024.findings-eacl.155,The Queen of England is not England’s Queen: On the Lack of Factual Coherency in PLMs,https://aclanthology.org/2024.findings-eacl.155/,Reserve - not individually abstract-screened,Not selected for bounded 7-page survey; not a quality rejection,Automatic title triage only
2024.findings-naacl.12,Self-Checker: Plug-and-Play Modules for Fact-Checking with Large Language Models,https://aclanthology.org/2024.findings-naacl.12/,Reserve - not individually abstract-screened,Not selected for bounded 7-page survey; not a quality rejection,Automatic title triage only
2024.findings-naacl.85,ReEval: Automatic Hallucination Evaluation for Retrieval-Augmented Large Language Models via Transferable Adversarial Attacks,https://aclanthology.org/2024.findings-naacl.85/,Included,Title/abstract screened; selected for mechanism and evaluation coverage,Title/abstract
2024.findings-naacl.100,Groundedness in Retrieval-augmented Long-form Generation: An Empirical Study,https://aclanthology.org/2024.findings-naacl.100/,Reserve - not individually abstract-screened,Not selected for bounded 7-page survey; not a quality rejection,Automatic title triage only
2024.findings-naacl.106,Think While You Write: Hypothesis Verification Promotes Faithful Knowledge-to-Text Generation,https://aclanthology.org/2024.findings-naacl.106/,Reserve - not individually abstract-screened,Not selected for bounded 7-page survey; not a quality rejection,Automatic title triage only
2024.findings-naacl.117,Mitigating Hallucination in Abstractive Summarization with Domain-Conditional Mutual Information,https://aclanthology.org/2024.findings-naacl.117/,Reserve - not individually abstract-screened,Not selected for bounded 7-page survey; not a quality rejection,Automatic title triage only
2024.findings-naacl.151,COMEM: In-Context Retrieval-Augmented Mass-Editing Memory in Large Language Models,https://aclanthology.org/2024.findings-naacl.151/,Reserve - not individually abstract-screened,Not selected for bounded 7-page survey; not a quality rejection,Automatic title triage only
2024.findings-naacl.159,Why So Gullible? Enhancing the Robustness of Retrieval-Augmented Models against Counterfactual Noise,https://aclanthology.org/2024.findings-naacl.159/,Excluded at automatic title triage,Term match refers primarily to a different task; can be revisited,Automatic title triage only
2024.findings-naacl.180,Uncertainty Estimation on Sequential Labeling via Uncertainty Transmission,https://aclanthology.org/2024.findings-naacl.180/,Reserve - not individually abstract-screened,Not selected for bounded 7-page survey; not a quality rejection,Automatic title triage only
2024.findings-naacl.186,Tram: A Token-level Retrieval-augmented Mechanism for Source Code Summarization,https://aclanthology.org/2024.findings-naacl.186/,Reserve - not individually abstract-screened,Not selected for bounded 7-page survey; not a quality rejection,Automatic title triage only
2024.findings-naacl.190,Retrieving Examples from Memory for Retrieval Augmented Neural Machine Translation: A Systematic Comparison,https://aclanthology.org/2024.findings-naacl.190/,Reserve - not individually abstract-screened,Not selected for bounded 7-page survey; not a quality rejection,Automatic title triage only
2024.findings-naacl.207,Knowledgeable In-Context Tuning: Exploring and Exploiting Factual Knowledge for In-Context Learning,https://aclanthology.org/2024.findings-naacl.207/,Reserve - not individually abstract-screened,Not selected for bounded 7-page survey; not a quality rejection,Automatic title triage only
2024.findings-naacl.244,Getting Sick After Seeing a Doctor? Diagnosing and Mitigating Knowledge Conflicts in Event Temporal Reasoning,https://aclanthology.org/2024.findings-naacl.244/,Reserve - not individually abstract-screened,Not selected for bounded 7-page survey; not a quality rejection,Automatic title triage only
2024.findings-naacl.294,PoLLMgraph: Unraveling Hallucinations in Large Language Models via State Transition Dynamics,https://aclanthology.org/2024.findings-naacl.294/,Reserve - not individually abstract-screened,Not selected for bounded 7-page survey; not a quality rejection,Automatic title triage only
2024.findings-acl.19,Are self-explanations from Large Language Models faithful?,https://aclanthology.org/2024.findings-acl.19/,Reserve - not individually abstract-screened,Not selected for bounded 7-page survey; not a quality rejection,Automatic title triage only
2024.findings-acl.28,Towards Verifiable Generation: A Benchmark for Knowledge-aware Language Model Attribution,https://aclanthology.org/2024.findings-acl.28/,Reserve - not individually abstract-screened,Not selected for bounded 7-page survey; not a quality rejection,Automatic title triage only
2024.findings-acl.41,Do LVLMs Understand Charts? Analyzing and Correcting Factual Errors in Chart Captioning,https://aclanthology.org/2024.findings-acl.41/,Excluded at automatic title triage,Multimodal or non-text-generation focus outside selected scope,Automatic title triage only
2024.findings-acl.42,BIDER: Bridging Knowledge Inconsistency for Efficient Retrieval-Augmented LLMs via Key Supporting Evidence,https://aclanthology.org/2024.findings-acl.42/,Reserve - not individually abstract-screened,Not selected for bounded 7-page survey; not a quality rejection,Automatic title triage only
2024.findings-acl.47,Unsupervised Distractor Generation via Large Language Model Distilling and Counterfactual Contrastive Decoding,https://aclanthology.org/2024.findings-acl.47/,Excluded at automatic title triage,Term match refers primarily to a different task; can be revisited,Automatic title triage only
2024.findings-acl.57,LLMLingua-2: Data Distillation for Efficient and Faithful Task-Agnostic Prompt Compression,https://aclanthology.org/2024.findings-acl.57/,Reserve - not individually abstract-screened,Not selected for bounded 7-page survey; not a quality rejection,Automatic title triage only
2024.findings-acl.59,Better Late Than Never: Model-Agnostic Hallucination Post-Processing Framework Towards Clinical Text Summarization,https://aclanthology.org/2024.findings-acl.59/,Reserve - not individually abstract-screened,Not selected for bounded 7-page survey; not a quality rejection,Automatic title triage only
2024.findings-acl.69,MORE: Multi-mOdal REtrieval Augmented Generative Commonsense Reasoning,https://aclanthology.org/2024.findings-acl.69/,Excluded at automatic title triage,Multimodal or non-text-generation focus outside selected scope,Automatic title triage only
2024.findings-acl.70,Cutting Off the Head Ends the Conflict: A Mechanism for Interpreting and Mitigating Knowledge Conflicts in Language Models,https://aclanthology.org/2024.findings-acl.70/,Reserve - not individually abstract-screened,Not selected for bounded 7-page survey; not a quality rejection,Automatic title triage only
2024.findings-acl.105,VALOR-EVAL: Holistic Coverage and Faithfulness Evaluation of Large Vision-Language Models,https://aclanthology.org/2024.findings-acl.105/,Excluded at automatic title triage,Multimodal or non-text-generation focus outside selected scope,Automatic title triage only
2024.findings-acl.146,Episodic Memory Retrieval from LLMs: A Neuromorphic Mechanism to Generate Commonsense Counterfactuals for Relation Extraction,https://aclanthology.org/2024.findings-acl.146/,Excluded at automatic title triage,Term match refers primarily to a different task; can be revisited,Automatic title triage only
2024.findings-acl.160,"Merging Facts, Crafting Fallacies: Evaluating the Contradictory Nature of Aggregated Factual Claims in Long-Form Generations",https://aclanthology.org/2024.findings-acl.160/,Reserve - not individually abstract-screened,Not selected for bounded 7-page survey; not a quality rejection,Automatic title triage only
2024.findings-acl.197,TimeChara: Evaluating Point-in-Time Character Hallucination of Role-Playing Large Language Models,https://aclanthology.org/2024.findings-acl.197/,Reserve - not individually abstract-screened,Not selected for bounded 7-page survey; not a quality rejection,Automatic title triage only
2024.findings-acl.212,Chain-of-Verification Reduces Hallucination in Large Language Models,https://aclanthology.org/2024.findings-acl.212/,Included,Title/abstract screened; selected for mechanism and evaluation coverage,Title/abstract
2024.findings-acl.234,Discerning and Resolving Knowledge Conflicts through Adaptive Decoding with Contextual Information-Entropy Constraint,https://aclanthology.org/2024.findings-acl.234/,Reserve - not individually abstract-screened,Not selected for bounded 7-page survey; not a quality rejection,Automatic title triage only
2024.findings-acl.254,Call Me When Necessary: LLMs can Efficiently and Faithfully Reason over Structured Environments,https://aclanthology.org/2024.findings-acl.254/,Reserve - not individually abstract-screened,Not selected for bounded 7-page survey; not a quality rejection,Automatic title triage only
2024.findings-acl.267,The Good and The Bad: Exploring Privacy Issues in Retrieval-Augmented Generation (RAG),https://aclanthology.org/2024.findings-acl.267/,Reserve - not individually abstract-screened,Not selected for bounded 7-page survey; not a quality rejection,Automatic title triage only
2024.findings-acl.288,Unraveling and Mitigating Retriever Inconsistencies in Retrieval-Augmented Large Language Models,https://aclanthology.org/2024.findings-acl.288/,Reserve - not individually abstract-screened,Not selected for bounded 7-page survey; not a quality rejection,Automatic title triage only
2024.findings-acl.301,Improving Attributed Text Generation of Large Language Models via Preference Learning,https://aclanthology.org/2024.findings-acl.301/,Reserve - not individually abstract-screened,Not selected for bounded 7-page survey; not a quality rejection,Automatic title triage only
2024.findings-acl.324,"Before Generation, Align it! A Novel and Effective Strategy for Mitigating Hallucinations in Text-to-SQL Generation",https://aclanthology.org/2024.findings-acl.324/,Reserve - not individually abstract-screened,Not selected for bounded 7-page survey; not a quality rejection,Automatic title triage only
2024.findings-acl.329,Improving the Robustness of Distantly-Supervised Named Entity Recognition via Uncertainty-Aware Teacher Learning and Student-Student Collaborative Learning,https://aclanthology.org/2024.findings-acl.329/,Reserve - not individually abstract-screened,Not selected for bounded 7-page survey; not a quality rejection,Automatic title triage only
2024.findings-acl.331,SSS: Editing Factual Knowledge in Language Models towards Semantic Sparse Space,https://aclanthology.org/2024.findings-acl.331/,Reserve - not individually abstract-screened,Not selected for bounded 7-page survey; not a quality rejection,Automatic title triage only
2024.findings-acl.343,Predicting the Unpredictable: Uncertainty-Aware Reasoning over Temporal Knowledge Graphs via Diffusion Process,https://aclanthology.org/2024.findings-acl.343/,Reserve - not individually abstract-screened,Not selected for bounded 7-page survey; not a quality rejection,Automatic title triage only
2024.findings-acl.359,Mitigating Hallucinations in Large Vision-Language Models (LVLMs) via Language-Contrastive Decoding (LCD),https://aclanthology.org/2024.findings-acl.359/,Excluded at automatic title triage,Multimodal or non-text-generation focus outside selected scope,Automatic title triage only
2024.findings-acl.372,Benchmarking Retrieval-Augmented Generation for Medicine,https://aclanthology.org/2024.findings-acl.372/,Reserve - not individually abstract-screened,Not selected for bounded 7-page survey; not a quality rejection,Automatic title triage only
2024.findings-acl.377,OTTAWA: Optimal TransporT Adaptive Word Aligner for Hallucination and Omission Translation Errors Detection,https://aclanthology.org/2024.findings-acl.377/,Reserve - not individually abstract-screened,Not selected for bounded 7-page survey; not a quality rejection,Automatic title triage only
2024.findings-acl.383,Knowledge of Knowledge: Exploring Known-Unknowns Uncertainty with Large Language Models,https://aclanthology.org/2024.findings-acl.383/,Reserve - not individually abstract-screened,Not selected for bounded 7-page survey; not a quality rejection,Automatic title triage only
2024.findings-acl.398,Towards Uncertainty-Aware Language Agent,https://aclanthology.org/2024.findings-acl.398/,Reserve - not individually abstract-screened,Not selected for bounded 7-page survey; not a quality rejection,Automatic title triage only
2024.findings-acl.414,Logical Closed Loop: Uncovering Object Hallucinations in Large Vision-Language Models,https://aclanthology.org/2024.findings-acl.414/,Excluded at automatic title triage,Multimodal or non-text-generation focus outside selected scope,Automatic title triage only
2024.findings-acl.415,RetrievalQA: Assessing Adaptive Retrieval-Augmented Generation for Short-form Open-Domain Question Answering,https://aclanthology.org/2024.findings-acl.415/,Reserve - not individually abstract-screened,Not selected for bounded 7-page survey; not a quality rejection,Automatic title triage only
2024.findings-acl.458,Improving Retrieval Augmented Open-Domain Question-Answering with Vectorized Contexts,https://aclanthology.org/2024.findings-acl.458/,Reserve - not individually abstract-screened,Not selected for bounded 7-page survey; not a quality rejection,Automatic title triage only
2024.findings-acl.534,Assessing News Thumbnail Representativeness: Counterfactual text can enhance the cross-modal matching ability,https://aclanthology.org/2024.findings-acl.534/,Excluded at automatic title triage,Term match refers primarily to a different task; can be revisited,Automatic title triage only
2024.findings-acl.552,Outdated Issue Aware Decoding for Factual Knowledge Editing,https://aclanthology.org/2024.findings-acl.552/,Reserve - not individually abstract-screened,Not selected for bounded 7-page survey; not a quality rejection,Automatic title triage only
2024.findings-acl.558,Fact-Checking the Output of Large Language Models via Token-Level Uncertainty Quantification,https://aclanthology.org/2024.findings-acl.558/,Reserve - not individually abstract-screened,Not selected for bounded 7-page survey; not a quality rejection,Automatic title triage only
2024.findings-acl.573,Visual Hallucinations of Multi-modal Large Language Models,https://aclanthology.org/2024.findings-acl.573/,Excluded at automatic title triage,Multimodal or non-text-generation focus outside selected scope,Automatic title triage only
2024.findings-acl.597,ACUEval: Fine-grained Hallucination Evaluation and Correction for Abstractive Summarization,https://aclanthology.org/2024.findings-acl.597/,Reserve - not individually abstract-screened,Not selected for bounded 7-page survey; not a quality rejection,Automatic title triage only
2024.findings-acl.608,LLM Factoscope: Uncovering LLMs’ Factual Discernment through Measuring Inner States,https://aclanthology.org/2024.findings-acl.608/,Reserve - not individually abstract-screened,Not selected for bounded 7-page survey; not a quality rejection,Automatic title triage only
2024.findings-acl.645,Truth-Aware Context Selection: Mitigating Hallucinations of Large Language Models Being Misled by Untruthful Contexts,https://aclanthology.org/2024.findings-acl.645/,Reserve - not individually abstract-screened,Not selected for bounded 7-page survey; not a quality rejection,Automatic title triage only
2024.findings-acl.655,Enhancing Distractor Generation for Multiple-Choice Questions with Retrieval Augmented Pretraining and Knowledge Graph Integration,https://aclanthology.org/2024.findings-acl.655/,Reserve - not individually abstract-screened,Not selected for bounded 7-page survey; not a quality rejection,Automatic title triage only
2024.findings-acl.682,Peering into the Mind of Language Models: An Approach for Attribution in Contextual Question Answering,https://aclanthology.org/2024.findings-acl.682/,Reserve - not individually abstract-screened,Not selected for bounded 7-page survey; not a quality rejection,Automatic title triage only
2024.findings-acl.697,"Deal, or no deal (or who knows)? Forecasting Uncertainty in Conversations using Large Language Models",https://aclanthology.org/2024.findings-acl.697/,Reserve - not individually abstract-screened,Not selected for bounded 7-page survey; not a quality rejection,Automatic title triage only
2024.findings-acl.705,Investigating the Impact of Model Instability on Explanations and Uncertainty,https://aclanthology.org/2024.findings-acl.705/,Reserve - not individually abstract-screened,Not selected for bounded 7-page survey; not a quality rejection,Automatic title triage only
2024.findings-acl.728,Bayesian Prompt Ensembles: Model Uncertainty Estimation for Black-Box Large Language Models,https://aclanthology.org/2024.findings-acl.728/,Reserve - not individually abstract-screened,Not selected for bounded 7-page survey; not a quality rejection,Automatic title triage only
2024.findings-acl.737,Enhanced Language Model Truthfulness with Learnable Intervention and Uncertainty Expression,https://aclanthology.org/2024.findings-acl.737/,Reserve - not individually abstract-screened,Not selected for bounded 7-page survey; not a quality rejection,Automatic title triage only
2024.findings-acl.743,Propagation and Pitfalls: Reasoning-based Assessment of Knowledge Editing through Counterfactual Tasks,https://aclanthology.org/2024.findings-acl.743/,Excluded at automatic title triage,Term match refers primarily to a different task; can be revisited,Automatic title triage only
2024.findings-acl.752,Strong hallucinations from negation and how to fix them,https://aclanthology.org/2024.findings-acl.752/,Reserve - not individually abstract-screened,Not selected for bounded 7-page survey; not a quality rejection,Automatic title triage only
2024.findings-acl.767,Selective “Selective Prediction”: Reducing Unnecessary Abstention in Vision-Language Reasoning,https://aclanthology.org/2024.findings-acl.767/,Excluded at automatic title triage,Multimodal or non-text-generation focus outside selected scope,Automatic title triage only
2024.findings-acl.775,Aligning Large Multimodal Models with Factually Augmented RLHF,https://aclanthology.org/2024.findings-acl.775/,Excluded at automatic title triage,Multimodal or non-text-generation focus outside selected scope,Automatic title triage only
2024.findings-acl.784,Figuratively Speaking: Authorship Attribution via Multi-Task Figurative Language Modeling,https://aclanthology.org/2024.findings-acl.784/,Excluded at automatic title triage,Term match refers primarily to a different task; can be revisited,Automatic title triage only
2024.findings-acl.789,Enhancing Hallucination Detection through Perturbation-Based Synthetic Data Generation in System Responses,https://aclanthology.org/2024.findings-acl.789/,Reserve - not individually abstract-screened,Not selected for bounded 7-page survey; not a quality rejection,Automatic title triage only
2024.findings-acl.802,RaDA: Retrieval-augmented Web Agent Planning with LLMs,https://aclanthology.org/2024.findings-acl.802/,Reserve - not individually abstract-screened,Not selected for bounded 7-page survey; not a quality rejection,Automatic title triage only
2024.findings-acl.821,Paying More Attention to Source Context: Mitigating Unfaithful Translations from Large Language Model,https://aclanthology.org/2024.findings-acl.821/,Reserve - not individually abstract-screened,Not selected for bounded 7-page survey; not a quality rejection,Automatic title triage only
2024.findings-acl.838,Learning Fine-Grained Grounded Citations for Attributed Large Language Models,https://aclanthology.org/2024.findings-acl.838/,Reserve - not individually abstract-screened,Not selected for bounded 7-page survey; not a quality rejection,Automatic title triage only
2024.findings-acl.841,FENICE: Factuality Evaluation of summarization based on Natural language Inference and Claim Extraction,https://aclanthology.org/2024.findings-acl.841/,Included,Title/abstract screened; selected for mechanism and evaluation coverage,Title/abstract
2024.findings-acl.854,Unsupervised Real-Time Hallucination Detection based on the Internal States of Large Language Models,https://aclanthology.org/2024.findings-acl.854/,Reserve - not individually abstract-screened,Not selected for bounded 7-page survey; not a quality rejection,Automatic title triage only
2024.findings-acl.871,CAUSE: Counterfactual Assessment of User Satisfaction Estimation in Task-Oriented Dialogue Systems,https://aclanthology.org/2024.findings-acl.871/,Excluded at automatic title triage,Term match refers primarily to a different task; can be revisited,Automatic title triage only
2024.findings-acl.886,AttributionBench: How Hard is Automatic Attribution Evaluation?,https://aclanthology.org/2024.findings-acl.886/,Reserve - not individually abstract-screened,Not selected for bounded 7-page survey; not a quality rejection,Automatic title triage only
2024.findings-acl.904,Faithful Persona-based Conversational Dataset Generation with Large Language Models,https://aclanthology.org/2024.findings-acl.904/,Reserve - not individually abstract-screened,Not selected for bounded 7-page survey; not a quality rejection,Automatic title triage only
2024.findings-acl.915,CounterCurate: Enhancing Physical and Semantic Visio-Linguistic Compositional Reasoning via Counterfactual Examples,https://aclanthology.org/2024.findings-acl.915/,Excluded at automatic title triage,Term match refers primarily to a different task; can be revisited,Automatic title triage only
2024.findings-acl.937,Mitigating Hallucinations in Large Vision-Language Models with Instruction Contrastive Decoding,https://aclanthology.org/2024.findings-acl.937/,Excluded at automatic title triage,Multimodal or non-text-generation focus outside selected scope,Automatic title triage only
2024.findings-acl.943,Retrieval-Augmented Retrieval: Large Language Models are Strong Zero-Shot Retriever,https://aclanthology.org/2024.findings-acl.943/,Reserve - not individually abstract-screened,Not selected for bounded 7-page survey; not a quality rejection,Automatic title triage only
2024.findings-acl.944,A Survey on Predicting the Factuality and the Bias of News Media,https://aclanthology.org/2024.findings-acl.944/,Excluded at automatic title triage,Term match refers primarily to a different task; can be revisited,Automatic title triage only
2024.findings-emnlp.13,CoTAR: Chain-of-Thought Attribution Reasoning with Multi-level Granularity,https://aclanthology.org/2024.findings-emnlp.13/,Reserve - not individually abstract-screened,Not selected for bounded 7-page survey; not a quality rejection,Automatic title triage only
2024.findings-emnlp.14,SnapNTell: Enhancing Entity-Centric Visual Question Answering with Retrieval Augmented Multimodal LLM,https://aclanthology.org/2024.findings-emnlp.14/,Excluded at automatic title triage,Multimodal or non-text-generation focus outside selected scope,Automatic title triage only
2024.findings-emnlp.41,RAG-Studio: Towards In-Domain Adaptation of Retrieval Augmented Generation Through Self-Alignment,https://aclanthology.org/2024.findings-emnlp.41/,Reserve - not individually abstract-screened,Not selected for bounded 7-page survey; not a quality rejection,Automatic title triage only
2024.findings-emnlp.62,BSharedRAG: Backbone Shared Retrieval-Augmented Generation for the E-commerce Domain,https://aclanthology.org/2024.findings-emnlp.62/,Reserve - not individually abstract-screened,Not selected for bounded 7-page survey; not a quality rejection,Automatic title triage only
2024.findings-emnlp.68,VGA: Vision GUI Assistant - Minimizing Hallucinations through Image-Centric Fine-Tuning,https://aclanthology.org/2024.findings-emnlp.68/,Excluded at automatic title triage,Multimodal or non-text-generation focus outside selected scope,Automatic title triage only
2024.findings-emnlp.71,SeRTS: Self-Rewarding Tree Search for Biomedical Retrieval-Augmented Generation,https://aclanthology.org/2024.findings-emnlp.71/,Reserve - not individually abstract-screened,Not selected for bounded 7-page survey; not a quality rejection,Automatic title triage only
2024.findings-emnlp.130,Faithful and Plausible Natural Language Explanations for Image Classification: A Pipeline Approach,https://aclanthology.org/2024.findings-emnlp.130/,Excluded at automatic title triage,Multimodal or non-text-generation focus outside selected scope,Automatic title triage only
2024.findings-emnlp.133,Controlling Risk of Retrieval-augmented Generation: A Counterfactual Prompting Framework,https://aclanthology.org/2024.findings-emnlp.133/,Excluded at automatic title triage,Term match refers primarily to a different task; can be revisited,Automatic title triage only
2024.findings-emnlp.136,Adaptive Contrastive Decoding in Retrieval-Augmented Generation for Handling Noisy Contexts,https://aclanthology.org/2024.findings-emnlp.136/,Reserve - not individually abstract-screened,Not selected for bounded 7-page survey; not a quality rejection,Automatic title triage only
2024.findings-emnlp.197,Characterizing LLM Abstention Behavior in Science QA with Context Perturbations,https://aclanthology.org/2024.findings-emnlp.197/,Reserve - not individually abstract-screened,Not selected for bounded 7-page survey; not a quality rejection,Automatic title triage only
2024.findings-emnlp.204,Zero-Resource Hallucination Prevention for Large Language Models,https://aclanthology.org/2024.findings-emnlp.204/,Reserve - not individually abstract-screened,Not selected for bounded 7-page survey; not a quality rejection,Automatic title triage only
2024.findings-emnlp.205,Measuring and Improving Attentiveness to Partial Inputs with Counterfactuals,https://aclanthology.org/2024.findings-emnlp.205/,Excluded at automatic title triage,Term match refers primarily to a different task; can be revisited,Automatic title triage only
2024.findings-emnlp.210,SummaCoz: A Dataset for Improving the Interpretability of Factual Consistency Detection for Summarization,https://aclanthology.org/2024.findings-emnlp.210/,Reserve - not individually abstract-screened,Not selected for bounded 7-page survey; not a quality rejection,Automatic title triage only
2024.findings-emnlp.216,MoleculeQA: A Dataset to Evaluate Factual Accuracy in Molecular Comprehension,https://aclanthology.org/2024.findings-emnlp.216/,Reserve - not individually abstract-screened,Not selected for bounded 7-page survey; not a quality rejection,Automatic title triage only
2024.findings-emnlp.223,AutoRAG-HP: Automatic Online Hyper-Parameter Tuning for Retrieval-Augmented Generation,https://aclanthology.org/2024.findings-emnlp.223/,Reserve - not individually abstract-screened,Not selected for bounded 7-page survey; not a quality rejection,Automatic title triage only
2024.findings-emnlp.245,A Robust Dual-debiasing VQA Model based on Counterfactual Causal Effect,https://aclanthology.org/2024.findings-emnlp.245/,Excluded at automatic title triage,Term match refers primarily to a different task; can be revisited,Automatic title triage only
2024.findings-emnlp.260,SH2: Self-Highlighted Hesitation Helps You Decode More Truthfully,https://aclanthology.org/2024.findings-emnlp.260/,Reserve - not individually abstract-screened,Not selected for bounded 7-page survey; not a quality rejection,Automatic title triage only
2024.findings-emnlp.262,Reference-free Hallucination Detection for Large Vision-Language Models,https://aclanthology.org/2024.findings-emnlp.262/,Excluded at automatic title triage,Multimodal or non-text-generation focus outside selected scope,Automatic title triage only
2024.findings-emnlp.276,A Survey on Natural Language Counterfactual Generation,https://aclanthology.org/2024.findings-emnlp.276/,Excluded at automatic title triage,Term match refers primarily to a different task; can be revisited,Automatic title triage only
2024.findings-emnlp.279,LONG^{2}RAG: Evaluating Long-Context & Long-Form Retrieval-Augmented Generation with Key Point Recall,https://aclanthology.org/2024.findings-emnlp.279/,Reserve - not individually abstract-screened,Not selected for bounded 7-page survey; not a quality rejection,Automatic title triage only
2024.findings-emnlp.290,FaithScore: Fine-grained Evaluations of Hallucinations in Large Vision-Language Models,https://aclanthology.org/2024.findings-emnlp.290/,Excluded at automatic title triage,Multimodal or non-text-generation focus outside selected scope,Automatic title triage only
2024.findings-emnlp.359,FANTAstic SEquences and Where to Find Them: Faithful and Efficient API Call Generation through State-tracked Constrained Decoding and Reranking,https://aclanthology.org/2024.findings-emnlp.359/,Reserve - not individually abstract-screened,Not selected for bounded 7-page survey; not a quality rejection,Automatic title triage only
2024.findings-emnlp.404,ConU: Conformal Uncertainty in Large Language Models with Correctness Coverage Guarantees,https://aclanthology.org/2024.findings-emnlp.404/,Reserve - not individually abstract-screened,Not selected for bounded 7-page survey; not a quality rejection,Automatic title triage only
2024.findings-emnlp.415,Explaining Graph Neural Networks with Large Language Models: A Counterfactual Perspective on Molecule Graphs,https://aclanthology.org/2024.findings-emnlp.415/,Excluded at automatic title triage,Term match refers primarily to a different task; can be revisited,Automatic title triage only
2024.findings-emnlp.449,BERGEN: A Benchmarking Library for Retrieval-Augmented Generation,https://aclanthology.org/2024.findings-emnlp.449/,Reserve - not individually abstract-screened,Not selected for bounded 7-page survey; not a quality rejection,Automatic title triage only
2024.findings-emnlp.456,Mitigating Hallucinations of Large Language Models in Medical Information Extraction via Contrastive Decoding,https://aclanthology.org/2024.findings-emnlp.456/,Reserve - not individually abstract-screened,Not selected for bounded 7-page survey; not a quality rejection,Automatic title triage only
2024.findings-emnlp.459,Learning to Plan for Retrieval-Augmented Large Language Models from Knowledge Graphs,https://aclanthology.org/2024.findings-emnlp.459/,Reserve - not individually abstract-screened,Not selected for bounded 7-page survey; not a quality rejection,Automatic title triage only
2024.findings-emnlp.461,Multilingual Fine-Grained News Headline Hallucination Detection,https://aclanthology.org/2024.findings-emnlp.461/,Reserve - not individually abstract-screened,Not selected for bounded 7-page survey; not a quality rejection,Automatic title triage only
2024.findings-emnlp.466,Mechanistic Understanding and Mitigation of Language Model Non-Factual Hallucinations,https://aclanthology.org/2024.findings-emnlp.466/,Reserve - not individually abstract-screened,Not selected for bounded 7-page survey; not a quality rejection,Automatic title triage only
2024.findings-emnlp.471,DyKnow: Dynamically Verifying Time-Sensitive Factual Knowledge in LLMs,https://aclanthology.org/2024.findings-emnlp.471/,Reserve - not individually abstract-screened,Not selected for bounded 7-page survey; not a quality rejection,Automatic title triage only
2024.findings-emnlp.493,AutoHallusion: Automatic Generation of Hallucination Benchmarks for Vision-Language Models,https://aclanthology.org/2024.findings-emnlp.493/,Excluded at automatic title triage,Multimodal or non-text-generation focus outside selected scope,Automatic title triage only
2024.findings-emnlp.496,TRACE the Evidence: Constructing Knowledge-Grounded Reasoning Chains for Retrieval-Augmented Generation,https://aclanthology.org/2024.findings-emnlp.496/,Reserve - not individually abstract-screened,Not selected for bounded 7-page survey; not a quality rejection,Automatic title triage only
2024.findings-emnlp.520,Beyond Agreement: Diagnosing the Rationale Alignment of Automated Essay Scoring Methods based on Linguistically-informed Counterfactuals,https://aclanthology.org/2024.findings-emnlp.520/,Excluded at automatic title triage,Term match refers primarily to a different task; can be revisited,Automatic title triage only
2024.findings-emnlp.529,DiaHalu: A Dialogue-level Hallucination Evaluation Benchmark for Large Language Models,https://aclanthology.org/2024.findings-emnlp.529/,Reserve - not individually abstract-screened,Not selected for bounded 7-page survey; not a quality rejection,Automatic title triage only
2024.findings-emnlp.537,HyperBERT: Mixing Hypergraph-Aware Layers with Language Models for Node Classification on Text-Attributed Hypergraphs,https://aclanthology.org/2024.findings-emnlp.537/,Excluded at automatic title triage,Term match refers primarily to a different task; can be revisited,Automatic title triage only
2024.findings-emnlp.551,Improving LLM Attributions with Randomized Path-Integration,https://aclanthology.org/2024.findings-emnlp.551/,Reserve - not individually abstract-screened,Not selected for bounded 7-page survey; not a quality rejection,Automatic title triage only
2024.findings-emnlp.552,VeriScore: Evaluating the factuality of verifiable claims in long-form text generation,https://aclanthology.org/2024.findings-emnlp.552/,Included,Title/abstract screened; selected for mechanism and evaluation coverage,Title/abstract
2024.findings-emnlp.557,How Entangled is Factuality and Deception in German?,https://aclanthology.org/2024.findings-emnlp.557/,Reserve - not individually abstract-screened,Not selected for bounded 7-page survey; not a quality rejection,Automatic title triage only
2024.findings-emnlp.564,Machine Translation Hallucination Detection for Low and High Resource Languages using Large Language Models,https://aclanthology.org/2024.findings-emnlp.564/,Reserve - not individually abstract-screened,Not selected for bounded 7-page survey; not a quality rejection,Automatic title triage only
2024.findings-emnlp.565,Navigating Hallucinations for Reasoning of Unintentional Activities,https://aclanthology.org/2024.findings-emnlp.565/,Reserve - not individually abstract-screened,Not selected for bounded 7-page survey; not a quality rejection,Automatic title triage only
2024.findings-emnlp.578,Understanding Faithfulness and Reasoning of Large Language Models on Plain Biomedical Summaries,https://aclanthology.org/2024.findings-emnlp.578/,Reserve - not individually abstract-screened,Not selected for bounded 7-page survey; not a quality rejection,Automatic title triage only
2024.findings-emnlp.593,Who’s Who: Large Language Models Meet Knowledge Conflicts in Practice,https://aclanthology.org/2024.findings-emnlp.593/,Reserve - not individually abstract-screened,Not selected for bounded 7-page survey; not a quality rejection,Automatic title triage only
2024.findings-emnlp.607,"Retrieving, Rethinking and Revising: The Chain-of-Verification Can Improve Retrieval Augmented Generation",https://aclanthology.org/2024.findings-emnlp.607/,Reserve - not individually abstract-screened,Not selected for bounded 7-page survey; not a quality rejection,Automatic title triage only
2024.findings-emnlp.626,What if...?: Thinking Counterfactual Keywords Helps to Mitigate Hallucination in Large Multi-modal Models,https://aclanthology.org/2024.findings-emnlp.626/,Excluded at automatic title triage,Term match refers primarily to a different task; can be revisited,Automatic title triage only
2024.findings-emnlp.646,Selection-p: Self-Supervised Task-Agnostic Prompt Compression for Faithfulness and Transferability,https://aclanthology.org/2024.findings-emnlp.646/,Reserve - not individually abstract-screened,Not selected for bounded 7-page survey; not a quality rejection,Automatic title triage only
2024.findings-emnlp.648,Improving Factual Consistency of News Summarization by Contrastive Preference Optimization,https://aclanthology.org/2024.findings-emnlp.648/,Reserve - not individually abstract-screened,Not selected for bounded 7-page survey; not a quality rejection,Automatic title triage only
2024.findings-emnlp.651,MAVEN-FACT: A Large-scale Event Factuality Detection Dataset,https://aclanthology.org/2024.findings-emnlp.651/,Excluded at automatic title triage,Term match refers primarily to a different task; can be revisited,Automatic title triage only
2024.findings-emnlp.652,Retrieval-Augmented Code Generation for Situated Action Generation: A Case Study on Minecraft,https://aclanthology.org/2024.findings-emnlp.652/,Reserve - not individually abstract-screened,Not selected for bounded 7-page survey; not a quality rejection,Automatic title triage only
2024.findings-emnlp.672,Consistent Document-level Relation Extraction via Counterfactuals,https://aclanthology.org/2024.findings-emnlp.672/,Excluded at automatic title triage,Term match refers primarily to a different task; can be revisited,Automatic title triage only
2024.findings-emnlp.678,R^2AG: Incorporating Retrieval Information into Retrieval Augmented Generation,https://aclanthology.org/2024.findings-emnlp.678/,Reserve - not individually abstract-screened,Not selected for bounded 7-page survey; not a quality rejection,Automatic title triage only
2024.findings-emnlp.685,"A Comprehensive Survey of Hallucination in Large Language, Image, Video and Audio Foundation Models",https://aclanthology.org/2024.findings-emnlp.685/,Excluded at automatic title triage,Multimodal or non-text-generation focus outside selected scope,Automatic title triage only
2024.findings-emnlp.712,SAFARI: Cross-lingual Bias and Factuality Detection in News Media and News Articles,https://aclanthology.org/2024.findings-emnlp.712/,Excluded at automatic title triage,Term match refers primarily to a different task; can be revisited,Automatic title triage only
2024.findings-emnlp.730,“Knowing When You Don’t Know”: A Multilingual Relevance Assessment Dataset for Robust Retrieval-Augmented Generation,https://aclanthology.org/2024.findings-emnlp.730/,Reserve - not individually abstract-screened,Not selected for bounded 7-page survey; not a quality rejection,Automatic title triage only
2024.findings-emnlp.738,Pre-trained Language Models Return Distinguishable Probability Distributions to Unfaithfully Hallucinated Texts,https://aclanthology.org/2024.findings-emnlp.738/,Reserve - not individually abstract-screened,Not selected for bounded 7-page survey; not a quality rejection,Automatic title triage only
2024.findings-emnlp.744,Improving Quotation Attribution with Fictional Character Embeddings,https://aclanthology.org/2024.findings-emnlp.744/,Reserve - not individually abstract-screened,Not selected for bounded 7-page survey; not a quality rejection,Automatic title triage only
2024.findings-emnlp.775,V-DPO: Mitigating Hallucination in Large Vision Language Models via Vision-Guided Direct Preference Optimization,https://aclanthology.org/2024.findings-emnlp.775/,Excluded at automatic title triage,Multimodal or non-text-generation focus outside selected scope,Automatic title triage only
2024.findings-emnlp.794,LLMs as Collaborator: Demands-Guided Collaborative Retrieval-Augmented Generation for Commonsense Knowledge-Grounded Open-Domain Dialogue Systems,https://aclanthology.org/2024.findings-emnlp.794/,Reserve - not individually abstract-screened,Not selected for bounded 7-page survey; not a quality rejection,Automatic title triage only
2024.findings-emnlp.795,ClaimVer: Explainable Claim-Level Verification and Evidence Attribution of Text Through Knowledge Graphs,https://aclanthology.org/2024.findings-emnlp.795/,Excluded at automatic title triage,Term match refers primarily to a different task; can be revisited,Automatic title triage only
2024.findings-emnlp.831,Open-RAG: Enhanced Retrieval Augmented Reasoning with Open-Source Large Language Models,https://aclanthology.org/2024.findings-emnlp.831/,Reserve - not individually abstract-screened,Not selected for bounded 7-page survey; not a quality rejection,Automatic title triage only
2024.findings-emnlp.838,DYNAMICQA: Tracing Internal Knowledge Conflicts in Language Models,https://aclanthology.org/2024.findings-emnlp.838/,Reserve - not individually abstract-screened,Not selected for bounded 7-page survey; not a quality rejection,Automatic title triage only
2024.findings-emnlp.846,Mitigating Hallucination in Fictional Character Role-Play,https://aclanthology.org/2024.findings-emnlp.846/,Reserve - not individually abstract-screened,Not selected for bounded 7-page survey; not a quality rejection,Automatic title triage only
2024.findings-emnlp.857,Identifying Factual Inconsistencies in Summaries: Grounding LLM Inference via Task Taxonomy,https://aclanthology.org/2024.findings-emnlp.857/,Reserve - not individually abstract-screened,Not selected for bounded 7-page survey; not a quality rejection,Automatic title triage only
2024.findings-emnlp.870,LLMs for Generating and Evaluating Counterfactuals: A Comprehensive Study,https://aclanthology.org/2024.findings-emnlp.870/,Excluded at automatic title triage,Term match refers primarily to a different task; can be revisited,Automatic title triage only
2024.findings-emnlp.874,CED: Comparing Embedding Differences for Detecting Out-of-Distribution and Hallucinated Text,https://aclanthology.org/2024.findings-emnlp.874/,Reserve - not individually abstract-screened,Not selected for bounded 7-page survey; not a quality rejection,Automatic title triage only
2024.findings-emnlp.882,Making Reasoning Matter: Measuring and Improving Faithfulness of Chain-of-Thought Reasoning,https://aclanthology.org/2024.findings-emnlp.882/,Reserve - not individually abstract-screened,Not selected for bounded 7-page survey; not a quality rejection,Automatic title triage only
2024.findings-emnlp.885,Adaptive Contrastive Search: Uncertainty-Guided Decoding for Open-Ended Text Generation,https://aclanthology.org/2024.findings-emnlp.885/,Reserve - not individually abstract-screened,Not selected for bounded 7-page survey; not a quality rejection,Automatic title triage only
2024.findings-emnlp.909,Large Language Models Know What To Say But Not When To Speak,https://aclanthology.org/2024.findings-emnlp.909/,Reserve - not individually abstract-screened,Not selected for bounded 7-page survey; not a quality rejection,Automatic title triage only
2024.findings-emnlp.913,MalAlgoQA: Pedagogical Evaluation of Counterfactual Reasoning in Large Language Models and Implications for AI in Education,https://aclanthology.org/2024.findings-emnlp.913/,Excluded at automatic title triage,Term match refers primarily to a different task; can be revisited,Automatic title triage only
2024.findings-emnlp.923,Controlled Transformation of Text-Attributed Graphs,https://aclanthology.org/2024.findings-emnlp.923/,Excluded at automatic title triage,Term match refers primarily to a different task; can be revisited,Automatic title triage only
2024.findings-emnlp.936,Presentations are not always linear! GNN meets LLM for Text Document-to-Presentation Transformation with Attribution,https://aclanthology.org/2024.findings-emnlp.936/,Reserve - not individually abstract-screened,Not selected for bounded 7-page survey; not a quality rejection,Automatic title triage only
2024.findings-emnlp.955,FactAlign: Long-form Factuality Alignment of Large Language Models,https://aclanthology.org/2024.findings-emnlp.955/,Included,Title/abstract screened; selected for mechanism and evaluation coverage,Title/abstract
2024.findings-emnlp.978,Uncertainty Calibration for Tool-Using Language Agents,https://aclanthology.org/2024.findings-emnlp.978/,Reserve - not individually abstract-screened,Not selected for bounded 7-page survey; not a quality rejection,Automatic title triage only
2024.findings-emnlp.998,Dial BeInfo for Faithfulness: Improving Factuality of Information-Seeking Dialogue via Behavioural Fine-Tuning,https://aclanthology.org/2024.findings-emnlp.998/,Reserve - not individually abstract-screened,Not selected for bounded 7-page survey; not a quality rejection,Automatic title triage only
2024.findings-emnlp.999,Unified Active Retrieval for Retrieval Augmented Generation,https://aclanthology.org/2024.findings-emnlp.999/,Reserve - not individually abstract-screened,Not selected for bounded 7-page survey; not a quality rejection,Automatic title triage only
2024.tacl-1.38,Evaluating Correctness and Faithfulness of Instruction-Following Models for Question Answering,https://aclanthology.org/2024.tacl-1.38/,Included,Title/abstract screened; selected for mechanism and evaluation coverage,Title/abstract
2024.tacl-1.49,Can Authorship Attribution Models Distinguish Speakers in Speech Transcripts?,https://aclanthology.org/2024.tacl-1.49/,Excluded at automatic title triage,Term match refers primarily to a different task; can be revisited,Automatic title triage only
2024.tacl-1.64,Investigating Hallucinations in Pruned Large Language Models for Abstractive Summarization,https://aclanthology.org/2024.tacl-1.64/,Reserve - not individually abstract-screened,Not selected for bounded 7-page survey; not a quality rejection,Automatic title triage only
2024.tacl-1.84,Hierarchical Indexing for Retrieval-Augmented Opinion Summarization,https://aclanthology.org/2024.tacl-1.84/,Reserve - not individually abstract-screened,Not selected for bounded 7-page survey; not a quality rejection,Automatic title triage only
2024.tacl-1.91,Toward Robust RALMs: Revealing the Impact of Imperfect Retrieval on Retrieval-Augmented Language Models,https://aclanthology.org/2024.tacl-1.91/,Reserve - not individually abstract-screened,Not selected for bounded 7-page survey; not a quality rejection,Automatic title triage only
2024.tacl-1.94,DEUCE: Dual-diversity Enhancement and Uncertainty-awareness for Cold-start Active Learning,https://aclanthology.org/2024.tacl-1.94/,Reserve - not individually abstract-screened,Not selected for bounded 7-page survey; not a quality rejection,Automatic title triage only
2025.acl-long.43,HybGRAG: Hybrid Retrieval-Augmented Generation on Textual and Relational Knowledge Bases,https://aclanthology.org/2025.acl-long.43/,Reserve - not individually abstract-screened,Not selected for bounded 7-page survey; not a quality rejection,Automatic title triage only
2025.acl-long.53,MPVStance: Mitigating Hallucinations in Stance Detection with Multi-Perspective Verification,https://aclanthology.org/2025.acl-long.53/,Excluded at automatic title triage,Term match refers primarily to a different task; can be revisited,Automatic title triage only
2025.acl-long.61,Modeling Uncertainty in Composed Image Retrieval via Probabilistic Embeddings,https://aclanthology.org/2025.acl-long.61/,Excluded at automatic title triage,Multimodal or non-text-generation focus outside selected scope,Automatic title triage only
2025.acl-long.71,HALoGEN: Fantastic LLM Hallucinations and Where to Find Them,https://aclanthology.org/2025.acl-long.71/,Included,Title/abstract screened; selected for mechanism and evaluation coverage,Title/abstract
2025.acl-long.81,Real-time Factuality Assessment from Adversarial Feedback,https://aclanthology.org/2025.acl-long.81/,Reserve - not individually abstract-screened,Not selected for bounded 7-page survey; not a quality rejection,Automatic title triage only
2025.acl-long.86,Normalized AOPC: Fixing Misleading Faithfulness Metrics for Feature Attributions Explainability,https://aclanthology.org/2025.acl-long.86/,Excluded at automatic title triage,Term match refers primarily to a different task; can be revisited,Automatic title triage only
2025.acl-long.131,MAIN-RAG: Multi-Agent Filtering Retrieval-Augmented Generation,https://aclanthology.org/2025.acl-long.131/,Reserve - not individually abstract-screened,Not selected for bounded 7-page survey; not a quality rejection,Automatic title triage only
2025.acl-long.148,DioR: Adaptive Cognitive Detection and Contextual Retrieval Optimization for Dynamic Retrieval-Augmented Generation,https://aclanthology.org/2025.acl-long.148/,Reserve - not individually abstract-screened,Not selected for bounded 7-page survey; not a quality rejection,Automatic title triage only
2025.acl-long.158,Refuse Whenever You Feel Unsafe: Improving Safety in LLMs via Decoupled Refusal Training,https://aclanthology.org/2025.acl-long.158/,Reserve - not individually abstract-screened,Not selected for bounded 7-page survey; not a quality rejection,Automatic title triage only
2025.acl-long.173,Taming Language Models for Text-attributed Graph Learning with Decoupled Aggregation,https://aclanthology.org/2025.acl-long.173/,Excluded at automatic title triage,Term match refers primarily to a different task; can be revisited,Automatic title triage only
2025.acl-long.175,Cracking the Code of Hallucination in LVLMs with Vision-aware Head Divergence,https://aclanthology.org/2025.acl-long.175/,Excluded at automatic title triage,Multimodal or non-text-generation focus outside selected scope,Automatic title triage only
2025.acl-long.176,Hierarchical Document Refinement for Long-context Retrieval-augmented Generation,https://aclanthology.org/2025.acl-long.176/,Reserve - not individually abstract-screened,Not selected for bounded 7-page survey; not a quality rejection,Automatic title triage only
2025.acl-long.179,RAG-Critic: Leveraging Automated Critic-Guided Agentic Workflow for Retrieval Augmented Generation,https://aclanthology.org/2025.acl-long.179/,Reserve - not individually abstract-screened,Not selected for bounded 7-page survey; not a quality rejection,Automatic title triage only
2025.acl-long.205,Visual Evidence Prompting Mitigates Hallucinations in Large Vision-Language Models,https://aclanthology.org/2025.acl-long.205/,Excluded at automatic title triage,Multimodal or non-text-generation focus outside selected scope,Automatic title triage only
2025.acl-long.228,Sparse Latents Steer Retrieval-Augmented Generation,https://aclanthology.org/2025.acl-long.228/,Reserve - not individually abstract-screened,Not selected for bounded 7-page survey; not a quality rejection,Automatic title triage only
2025.acl-long.230,SafeRAG: Benchmarking Security in Retrieval-Augmented Generation of Large Language Model,https://aclanthology.org/2025.acl-long.230/,Reserve - not individually abstract-screened,Not selected for bounded 7-page survey; not a quality rejection,Automatic title triage only
2025.acl-long.253,Lost in Multilinguality: Dissecting Cross-lingual Factual Inconsistency in Transformer Language Models,https://aclanthology.org/2025.acl-long.253/,Reserve - not individually abstract-screened,Not selected for bounded 7-page survey; not a quality rejection,Automatic title triage only
2025.acl-long.258,MoC: Mixtures of Text Chunking Learners for Retrieval-Augmented Generation System,https://aclanthology.org/2025.acl-long.258/,Reserve - not individually abstract-screened,Not selected for bounded 7-page survey; not a quality rejection,Automatic title triage only
2025.acl-long.260,Dually Self-Improved Counterfactual Data Augmentation Using Large Language Model,https://aclanthology.org/2025.acl-long.260/,Excluded at automatic title triage,Term match refers primarily to a different task; can be revisited,Automatic title triage only
2025.acl-long.261,RPO: Retrieval Preference Optimization for Robust Retrieval-Augmented Generation,https://aclanthology.org/2025.acl-long.261/,Reserve - not individually abstract-screened,Not selected for bounded 7-page survey; not a quality rejection,Automatic title triage only
2025.acl-long.272,"What is Stigma Attributed to? A Theory-Grounded, Expert-Annotated Interview Corpus for Demystifying Mental-Health Stigma",https://aclanthology.org/2025.acl-long.272/,Reserve - not individually abstract-screened,Not selected for bounded 7-page survey; not a quality rejection,Automatic title triage only
2025.acl-long.276,Hallucination Detox: Sensitivity Dropout (SenD) for Large Language Model Training,https://aclanthology.org/2025.acl-long.276/,Reserve - not individually abstract-screened,Not selected for bounded 7-page survey; not a quality rejection,Automatic title triage only
2025.acl-long.299,UAlign: Leveraging Uncertainty Estimations for Factuality Alignment on Large Language Models,https://aclanthology.org/2025.acl-long.299/,Included,Title/abstract screened; selected for mechanism and evaluation coverage,Title/abstract
2025.acl-long.301,HoH: A Dynamic Benchmark for Evaluating the Impact of Outdated Information on Retrieval-Augmented Generation,https://aclanthology.org/2025.acl-long.301/,Reserve - not individually abstract-screened,Not selected for bounded 7-page survey; not a quality rejection,Automatic title triage only
2025.acl-long.302,Uncertainty Propagation on LLM Agent,https://aclanthology.org/2025.acl-long.302/,Reserve - not individually abstract-screened,Not selected for bounded 7-page survey; not a quality rejection,Automatic title triage only
2025.acl-long.304,Are the Hidden States Hiding Something? Testing the Limits of Factuality-Encoding Capabilities in LLMs,https://aclanthology.org/2025.acl-long.304/,Included,Title/abstract screened; selected for mechanism and evaluation coverage,Title/abstract
2025.acl-long.309,HD-NDEs: Neural Differential Equations for Hallucination Detection in LLMs,https://aclanthology.org/2025.acl-long.309/,Reserve - not individually abstract-screened,Not selected for bounded 7-page survey; not a quality rejection,Automatic title triage only
2025.acl-long.313,F5-TTS: A Fairytaler that Fakes Fluent and Faithful Speech with Flow Matching,https://aclanthology.org/2025.acl-long.313/,Excluded at automatic title triage,Multimodal or non-text-generation focus outside selected scope,Automatic title triage only
2025.acl-long.319,Adaptive Retrieval Without Self-Knowledge? Bringing Uncertainty Back Home,https://aclanthology.org/2025.acl-long.319/,Reserve - not individually abstract-screened,Not selected for bounded 7-page survey; not a quality rejection,Automatic title triage only
2025.acl-long.340,Drift: Enhancing LLM Faithfulness in Rationale Generation via Dual-Reward Probabilistic Inference,https://aclanthology.org/2025.acl-long.340/,Reserve - not individually abstract-screened,Not selected for bounded 7-page survey; not a quality rejection,Automatic title triage only
2025.acl-long.348,Towards Effective Extraction and Evaluation of Factual Claims,https://aclanthology.org/2025.acl-long.348/,Reserve - not individually abstract-screened,Not selected for bounded 7-page survey; not a quality rejection,Automatic title triage only
2025.acl-long.349,Beyond Facts: Evaluating Intent Hallucination in Large Language Models,https://aclanthology.org/2025.acl-long.349/,Reserve - not individually abstract-screened,Not selected for bounded 7-page survey; not a quality rejection,Automatic title triage only
2025.acl-long.358,DRAG: Distilling RAG for SLMs from LLMs to Transfer Knowledge and Mitigate Hallucination via Evidence and Graph-based Distillation,https://aclanthology.org/2025.acl-long.358/,Reserve - not individually abstract-screened,Not selected for bounded 7-page survey; not a quality rejection,Automatic title triage only
2025.acl-long.396,Uncertainty in Causality: A New Frontier,https://aclanthology.org/2025.acl-long.396/,Reserve - not individually abstract-screened,Not selected for bounded 7-page survey; not a quality rejection,Automatic title triage only
2025.acl-long.400,Improving Model Factuality with Fine-grained Critique-based Evaluator,https://aclanthology.org/2025.acl-long.400/,Reserve - not individually abstract-screened,Not selected for bounded 7-page survey; not a quality rejection,Automatic title triage only
2025.acl-long.415,Unanswerability Evaluation for Retrieval Augmented Generation,https://aclanthology.org/2025.acl-long.415/,Reserve - not individually abstract-screened,Not selected for bounded 7-page survey; not a quality rejection,Automatic title triage only
2025.acl-long.447,"Collapse of Dense Retrievers: Short, Early, and Literal Biases Outranking Factual Evidence",https://aclanthology.org/2025.acl-long.447/,Reserve - not individually abstract-screened,Not selected for bounded 7-page survey; not a quality rejection,Automatic title triage only
2025.acl-long.479,"When to Speak, When to Abstain: Contrastive Decoding with Abstention",https://aclanthology.org/2025.acl-long.479/,Reserve - not individually abstract-screened,Not selected for bounded 7-page survey; not a quality rejection,Automatic title triage only
2025.acl-long.490,Think&Cite: Improving Attributed Text Generation with Self-Guided Tree Search and Progress Reward Modeling,https://aclanthology.org/2025.acl-long.490/,Reserve - not individually abstract-screened,Not selected for bounded 7-page survey; not a quality rejection,Automatic title triage only
2025.acl-long.505,Cracking Factual Knowledge: A Comprehensive Analysis of Degenerate Knowledge Neurons in Large Language Models,https://aclanthology.org/2025.acl-long.505/,Reserve - not individually abstract-screened,Not selected for bounded 7-page survey; not a quality rejection,Automatic title triage only
2025.acl-long.517,From Real to Synthetic: Synthesizing Millions of Diversified and Complicated User Instructions with Attributed Grounding,https://aclanthology.org/2025.acl-long.517/,Reserve - not individually abstract-screened,Not selected for bounded 7-page survey; not a quality rejection,Automatic title triage only
2025.acl-long.527,GainRAG: Preference Alignment in Retrieval-Augmented Generation through Gain Signal Synthesis,https://aclanthology.org/2025.acl-long.527/,Reserve - not individually abstract-screened,Not selected for bounded 7-page survey; not a quality rejection,Automatic title triage only
2025.acl-long.548,Improving Factuality with Explicit Working Memory,https://aclanthology.org/2025.acl-long.548/,Reserve - not individually abstract-screened,Not selected for bounded 7-page survey; not a quality rejection,Automatic title triage only
2025.acl-long.571,Parenting: Optimizing Knowledge Selection of Retrieval-Augmented Language Models with Parameter Decoupling and Tailored Tuning,https://aclanthology.org/2025.acl-long.571/,Reserve - not individually abstract-screened,Not selected for bounded 7-page survey; not a quality rejection,Automatic title triage only
2025.acl-long.613,WavRAG: Audio-Integrated Retrieval Augmented Generation for Spoken Dialogue Models,https://aclanthology.org/2025.acl-long.613/,Excluded at automatic title triage,Multimodal or non-text-generation focus outside selected scope,Automatic title triage only
2025.acl-long.629,RankCoT: Refining Knowledge for Retrieval-Augmented Generation through Ranking Chain-of-Thoughts,https://aclanthology.org/2025.acl-long.629/,Reserve - not individually abstract-screened,Not selected for bounded 7-page survey; not a quality rejection,Automatic title triage only
2025.acl-long.634,Activation Steering Decoding: Mitigating Hallucination in Large Vision-Language Models through Bidirectional Hidden State Intervention,https://aclanthology.org/2025.acl-long.634/,Excluded at automatic title triage,Multimodal or non-text-generation focus outside selected scope,Automatic title triage only
2025.acl-long.640,CLAIM: Mitigating Multilingual Object Hallucination in Large Vision-Language Models with Cross-Lingual Attention Intervention,https://aclanthology.org/2025.acl-long.640/,Excluded at automatic title triage,Multimodal or non-text-generation focus outside selected scope,Automatic title triage only
2025.acl-long.693,UniRAG: Unified Query Understanding Method for Retrieval Augmented Generation,https://aclanthology.org/2025.acl-long.693/,Reserve - not individually abstract-screened,Not selected for bounded 7-page survey; not a quality rejection,Automatic title triage only
2025.acl-long.732,Chinese SafetyQA: A Safety Short-form Factuality Benchmark for Large Language Models,https://aclanthology.org/2025.acl-long.732/,Reserve - not individually abstract-screened,Not selected for bounded 7-page survey; not a quality rejection,Automatic title triage only
2025.acl-long.742,Towards Omni-RAG: Comprehensive Retrieval-Augmented Generation for Large Language Models in Medical Applications,https://aclanthology.org/2025.acl-long.742/,Reserve - not individually abstract-screened,Not selected for bounded 7-page survey; not a quality rejection,Automatic title triage only
2025.acl-long.746,LAQuer: Localized Attribution Queries in Content-grounded Generation,https://aclanthology.org/2025.acl-long.746/,Reserve - not individually abstract-screened,Not selected for bounded 7-page survey; not a quality rejection,Automatic title triage only
2025.acl-long.770,Removal of Hallucination on Hallucination: Debate-Augmented RAG,https://aclanthology.org/2025.acl-long.770/,Reserve - not individually abstract-screened,Not selected for bounded 7-page survey; not a quality rejection,Automatic title triage only
2025.acl-long.804,Aligning Large Language Models to Follow Instructions and Hallucinate Less via Effective Data Filtering,https://aclanthology.org/2025.acl-long.804/,Reserve - not individually abstract-screened,Not selected for bounded 7-page survey; not a quality rejection,Automatic title triage only
2025.acl-long.806,RAEmoLLM: Retrieval Augmented LLMs for Cross-Domain Misinformation Detection Using In-Context Learning Based on Emotional Information,https://aclanthology.org/2025.acl-long.806/,Reserve - not individually abstract-screened,Not selected for bounded 7-page survey; not a quality rejection,Automatic title triage only
2025.acl-long.826,Improving Contextual Faithfulness of Large Language Models via Retrieval Heads-Induced Optimization,https://aclanthology.org/2025.acl-long.826/,Included,Title/abstract screened; selected for mechanism and evaluation coverage,Title/abstract
2025.acl-long.828,On Synthesizing Data for Context Attribution in Question Answering,https://aclanthology.org/2025.acl-long.828/,Reserve - not individually abstract-screened,Not selected for bounded 7-page survey; not a quality rejection,Automatic title triage only
2025.acl-long.837,Can LLMs Evaluate Complex Attribution in QA? Automatic Benchmarking using Knowledge Graphs,https://aclanthology.org/2025.acl-long.837/,Reserve - not individually abstract-screened,Not selected for bounded 7-page survey; not a quality rejection,Automatic title triage only
2025.acl-long.840,Do not Abstain! Identify and Solve the Uncertainty,https://aclanthology.org/2025.acl-long.840/,Reserve - not individually abstract-screened,Not selected for bounded 7-page survey; not a quality rejection,Automatic title triage only
2025.acl-long.861,Shifting from Ranking to Set Selection for Retrieval Augmented Generation,https://aclanthology.org/2025.acl-long.861/,Reserve - not individually abstract-screened,Not selected for bounded 7-page survey; not a quality rejection,Automatic title triage only
2025.acl-long.867,Faithful and Robust LLM-Driven Theorem Proving for NLI Explanations,https://aclanthology.org/2025.acl-long.867/,Reserve - not individually abstract-screened,Not selected for bounded 7-page survey; not a quality rejection,Automatic title triage only
2025.acl-long.871,Optimizing Question Semantic Space for Dynamic Retrieval-Augmented Multi-hop Question Answering,https://aclanthology.org/2025.acl-long.871/,Reserve - not individually abstract-screened,Not selected for bounded 7-page survey; not a quality rejection,Automatic title triage only
2025.acl-long.872,Insight Over Sight: Exploring the Vision-Knowledge Conflicts in Multimodal LLMs,https://aclanthology.org/2025.acl-long.872/,Excluded at automatic title triage,Multimodal or non-text-generation focus outside selected scope,Automatic title triage only
2025.acl-long.880,ICR Probe: Tracking Hidden State Dynamics for Reliable Hallucination Detection in LLMs,https://aclanthology.org/2025.acl-long.880/,Reserve - not individually abstract-screened,Not selected for bounded 7-page survey; not a quality rejection,Automatic title triage only
2025.acl-long.896,RARE: Retrieval-Augmented Reasoning Enhancement for Large Language Models,https://aclanthology.org/2025.acl-long.896/,Reserve - not individually abstract-screened,Not selected for bounded 7-page survey; not a quality rejection,Automatic title triage only
2025.acl-long.899,DNCASR: End-to-End Training for Speaker-Attributed ASR,https://aclanthology.org/2025.acl-long.899/,Reserve - not individually abstract-screened,Not selected for bounded 7-page survey; not a quality rejection,Automatic title triage only
2025.acl-long.909,Micro-Act: Mitigate Knowledge Conflict in Question Answering via Actionable Self-Reasoning,https://aclanthology.org/2025.acl-long.909/,Reserve - not individually abstract-screened,Not selected for bounded 7-page survey; not a quality rejection,Automatic title triage only
2025.acl-long.928,LoGU: Long-form Generation with Uncertainty Expressions,https://aclanthology.org/2025.acl-long.928/,Reserve - not individually abstract-screened,Not selected for bounded 7-page survey; not a quality rejection,Automatic title triage only
2025.acl-long.929,KiRAG: Knowledge-Driven Iterative Retriever for Enhancing Retrieval-Augmented Generation,https://aclanthology.org/2025.acl-long.929/,Reserve - not individually abstract-screened,Not selected for bounded 7-page survey; not a quality rejection,Automatic title triage only
2025.acl-long.934,SConU: Selective Conformal Uncertainty in Large Language Models,https://aclanthology.org/2025.acl-long.934/,Reserve - not individually abstract-screened,Not selected for bounded 7-page survey; not a quality rejection,Automatic title triage only
2025.acl-long.941,Chinese SimpleQA: A Chinese Factuality Evaluation for Large Language Models,https://aclanthology.org/2025.acl-long.941/,Reserve - not individually abstract-screened,Not selected for bounded 7-page survey; not a quality rejection,Automatic title triage only
2025.acl-long.968,A Reality Check on Context Utilisation for Retrieval-Augmented Generation,https://aclanthology.org/2025.acl-long.968/,Reserve - not individually abstract-screened,Not selected for bounded 7-page survey; not a quality rejection,Automatic title triage only
2025.acl-long.980,Generalized Attention Flow: Feature Attribution for Transformer Models via Maximum Flow,https://aclanthology.org/2025.acl-long.980/,Excluded at automatic title triage,Term match refers primarily to a different task; can be revisited,Automatic title triage only
2025.acl-long.1046,CogniBench: A Legal-inspired Framework and Dataset for Assessing Cognitive Faithfulness of Large Language Models,https://aclanthology.org/2025.acl-long.1046/,Reserve - not individually abstract-screened,Not selected for bounded 7-page survey; not a quality rejection,Automatic title triage only
2025.acl-long.1058,Prompt-Guided Internal States for Hallucination Detection of Large Language Models,https://aclanthology.org/2025.acl-long.1058/,Reserve - not individually abstract-screened,Not selected for bounded 7-page survey; not a quality rejection,Automatic title triage only
2025.acl-long.1062,FaithfulRAG: Fact-Level Conflict Modeling for Context-Faithful Retrieval-Augmented Generation,https://aclanthology.org/2025.acl-long.1062/,Included,Title/abstract screened; selected for mechanism and evaluation coverage,Title/abstract
2025.acl-long.1074,JoPA: Explaining Large Language Model’s Generation via Joint Prompt Attribution,https://aclanthology.org/2025.acl-long.1074/,Reserve - not individually abstract-screened,Not selected for bounded 7-page survey; not a quality rejection,Automatic title triage only
2025.acl-long.1089,Mitigating Lost-in-Retrieval Problems in Retrieval Augmented Multi-Hop Question Answering,https://aclanthology.org/2025.acl-long.1089/,Reserve - not individually abstract-screened,Not selected for bounded 7-page survey; not a quality rejection,Automatic title triage only
2025.acl-long.1093,Decoding Knowledge Attribution in Mixture-of-Experts: A Framework of Basic-Refinement Collaboration and Efficiency Analysis,https://aclanthology.org/2025.acl-long.1093/,Reserve - not individually abstract-screened,Not selected for bounded 7-page survey; not a quality rejection,Automatic title triage only
2025.acl-long.1094,ChartLens: Fine-grained Visual Attribution in Charts,https://aclanthology.org/2025.acl-long.1094/,Excluded at automatic title triage,Multimodal or non-text-generation focus outside selected scope,Automatic title triage only
2025.acl-long.1101,MEMERAG: A Multilingual End-to-End Meta-Evaluation Benchmark for Retrieval Augmented Generation,https://aclanthology.org/2025.acl-long.1101/,Reserve - not individually abstract-screened,Not selected for bounded 7-page survey; not a quality rejection,Automatic title triage only
2025.acl-long.1106,Retrieval-Augmented Fine-Tuning With Preference Optimization For Visual Program Generation,https://aclanthology.org/2025.acl-long.1106/,Excluded at automatic title triage,Multimodal or non-text-generation focus outside selected scope,Automatic title triage only
2025.acl-long.1108,XDAC: XAI-Driven Detection and Attribution of LLM-Generated News Comments in Korean,https://aclanthology.org/2025.acl-long.1108/,Reserve - not individually abstract-screened,Not selected for bounded 7-page survey; not a quality rejection,Automatic title triage only
2025.acl-long.1116,Mining the uncertainty patterns of humans and models in the annotation of moral foundations and human values,https://aclanthology.org/2025.acl-long.1116/,Reserve - not individually abstract-screened,Not selected for bounded 7-page survey; not a quality rejection,Automatic title triage only
2025.acl-long.1118,Towards Harmonized Uncertainty Estimation for Large Language Models,https://aclanthology.org/2025.acl-long.1118/,Reserve - not individually abstract-screened,Not selected for bounded 7-page survey; not a quality rejection,Automatic title triage only
2025.acl-long.1127,DRAE: Dynamic Retrieval-Augmented Expert Networks for Lifelong Learning and Task Adaptation in Robotics,https://aclanthology.org/2025.acl-long.1127/,Reserve - not individually abstract-screened,Not selected for bounded 7-page survey; not a quality rejection,Automatic title triage only
2025.acl-long.1128,MT-RAIG: Novel Benchmark and Evaluation Framework for Retrieval-Augmented Insight Generation over Multiple Tables,https://aclanthology.org/2025.acl-long.1128/,Reserve - not individually abstract-screened,Not selected for bounded 7-page survey; not a quality rejection,Automatic title triage only
2025.acl-long.1133,Tracing and Dissecting How LLMs Recall Factual Knowledge for Real World Questions,https://aclanthology.org/2025.acl-long.1133/,Reserve - not individually abstract-screened,Not selected for bounded 7-page survey; not a quality rejection,Automatic title triage only
2025.acl-long.1143,Mamba Knockout for Unraveling Factual Information Flow,https://aclanthology.org/2025.acl-long.1143/,Reserve - not individually abstract-screened,Not selected for bounded 7-page survey; not a quality rejection,Automatic title triage only
2025.acl-long.1159,Graph of Records: Boosting Retrieval Augmented Generation for Long-context Summarization with Graphs,https://aclanthology.org/2025.acl-long.1159/,Reserve - not individually abstract-screened,Not selected for bounded 7-page survey; not a quality rejection,Automatic title triage only
2025.acl-long.1169,Uncertainty-Aware Iterative Preference Optimization for Enhanced LLM Reasoning,https://aclanthology.org/2025.acl-long.1169/,Reserve - not individually abstract-screened,Not selected for bounded 7-page survey; not a quality rejection,Automatic title triage only
2025.acl-long.1175,Enhancing Retrieval-Augmented Generation via Evidence Tree Search,https://aclanthology.org/2025.acl-long.1175/,Reserve - not individually abstract-screened,Not selected for bounded 7-page survey; not a quality rejection,Automatic title triage only
2025.acl-long.1176,HalluLens: LLM Hallucination Benchmark,https://aclanthology.org/2025.acl-long.1176/,Included,Title/abstract screened; selected for mechanism and evaluation coverage,Title/abstract
2025.acl-long.1186,Decoding on Graphs: Faithful and Sound Reasoning on Knowledge Graphs through Generation of Well-Formed Chains,https://aclanthology.org/2025.acl-long.1186/,Reserve - not individually abstract-screened,Not selected for bounded 7-page survey; not a quality rejection,Automatic title triage only
2025.acl-long.1199,Alleviating Hallucinations from Knowledge Misalignment in Large Language Models via Selective Abstention Learning,https://aclanthology.org/2025.acl-long.1199/,Included,Title/abstract screened; selected for mechanism and evaluation coverage,Title/abstract
2025.acl-long.1312,SeaKR: Self-aware Knowledge Retrieval for Adaptive Retrieval Augmented Generation,https://aclanthology.org/2025.acl-long.1312/,Reserve - not individually abstract-screened,Not selected for bounded 7-page survey; not a quality rejection,Automatic title triage only
2025.acl-long.1317,Knowledge Graph Retrieval-Augmented Generation for LLM-based Recommendation,https://aclanthology.org/2025.acl-long.1317/,Reserve - not individually abstract-screened,Not selected for bounded 7-page survey; not a quality rejection,Automatic title triage only
2025.acl-long.1320,Odysseus Navigates the Sirens’ Song: Dynamic Focus Decoding for Factual and Diverse Open-Ended Text Generation,https://aclanthology.org/2025.acl-long.1320/,Reserve - not individually abstract-screened,Not selected for bounded 7-page survey; not a quality rejection,Automatic title triage only
2025.acl-long.1334,T2I-FactualBench: Benchmarking the Factuality of Text-to-Image Models with Knowledge-Intensive Concepts,https://aclanthology.org/2025.acl-long.1334/,Excluded at automatic title triage,Multimodal or non-text-generation focus outside selected scope,Automatic title triage only
2025.acl-long.1340,Counterspeech the ultimate shield! Multi-Conditioned Counterspeech Generation through Attributed Prefix Learning,https://aclanthology.org/2025.acl-long.1340/,Excluded at automatic title triage,Multimodal or non-text-generation focus outside selected scope,Automatic title triage only
2025.acl-long.1346,Lexical Diversity-aware Relevance Assessment for Retrieval-Augmented Generation,https://aclanthology.org/2025.acl-long.1346/,Reserve - not individually abstract-screened,Not selected for bounded 7-page survey; not a quality rejection,Automatic title triage only
2025.acl-long.1352,GRAT: Guiding Retrieval-Augmented Reasoning through Process Rewards Tree Search,https://aclanthology.org/2025.acl-long.1352/,Reserve - not individually abstract-screened,Not selected for bounded 7-page survey; not a quality rejection,Automatic title triage only
2025.acl-long.1381,Medical Graph RAG: Evidence-based Medical Large Language Model via Graph Retrieval-Augmented Generation,https://aclanthology.org/2025.acl-long.1381/,Reserve - not individually abstract-screened,Not selected for bounded 7-page survey; not a quality rejection,Automatic title triage only
2025.acl-long.1400,"LLMs Trust Humans More, That’s a Problem! Unveiling and Mitigating the Authority Bias in Retrieval-Augmented Generation",https://aclanthology.org/2025.acl-long.1400/,Reserve - not individually abstract-screened,Not selected for bounded 7-page survey; not a quality rejection,Automatic title triage only
2025.acl-long.1407,\mathcal{A}^3: Automatic Alignment Framework for Attributed Text Generation,https://aclanthology.org/2025.acl-long.1407/,Reserve - not individually abstract-screened,Not selected for bounded 7-page survey; not a quality rejection,Automatic title triage only
2025.acl-long.1429,Reconsidering LLM Uncertainty Estimation Methods in the Wild,https://aclanthology.org/2025.acl-long.1429/,Reserve - not individually abstract-screened,Not selected for bounded 7-page survey; not a quality rejection,Automatic title triage only
2025.acl-long.1434,Beyond True or False: Retrieval-Augmented Hierarchical Analysis of Nuanced Claims,https://aclanthology.org/2025.acl-long.1434/,Reserve - not individually abstract-screened,Not selected for bounded 7-page survey; not a quality rejection,Automatic title triage only
2025.acl-long.1456,VISA: Retrieval Augmented Generation with Visual Source Attribution,https://aclanthology.org/2025.acl-long.1456/,Excluded at automatic title triage,Multimodal or non-text-generation focus outside selected scope,Automatic title triage only
2025.acl-long.1458,Stochastic Chameleons: Irrelevant Context Hallucinations Reveal Class-Based (Mis)Generalization in LLMs,https://aclanthology.org/2025.acl-long.1458/,Reserve - not individually abstract-screened,Not selected for bounded 7-page survey; not a quality rejection,Automatic title triage only
2025.acl-long.1461,IRIS: Interpretable Retrieval-Augmented Classification for Long Interspersed Document Sequences,https://aclanthology.org/2025.acl-long.1461/,Reserve - not individually abstract-screened,Not selected for bounded 7-page survey; not a quality rejection,Automatic title triage only
2025.acl-long.1476,Astute RAG: Overcoming Imperfect Retrieval Augmentation and Knowledge Conflicts for Large Language Models,https://aclanthology.org/2025.acl-long.1476/,Included,Title/abstract screened; selected for mechanism and evaluation coverage,Title/abstract
2025.acl-long.1480,ETF: An Entity Tracing Framework for Hallucination Detection in Code Summaries,https://aclanthology.org/2025.acl-long.1480/,Reserve - not individually abstract-screened,Not selected for bounded 7-page survey; not a quality rejection,Automatic title triage only
2025.acl-long.1485,CCHall: A Novel Benchmark for Joint Cross-Lingual and Cross-Modal Hallucinations Detection in Large Language Models,https://aclanthology.org/2025.acl-long.1485/,Reserve - not individually abstract-screened,Not selected for bounded 7-page survey; not a quality rejection,Automatic title triage only
2025.acl-long.1507,Truth Knows No Language: Evaluating Truthfulness Beyond English,https://aclanthology.org/2025.acl-long.1507/,Reserve - not individually abstract-screened,Not selected for bounded 7-page survey; not a quality rejection,Automatic title triage only
2025.acl-long.1574,CiteEval: Principle-Driven Citation Evaluation for Source Attribution,https://aclanthology.org/2025.acl-long.1574/,Reserve - not individually abstract-screened,Not selected for bounded 7-page survey; not a quality rejection,Automatic title triage only
2025.acl-long.1587,FactBench: A Dynamic Benchmark for In-the-Wild Language Model Factuality Evaluation,https://aclanthology.org/2025.acl-long.1587/,Included,Title/abstract screened; selected for mechanism and evaluation coverage,Title/abstract
2025.acl-short.18,Revisiting Epistemic Markers in Confidence Estimation: Can Markers Accurately Reflect Large Language Models’ Uncertainty?,https://aclanthology.org/2025.acl-short.18/,Reserve - not individually abstract-screened,Not selected for bounded 7-page survey; not a quality rejection,Automatic title triage only
2025.acl-short.60,Revisiting Uncertainty Quantification Evaluation in Language Models: Spurious Interactions with Response Length Bias Results,https://aclanthology.org/2025.acl-short.60/,Reserve - not individually abstract-screened,Not selected for bounded 7-page survey; not a quality rejection,Automatic title triage only
2025.acl-short.80,Quantifying Misattribution Unfairness in Authorship Attribution,https://aclanthology.org/2025.acl-short.80/,Excluded at automatic title triage,Term match refers primarily to a different task; can be revisited,Automatic title triage only
2025.acl-short.84,TreeCut: A Synthetic Unanswerable Math Word Problem Dataset for LLM Hallucination Evaluation,https://aclanthology.org/2025.acl-short.84/,Reserve - not individually abstract-screened,Not selected for bounded 7-page survey; not a quality rejection,Automatic title triage only
2025.acl-short.93,Learning Auxiliary Tasks Improves Reference-Free Hallucination Detection in Open-Domain Long-Form Generation,https://aclanthology.org/2025.acl-short.93/,Reserve - not individually abstract-screened,Not selected for bounded 7-page survey; not a quality rejection,Automatic title triage only
2025.acl-short.97,Counterfactual-Consistency Prompting for Relative Temporal Understanding in Large Language Models,https://aclanthology.org/2025.acl-short.97/,Excluded at automatic title triage,Term match refers primarily to a different task; can be revisited,Automatic title triage only
2025.acl-demo.28,LCDS: A Logic-Controlled Discharge Summary Generation System Supporting Source Attribution and Expert Review,https://aclanthology.org/2025.acl-demo.28/,Reserve - not individually abstract-screened,Not selected for bounded 7-page survey; not a quality rejection,Automatic title triage only
2025.acl-demo.49,Ai2 Scholar QA: Organized Literature Synthesis with Attribution,https://aclanthology.org/2025.acl-demo.49/,Reserve - not individually abstract-screened,Not selected for bounded 7-page survey; not a quality rejection,Automatic title triage only
2025.acl-demo.60,FlexRAG: A Flexible and Comprehensive Framework for Retrieval-Augmented Generation,https://aclanthology.org/2025.acl-demo.60/,Reserve - not individually abstract-screened,Not selected for bounded 7-page survey; not a quality rejection,Automatic title triage only
2025.acl-srw.1,Advancing African-Accented English Speech Recognition: Epistemic Uncertainty-Driven Data Selection for Generalizable ASR Models,https://aclanthology.org/2025.acl-srw.1/,Excluded at automatic title triage,Multimodal or non-text-generation focus outside selected scope,Automatic title triage only
2025.acl-srw.20,FaithfulSAE: Towards Capturing Faithful Features with Sparse Autoencoders without External Datasets Dependency,https://aclanthology.org/2025.acl-srw.20/,Reserve - not individually abstract-screened,Not selected for bounded 7-page survey; not a quality rejection,Automatic title triage only
2025.acl-srw.27,From Ambiguity to Accuracy: The Transformative Effect of Coreference Resolution on Retrieval-Augmented Generation systems,https://aclanthology.org/2025.acl-srw.27/,Reserve - not individually abstract-screened,Not selected for bounded 7-page survey; not a quality rejection,Automatic title triage only
2025.acl-srw.32,Question Decomposition for Retrieval-Augmented Generation,https://aclanthology.org/2025.acl-srw.32/,Reserve - not individually abstract-screened,Not selected for bounded 7-page survey; not a quality rejection,Automatic title triage only
2025.acl-srw.35,A Semantic Uncertainty Sampling Strategy for Back-Translation in Low-Resources Neural Machine Translation,https://aclanthology.org/2025.acl-srw.35/,Reserve - not individually abstract-screened,Not selected for bounded 7-page survey; not a quality rejection,Automatic title triage only
2025.acl-srw.44,Light-Weight Hallucination Detection using Contrastive Learning for Conditional Text Generation,https://aclanthology.org/2025.acl-srw.44/,Reserve - not individually abstract-screened,Not selected for bounded 7-page survey; not a quality rejection,Automatic title triage only
2025.acl-srw.53,Mitigating Hallucination by Integrating Knowledge Graphs into LLM Inference – a Systematic Literature Review,https://aclanthology.org/2025.acl-srw.53/,Reserve - not individually abstract-screened,Not selected for bounded 7-page survey; not a quality rejection,Automatic title triage only
2025.acl-srw.77,Improving Explainability of Sentence-level Metrics via Edit-level Attribution for Grammatical Error Correction,https://aclanthology.org/2025.acl-srw.77/,Excluded at automatic title triage,Term match refers primarily to a different task; can be revisited,Automatic title triage only
2025.acl-tutorials.3,Uncertainty Quantification for Large Language Models,https://aclanthology.org/2025.acl-tutorials.3/,Reserve - not individually abstract-screened,Not selected for bounded 7-page survey; not a quality rejection,Automatic title triage only
2025.acl-industry.19,CoAlign: Uncertainty Calibration of LLM for Geospatial Repartition,https://aclanthology.org/2025.acl-industry.19/,Reserve - not individually abstract-screened,Not selected for bounded 7-page survey; not a quality rejection,Automatic title triage only
2025.acl-industry.25,Efficient Out-of-Scope Detection in Dialogue Systems via Uncertainty-Driven LLM Routing,https://aclanthology.org/2025.acl-industry.25/,Reserve - not individually abstract-screened,Not selected for bounded 7-page survey; not a quality rejection,Automatic title triage only
2025.acl-industry.53,ComRAG: Retrieval-Augmented Generation with Dynamic Vector Stores for Real-time Community Question Answering in Industry,https://aclanthology.org/2025.acl-industry.53/,Reserve - not individually abstract-screened,Not selected for bounded 7-page survey; not a quality rejection,Automatic title triage only
2025.acl-industry.108,EXPLAIN: Enhancing Retrieval-Augmented Generation with Entity Summary,https://aclanthology.org/2025.acl-industry.108/,Reserve - not individually abstract-screened,Not selected for bounded 7-page survey; not a quality rejection,Automatic title triage only
2025.emnlp-main.33,Training a Utility-based Retriever Through Shared Context Attribution for Retrieval-Augmented Language Models,https://aclanthology.org/2025.emnlp-main.33/,Reserve - not individually abstract-screened,Not selected for bounded 7-page survey; not a quality rejection,Automatic title triage only
2025.emnlp-main.34,SportReason: Evaluating Retrieval-Augmented Reasoning across Tables and Text for Sports Question Answering,https://aclanthology.org/2025.emnlp-main.34/,Reserve - not individually abstract-screened,Not selected for bounded 7-page survey; not a quality rejection,Automatic title triage only
2025.emnlp-main.49,Refusal-Aware Red Teaming: Exposing Inconsistency in Safety Evaluations,https://aclanthology.org/2025.emnlp-main.49/,Reserve - not individually abstract-screened,Not selected for bounded 7-page survey; not a quality rejection,Automatic title triage only
2025.emnlp-main.73,Thinking Out Loud: Do Reasoning Models Know When They’re Right?,https://aclanthology.org/2025.emnlp-main.73/,Reserve - not individually abstract-screened,Not selected for bounded 7-page survey; not a quality rejection,Automatic title triage only
2025.emnlp-main.88,Utility-Focused LLM Annotation for Retrieval and Retrieval-Augmented Generation,https://aclanthology.org/2025.emnlp-main.88/,Reserve - not individually abstract-screened,Not selected for bounded 7-page survey; not a quality rejection,Automatic title triage only
2025.emnlp-main.95,Unstructured Evidence Attribution for Long Context Query Focused Summarization,https://aclanthology.org/2025.emnlp-main.95/,Reserve - not individually abstract-screened,Not selected for bounded 7-page survey; not a quality rejection,Automatic title triage only
2025.emnlp-main.105,F²Bench: An Open-ended Fairness Evaluation Benchmark for LLMs with Factuality Considerations,https://aclanthology.org/2025.emnlp-main.105/,Reserve - not individually abstract-screened,Not selected for bounded 7-page survey; not a quality rejection,Automatic title triage only
2025.emnlp-main.111,Unveiling Internal Reasoning Modes in LLMs: A Deep Dive into Latent Reasoning vs. Factual Shortcuts with Attribute Rate Ratio,https://aclanthology.org/2025.emnlp-main.111/,Reserve - not individually abstract-screened,Not selected for bounded 7-page survey; not a quality rejection,Automatic title triage only
2025.emnlp-main.121,Re-Align: Aligning Vision Language Models via Retrieval-Augmented Direct Preference Optimization,https://aclanthology.org/2025.emnlp-main.121/,Excluded at automatic title triage,Multimodal or non-text-generation focus outside selected scope,Automatic title triage only
2025.emnlp-main.143,MedHallu: A Comprehensive Benchmark for Detecting Medical Hallucinations in Large Language Models,https://aclanthology.org/2025.emnlp-main.143/,Reserve - not individually abstract-screened,Not selected for bounded 7-page survey; not a quality rejection,Automatic title triage only
2025.emnlp-main.145,"Alignment Quality Index (AQI) : Beyond Refusals: AQI as an Intrinsic Alignment Diagnostic via Latent Geometry, Cluster Divergence, and Layer wise Pooled Representations",https://aclanthology.org/2025.emnlp-main.145/,Reserve - not individually abstract-screened,Not selected for bounded 7-page survey; not a quality rejection,Automatic title triage only
2025.emnlp-main.150,Active Layer-Contrastive Decoding Reduces Hallucination in Large Language Model Generation,https://aclanthology.org/2025.emnlp-main.150/,Reserve - not individually abstract-screened,Not selected for bounded 7-page survey; not a quality rejection,Automatic title triage only
2025.emnlp-main.174,"Shallow Focus, Deep Fixes: Enhancing Shallow Layers Vision Attention Sinks to Alleviate Hallucination in LVLMs",https://aclanthology.org/2025.emnlp-main.174/,Excluded at automatic title triage,Multimodal or non-text-generation focus outside selected scope,Automatic title triage only
2025.emnlp-main.187,Calibrating Verbal Uncertainty as a Linear Feature to Reduce Hallucinations,https://aclanthology.org/2025.emnlp-main.187/,Reserve - not individually abstract-screened,Not selected for bounded 7-page survey; not a quality rejection,Automatic title triage only
2025.emnlp-main.192,RAG-Instruct: Boosting LLMs with Diverse Retrieval-Augmented Instructions,https://aclanthology.org/2025.emnlp-main.192/,Reserve - not individually abstract-screened,Not selected for bounded 7-page survey; not a quality rejection,Automatic title triage only
2025.emnlp-main.209,UNComp: Can Matrix Entropy Uncover Sparsity? — A Compressor Design from an Uncertainty-Aware Perspective,https://aclanthology.org/2025.emnlp-main.209/,Reserve - not individually abstract-screened,Not selected for bounded 7-page survey; not a quality rejection,Automatic title triage only
2025.emnlp-main.243,"Single LLM, Multiple Roles: A Unified Retrieval-Augmented Generation Framework Using Role-Specific Token Optimization",https://aclanthology.org/2025.emnlp-main.243/,Reserve - not individually abstract-screened,Not selected for bounded 7-page survey; not a quality rejection,Automatic title triage only
2025.emnlp-main.274,KG-RAG: Enhancing GUI Agent Decision-Making via Knowledge Graph-Driven Retrieval-Augmented Generation,https://aclanthology.org/2025.emnlp-main.274/,Reserve - not individually abstract-screened,Not selected for bounded 7-page survey; not a quality rejection,Automatic title triage only
2025.emnlp-main.285,Tree-of-Quote Prompting Improves Factuality and Attribution in Multi-Hop and Medical Reasoning,https://aclanthology.org/2025.emnlp-main.285/,Reserve - not individually abstract-screened,Not selected for bounded 7-page survey; not a quality rejection,Automatic title triage only
2025.emnlp-main.294,MoSEs: Uncertainty-Aware AI-Generated Text Detection via Mixture of Stylistics Experts with Conditional Thresholds,https://aclanthology.org/2025.emnlp-main.294/,Reserve - not individually abstract-screened,Not selected for bounded 7-page survey; not a quality rejection,Automatic title triage only
2025.emnlp-main.315,RAV: Retrieval-Augmented Voting for Tactile Descriptions Without Training,https://aclanthology.org/2025.emnlp-main.315/,Reserve - not individually abstract-screened,Not selected for bounded 7-page survey; not a quality rejection,Automatic title triage only
2025.emnlp-main.334,TurboRAG: Accelerating Retrieval-Augmented Generation with Precomputed KV Caches for Chunked Text,https://aclanthology.org/2025.emnlp-main.334/,Reserve - not individually abstract-screened,Not selected for bounded 7-page survey; not a quality rejection,Automatic title triage only
2025.emnlp-main.348,CoCoA: Confidence- and Context-Aware Adaptive Decoding for Resolving Knowledge Conflicts in Large Language Models,https://aclanthology.org/2025.emnlp-main.348/,Included,Title/abstract screened; selected for mechanism and evaluation coverage,Title/abstract
2025.emnlp-main.365,InfoGain-RAG: Boosting Retrieval-Augmented Generation through Document Information Gain-based Reranking and Filtering,https://aclanthology.org/2025.emnlp-main.365/,Reserve - not individually abstract-screened,Not selected for bounded 7-page survey; not a quality rejection,Automatic title triage only
2025.emnlp-main.388,UnCo: Uncertainty-Driven Collaborative Framework of Large and Small Models for Grounded Multimodal NER,https://aclanthology.org/2025.emnlp-main.388/,Excluded at automatic title triage,Multimodal or non-text-generation focus outside selected scope,Automatic title triage only
2025.emnlp-main.396,Can LLMs Explain Themselves Counterfactually?,https://aclanthology.org/2025.emnlp-main.396/,Excluded at automatic title triage,Term match refers primarily to a different task; can be revisited,Automatic title triage only
2025.emnlp-main.400,UNCERTAINTY-LINE: Length-Invariant Estimation of Uncertainty for Large Language Models,https://aclanthology.org/2025.emnlp-main.400/,Reserve - not individually abstract-screened,Not selected for bounded 7-page survey; not a quality rejection,Automatic title triage only
2025.emnlp-main.414,RAGferee: Building Contextual Reward Models for Retrieval-Augmented Generation,https://aclanthology.org/2025.emnlp-main.414/,Reserve - not individually abstract-screened,Not selected for bounded 7-page survey; not a quality rejection,Automatic title triage only
2025.emnlp-main.427,Self-Critique and Refinement for Faithful Natural Language Explanations,https://aclanthology.org/2025.emnlp-main.427/,Reserve - not individually abstract-screened,Not selected for bounded 7-page survey; not a quality rejection,Automatic title triage only
2025.emnlp-main.441,Certainty in Uncertainty: Reasoning over Uncertain Knowledge Graphs with Statistical Guarantees,https://aclanthology.org/2025.emnlp-main.441/,Reserve - not individually abstract-screened,Not selected for bounded 7-page survey; not a quality rejection,Automatic title triage only
2025.emnlp-main.461,Improving Multilingual Retrieval-Augmented Language Models through Dialectic Reasoning Argumentations,https://aclanthology.org/2025.emnlp-main.461/,Reserve - not individually abstract-screened,Not selected for bounded 7-page survey; not a quality rejection,Automatic title triage only
2025.emnlp-main.464,ViDoRAG: Visual Document Retrieval-Augmented Generation via Dynamic Iterative Reasoning Agents,https://aclanthology.org/2025.emnlp-main.464/,Excluded at automatic title triage,Multimodal or non-text-generation focus outside selected scope,Automatic title triage only
2025.emnlp-main.504,Measuring Chain of Thought Faithfulness by Unlearning Reasoning Steps,https://aclanthology.org/2025.emnlp-main.504/,Reserve - not individually abstract-screened,Not selected for bounded 7-page survey; not a quality rejection,Automatic title triage only
2025.emnlp-main.529,Towards Faithful Natural Language Explanations: A Study Using Activation Patching in Large Language Models,https://aclanthology.org/2025.emnlp-main.529/,Reserve - not individually abstract-screened,Not selected for bounded 7-page survey; not a quality rejection,Automatic title triage only
2025.emnlp-main.549,Bridging External and Parametric Knowledge: Mitigating Hallucination of LLMs with Shared-Private Semantic Synergy in Dual-Stream Knowledge,https://aclanthology.org/2025.emnlp-main.549/,Reserve - not individually abstract-screened,Not selected for bounded 7-page survey; not a quality rejection,Automatic title triage only
2025.emnlp-main.569,Analyzing Uncertainty of LLM-as-a-Judge: Interval Evaluations with Conformal Prediction,https://aclanthology.org/2025.emnlp-main.569/,Reserve - not individually abstract-screened,Not selected for bounded 7-page survey; not a quality rejection,Automatic title triage only
2025.emnlp-main.575,Deriving Strategic Market Insights with Large Language Models: A Benchmark for Forward Counterfactual Generation,https://aclanthology.org/2025.emnlp-main.575/,Excluded at automatic title triage,Term match refers primarily to a different task; can be revisited,Automatic title triage only
2025.emnlp-main.576,Towards Statistical Factuality Guarantee for Large Vision-Language Models,https://aclanthology.org/2025.emnlp-main.576/,Excluded at automatic title triage,Multimodal or non-text-generation focus outside selected scope,Automatic title triage only
2025.emnlp-main.587,Separate the Wheat from the Chaff: Winnowing Down Divergent Views in Retrieval Augmented Generation,https://aclanthology.org/2025.emnlp-main.587/,Reserve - not individually abstract-screened,Not selected for bounded 7-page survey; not a quality rejection,Automatic title triage only
2025.emnlp-main.626,TP-RAG: Benchmarking Retrieval-Augmented Large Language Model Agents for Spatiotemporal-Aware Travel Planning,https://aclanthology.org/2025.emnlp-main.626/,Reserve - not individually abstract-screened,Not selected for bounded 7-page survey; not a quality rejection,Automatic title triage only
2025.emnlp-main.631,Mitigating Hallucinations in Vision-Language Models through Image-Guided Head Suppression,https://aclanthology.org/2025.emnlp-main.631/,Excluded at automatic title triage,Multimodal or non-text-generation focus outside selected scope,Automatic title triage only
2025.emnlp-main.645,Expanding before Inferring: Enhancing Factuality in Large Language Models through Premature Layers Interpolation,https://aclanthology.org/2025.emnlp-main.645/,Reserve - not individually abstract-screened,Not selected for bounded 7-page survey; not a quality rejection,Automatic title triage only
2025.emnlp-main.657,FaithUn: Toward Faithful Forgetting in Language Models by Investigating the Interconnectedness of Knowledge,https://aclanthology.org/2025.emnlp-main.657/,Reserve - not individually abstract-screened,Not selected for bounded 7-page survey; not a quality rejection,Automatic title triage only
2025.emnlp-main.661,Sycophancy Mitigation Through Reinforcement Learning with Uncertainty-Aware Adaptive Reasoning Trajectories,https://aclanthology.org/2025.emnlp-main.661/,Reserve - not individually abstract-screened,Not selected for bounded 7-page survey; not a quality rejection,Automatic title triage only
2025.emnlp-main.675,Investigating Pedagogical Teacher and Student LLM Agents: Genetic Adaptation Meets Retrieval-Augmented Generation Across Learning Styles,https://aclanthology.org/2025.emnlp-main.675/,Reserve - not individually abstract-screened,Not selected for bounded 7-page survey; not a quality rejection,Automatic title triage only
2025.emnlp-main.684,The Impact of Negated Text on Hallucination with Large Language Models,https://aclanthology.org/2025.emnlp-main.684/,Reserve - not individually abstract-screened,Not selected for bounded 7-page survey; not a quality rejection,Automatic title triage only
2025.emnlp-main.710,TableRAG: A Retrieval Augmented Generation Framework for Heterogeneous Document Reasoning,https://aclanthology.org/2025.emnlp-main.710/,Reserve - not individually abstract-screened,Not selected for bounded 7-page survey; not a quality rejection,Automatic title triage only
2025.emnlp-main.725,SHARP: Steering Hallucination in LVLMs via Representation Engineering,https://aclanthology.org/2025.emnlp-main.725/,Excluded at automatic title triage,Multimodal or non-text-generation focus outside selected scope,Automatic title triage only
2025.emnlp-main.756,Do You Know About My Nation? Investigating Multilingual Language Models’ Cultural Literacy Through Factual Knowledge,https://aclanthology.org/2025.emnlp-main.756/,Reserve - not individually abstract-screened,Not selected for bounded 7-page survey; not a quality rejection,Automatic title triage only
2025.emnlp-main.762,Paths Not Taken: Understanding and Mending the Multilingual Factual Recall Pipeline,https://aclanthology.org/2025.emnlp-main.762/,Reserve - not individually abstract-screened,Not selected for bounded 7-page survey; not a quality rejection,Automatic title triage only
2025.emnlp-main.768,Who is in the Spotlight: The Hidden Bias Undermining Multimodal Retrieval-Augmented Generation,https://aclanthology.org/2025.emnlp-main.768/,Excluded at automatic title triage,Multimodal or non-text-generation focus outside selected scope,Automatic title triage only
2025.emnlp-main.784,OntologyRAG-Q: Resource Development and Benchmarking for Retrieval-Augmented Question Answering in Qur’anic Tafsir,https://aclanthology.org/2025.emnlp-main.784/,Reserve - not individually abstract-screened,Not selected for bounded 7-page survey; not a quality rejection,Automatic title triage only
2025.emnlp-main.797,A Necessary Step toward Faithfulness: Measuring and Improving Consistency in Free-Text Explanations,https://aclanthology.org/2025.emnlp-main.797/,Reserve - not individually abstract-screened,Not selected for bounded 7-page survey; not a quality rejection,Automatic title triage only
2025.emnlp-main.801,AIP: Subverting Retrieval-Augmented Generation via Adversarial Instructional Prompt,https://aclanthology.org/2025.emnlp-main.801/,Reserve - not individually abstract-screened,Not selected for bounded 7-page survey; not a quality rejection,Automatic title triage only
2025.emnlp-main.804,Your RAG is Unfair: Exposing Fairness Vulnerabilities in Retrieval-Augmented Generation via Backdoor Attacks,https://aclanthology.org/2025.emnlp-main.804/,Reserve - not individually abstract-screened,Not selected for bounded 7-page survey; not a quality rejection,Automatic title triage only
2025.emnlp-main.815,"Promote, Suppress, Iterate: How Language Models Answer One-to-Many Factual Queries",https://aclanthology.org/2025.emnlp-main.815/,Reserve - not individually abstract-screened,Not selected for bounded 7-page survey; not a quality rejection,Automatic title triage only
2025.emnlp-main.826,When Truthful Representations Flip Under Deceptive Instructions?,https://aclanthology.org/2025.emnlp-main.826/,Reserve - not individually abstract-screened,Not selected for bounded 7-page survey; not a quality rejection,Automatic title triage only
2025.emnlp-main.902,Retrieval-augmented GUI Agents with Generative Guidelines,https://aclanthology.org/2025.emnlp-main.902/,Reserve - not individually abstract-screened,Not selected for bounded 7-page survey; not a quality rejection,Automatic title triage only
2025.emnlp-main.905,VeriFact: Enhancing Long-Form Factuality Evaluation with Refined Fact Extraction and Reference Facts,https://aclanthology.org/2025.emnlp-main.905/,Reserve - not individually abstract-screened,Not selected for bounded 7-page survey; not a quality rejection,Automatic title triage only
2025.emnlp-main.916,Exploring Response Uncertainty in MLLMs: An Empirical Evaluation under Misleading Scenarios,https://aclanthology.org/2025.emnlp-main.916/,Excluded at automatic title triage,Multimodal or non-text-generation focus outside selected scope,Automatic title triage only
2025.emnlp-main.923,Thread: A Logic-Based Data Organization Paradigm for How-To Question Answering with Retrieval Augmented Generation,https://aclanthology.org/2025.emnlp-main.923/,Reserve - not individually abstract-screened,Not selected for bounded 7-page survey; not a quality rejection,Automatic title triage only
2025.emnlp-main.937,FacLens: Transferable Probe for Foreseeing Non-Factuality in Fact-Seeking Question Answering of Large Language Models,https://aclanthology.org/2025.emnlp-main.937/,Reserve - not individually abstract-screened,Not selected for bounded 7-page survey; not a quality rejection,Automatic title triage only
2025.emnlp-main.958,CAIR: Counterfactual-based Agent Influence Ranker for Agentic AI Workflows,https://aclanthology.org/2025.emnlp-main.958/,Excluded at automatic title triage,Term match refers primarily to a different task; can be revisited,Automatic title triage only
2025.emnlp-main.976,Mitigating Hallucinations in LM-Based TTS Models via Distribution Alignment Using GFlowNets,https://aclanthology.org/2025.emnlp-main.976/,Reserve - not individually abstract-screened,Not selected for bounded 7-page survey; not a quality rejection,Automatic title triage only
2025.emnlp-main.982,Mitigating Hallucinations in Large Vision-Language Models via Entity-Centric Multimodal Preference Optimization,https://aclanthology.org/2025.emnlp-main.982/,Excluded at automatic title triage,Multimodal or non-text-generation focus outside selected scope,Automatic title triage only
2025.emnlp-main.992,Beyond the Score: Uncertainty-Calibrated LLMs for Automated Essay Assessment,https://aclanthology.org/2025.emnlp-main.992/,Reserve - not individually abstract-screened,Not selected for bounded 7-page survey; not a quality rejection,Automatic title triage only
2025.emnlp-main.993,Humans Hallucinate Too: Language Models Identify and Correct Subjective Annotation Errors With Label-in-a-Haystack Prompts,https://aclanthology.org/2025.emnlp-main.993/,Reserve - not individually abstract-screened,Not selected for bounded 7-page survey; not a quality rejection,Automatic title triage only
2025.emnlp-main.998,Search Wisely: Mitigating Sub-optimal Agentic Searches By Reducing Uncertainty,https://aclanthology.org/2025.emnlp-main.998/,Reserve - not individually abstract-screened,Not selected for bounded 7-page survey; not a quality rejection,Automatic title triage only
2025.emnlp-main.1050,DSVD: Dynamic Self-Verify Decoding for Faithful Generation in Large Language Models,https://aclanthology.org/2025.emnlp-main.1050/,Reserve - not individually abstract-screened,Not selected for bounded 7-page survey; not a quality rejection,Automatic title triage only
2025.emnlp-main.1063,Attention-guided Self-reflection for Zero-shot Hallucination Detection in Large Language Models,https://aclanthology.org/2025.emnlp-main.1063/,Reserve - not individually abstract-screened,Not selected for bounded 7-page survey; not a quality rejection,Automatic title triage only
2025.emnlp-main.1065,Understanding and Mitigating Overrefusal in LLMs from an Unveiling Perspective of Safety Decision Boundary,https://aclanthology.org/2025.emnlp-main.1065/,Reserve - not individually abstract-screened,Not selected for bounded 7-page survey; not a quality rejection,Automatic title triage only
2025.emnlp-main.1075,Improving Context Fidelity via Native Retrieval-Augmented Reasoning,https://aclanthology.org/2025.emnlp-main.1075/,Reserve - not individually abstract-screened,Not selected for bounded 7-page survey; not a quality rejection,Automatic title triage only
2025.emnlp-main.1109,Does Localization Inform Unlearning? A Rigorous Examination of Local Parameter Attribution for Knowledge Unlearning in Language Models,https://aclanthology.org/2025.emnlp-main.1109/,Reserve - not individually abstract-screened,Not selected for bounded 7-page survey; not a quality rejection,Automatic title triage only
2025.emnlp-main.1114,Understanding and Leveraging the Expert Specialization of Context Faithfulness in Mixture-of-Experts LLMs,https://aclanthology.org/2025.emnlp-main.1114/,Reserve - not individually abstract-screened,Not selected for bounded 7-page survey; not a quality rejection,Automatic title triage only
2025.emnlp-main.1124,Unsupervised Hallucination Detection by Inspecting Reasoning Processes,https://aclanthology.org/2025.emnlp-main.1124/,Reserve - not individually abstract-screened,Not selected for bounded 7-page survey; not a quality rejection,Automatic title triage only
2025.emnlp-main.1144,Follow the Flow: Fine-grained Flowchart Attribution with Neurosymbolic Agents,https://aclanthology.org/2025.emnlp-main.1144/,Excluded at automatic title triage,Multimodal or non-text-generation focus outside selected scope,Automatic title triage only
2025.emnlp-main.1151,MS-RAG: Simple and Effective Multi-Semantic Retrieval-Augmented Generation,https://aclanthology.org/2025.emnlp-main.1151/,Reserve - not individually abstract-screened,Not selected for bounded 7-page survey; not a quality rejection,Automatic title triage only
2025.emnlp-main.1158,Dual-Path Counterfactual Integration for Multimodal Aspect-Based Sentiment Classification,https://aclanthology.org/2025.emnlp-main.1158/,Excluded at automatic title triage,Term match refers primarily to a different task; can be revisited,Automatic title triage only
2025.emnlp-main.1187,CodeRAG: Finding Relevant and Necessary Knowledge for Retrieval-Augmented Repository-Level Code Completion,https://aclanthology.org/2025.emnlp-main.1187/,Reserve - not individually abstract-screened,Not selected for bounded 7-page survey; not a quality rejection,Automatic title triage only
2025.emnlp-main.1193,FLARE: Faithful Logic-Aided Reasoning and Exploration,https://aclanthology.org/2025.emnlp-main.1193/,Reserve - not individually abstract-screened,Not selected for bounded 7-page survey; not a quality rejection,Automatic title triage only
2025.emnlp-main.1203,Connecting the Knowledge Dots: Retrieval-augmented Knowledge Connection for Commonsense Reasoning,https://aclanthology.org/2025.emnlp-main.1203/,Reserve - not individually abstract-screened,Not selected for bounded 7-page survey; not a quality rejection,Automatic title triage only
2025.emnlp-main.1204,Agent-as-Judge for Factual Summarization of Long Narratives,https://aclanthology.org/2025.emnlp-main.1204/,Reserve - not individually abstract-screened,Not selected for bounded 7-page survey; not a quality rejection,Automatic title triage only
2025.emnlp-main.1205,DnDScore: Decontextualization and Decomposition for Factuality Verification in Long-Form Text Generation,https://aclanthology.org/2025.emnlp-main.1205/,Reserve - not individually abstract-screened,Not selected for bounded 7-page survey; not a quality rejection,Automatic title triage only
2025.emnlp-main.1215,Robust Adaptation of Large Multimodal Models for Retrieval Augmented Hateful Meme Detection,https://aclanthology.org/2025.emnlp-main.1215/,Excluded at automatic title triage,Multimodal or non-text-generation focus outside selected scope,Automatic title triage only
2025.emnlp-main.1231,LLMs Don’t Know Their Own Decision Boundaries: The Unreliability of Self-Generated Counterfactual Explanations,https://aclanthology.org/2025.emnlp-main.1231/,Excluded at automatic title triage,Term match refers primarily to a different task; can be revisited,Automatic title triage only
2025.emnlp-main.1239,Hallucination Detection in LLMs Using Spectral Features of Attention Maps,https://aclanthology.org/2025.emnlp-main.1239/,Reserve - not individually abstract-screened,Not selected for bounded 7-page survey; not a quality rejection,Automatic title triage only
2025.emnlp-main.1247,Mitigating the Privacy Issues in Retrieval-Augmented Generation (RAG) via Pure Synthetic Data,https://aclanthology.org/2025.emnlp-main.1247/,Reserve - not individually abstract-screened,Not selected for bounded 7-page survey; not a quality rejection,Automatic title triage only
2025.emnlp-main.1259,Beyond Text: Unveiling Privacy Vulnerabilities in Multi-modal Retrieval-Augmented Generation,https://aclanthology.org/2025.emnlp-main.1259/,Excluded at automatic title triage,Multimodal or non-text-generation focus outside selected scope,Automatic title triage only
2025.emnlp-main.1354,OpenTuringBench: An Open-Model-based Benchmark and Framework for Machine-Generated Text Detection and Attribution,https://aclanthology.org/2025.emnlp-main.1354/,Reserve - not individually abstract-screened,Not selected for bounded 7-page survey; not a quality rejection,Automatic title triage only
2025.emnlp-main.1363,Studying the Role of Input-Neighbor Overlap in Retrieval-Augmented Language Models Training Efficiency,https://aclanthology.org/2025.emnlp-main.1363/,Reserve - not individually abstract-screened,Not selected for bounded 7-page survey; not a quality rejection,Automatic title triage only
2025.emnlp-main.1371,Conflict-Aware Soft Prompting for Retrieval-Augmented Generation,https://aclanthology.org/2025.emnlp-main.1371/,Reserve - not individually abstract-screened,Not selected for bounded 7-page survey; not a quality rejection,Automatic title triage only
2025.emnlp-main.1446,EGOILLUSION: Benchmarking Hallucinations in Egocentric Video Understanding,https://aclanthology.org/2025.emnlp-main.1446/,Excluded at automatic title triage,Multimodal or non-text-generation focus outside selected scope,Automatic title triage only
2025.emnlp-main.1452,Multi-Frequency Contrastive Decoding: Alleviating Hallucinations for Large Vision-Language Models,https://aclanthology.org/2025.emnlp-main.1452/,Excluded at automatic title triage,Multimodal or non-text-generation focus outside selected scope,Automatic title triage only
2025.emnlp-main.1460,Disentangling Subjectivity and Uncertainty for Hate Speech Annotation and Modeling using Gaze,https://aclanthology.org/2025.emnlp-main.1460/,Excluded at automatic title triage,Multimodal or non-text-generation focus outside selected scope,Automatic title triage only
2025.emnlp-main.1479,Do LLMs Behave as Claimed? Investigating How LLMs Follow Their Own Claims using Counterfactual Questions,https://aclanthology.org/2025.emnlp-main.1479/,Excluded at automatic title triage,Term match refers primarily to a different task; can be revisited,Automatic title triage only
2025.emnlp-main.1481,How Much Do LLMs Hallucinate across Languages? On Realistic Multilingual Estimation of LLM Hallucination,https://aclanthology.org/2025.emnlp-main.1481/,Reserve - not individually abstract-screened,Not selected for bounded 7-page survey; not a quality rejection,Automatic title triage only
2025.emnlp-main.1491,Logit Space Constrained Fine-Tuning for Mitigating Hallucinations in LLM-Based Recommender Systems,https://aclanthology.org/2025.emnlp-main.1491/,Reserve - not individually abstract-screened,Not selected for bounded 7-page survey; not a quality rejection,Automatic title triage only
2025.emnlp-main.1496,A Causal Lens for Evaluating Faithfulness Metrics,https://aclanthology.org/2025.emnlp-main.1496/,Reserve - not individually abstract-screened,Not selected for bounded 7-page survey; not a quality rejection,Automatic title triage only
2025.emnlp-main.1500,StepER: Step-wise Knowledge Distillation for Enhancing Reasoning Ability in Multi-Step Retrieval-Augmented Language Models,https://aclanthology.org/2025.emnlp-main.1500/,Reserve - not individually abstract-screened,Not selected for bounded 7-page survey; not a quality rejection,Automatic title triage only
2025.emnlp-main.1505,MetaFaith: Faithful Natural Language Uncertainty Expression in LLMs,https://aclanthology.org/2025.emnlp-main.1505/,Reserve - not individually abstract-screened,Not selected for bounded 7-page survey; not a quality rejection,Automatic title triage only
2025.emnlp-main.1516,Analysing Chain of Thought Dynamics: Active Guidance or Unfaithful Post-hoc Rationalisation?,https://aclanthology.org/2025.emnlp-main.1516/,Reserve - not individually abstract-screened,Not selected for bounded 7-page survey; not a quality rejection,Automatic title triage only
2025.emnlp-main.1543,UNCLE: Benchmarking Uncertainty Expressions in Long-Form Generation,https://aclanthology.org/2025.emnlp-main.1543/,Reserve - not individually abstract-screened,Not selected for bounded 7-page survey; not a quality rejection,Automatic title triage only
2025.emnlp-main.1548,Quantized but Deceptive? A Multi-Dimensional Truthfulness Evaluation of Quantized LLMs,https://aclanthology.org/2025.emnlp-main.1548/,Reserve - not individually abstract-screened,Not selected for bounded 7-page survey; not a quality rejection,Automatic title triage only
2025.emnlp-main.1551,Simple Yet Effective: An Information-Theoretic Approach to Multi-LLM Uncertainty Quantification,https://aclanthology.org/2025.emnlp-main.1551/,Reserve - not individually abstract-screened,Not selected for bounded 7-page survey; not a quality rejection,Automatic title triage only
2025.emnlp-main.1574,Is Cognition Consistent with Perception? Assessing and Mitigating Multimodal Knowledge Conflicts in Document Understanding,https://aclanthology.org/2025.emnlp-main.1574/,Excluded at automatic title triage,Multimodal or non-text-generation focus outside selected scope,Automatic title triage only
2025.emnlp-main.1630,RAG+: Enhancing Retrieval-Augmented Generation with Application-Aware Reasoning,https://aclanthology.org/2025.emnlp-main.1630/,Reserve - not individually abstract-screened,Not selected for bounded 7-page survey; not a quality rejection,Automatic title triage only
2025.emnlp-main.1638,Reasoning under Uncertainty: Efficient LLM Inference via Unsupervised Confidence Dilution and Convergent Adaptive Sampling,https://aclanthology.org/2025.emnlp-main.1638/,Reserve - not individually abstract-screened,Not selected for bounded 7-page survey; not a quality rejection,Automatic title triage only
2025.emnlp-main.1644,Detecting LLM Hallucination Through Layer-wise Information Deficiency: Analysis of Ambiguous Prompts and Unanswerable Questions,https://aclanthology.org/2025.emnlp-main.1644/,Reserve - not individually abstract-screened,Not selected for bounded 7-page survey; not a quality rejection,Automatic title triage only
2025.emnlp-main.1651,PruneCD: Contrasting Pruned Self Model to Improve Decoding Factuality,https://aclanthology.org/2025.emnlp-main.1651/,Reserve - not individually abstract-screened,Not selected for bounded 7-page survey; not a quality rejection,Automatic title triage only
2025.emnlp-main.1656,Stronger Baselines for Retrieval-Augmented Generation with Long-Context Language Models,https://aclanthology.org/2025.emnlp-main.1656/,Reserve - not individually abstract-screened,Not selected for bounded 7-page survey; not a quality rejection,Automatic title triage only
2025.emnlp-main.1665,From Shortcuts to Balance: Attribution Analysis of Speech-Text Feature Utilization in Distinguishing Original from Machine-Translated Texts,https://aclanthology.org/2025.emnlp-main.1665/,Excluded at automatic title triage,Multimodal or non-text-generation focus outside selected scope,Automatic title triage only
2025.emnlp-main.1671,SUE: Sparsity-based Uncertainty Estimation via Sparse Dictionary Learning,https://aclanthology.org/2025.emnlp-main.1671/,Reserve - not individually abstract-screened,Not selected for bounded 7-page survey; not a quality rejection,Automatic title triage only
2025.emnlp-main.1674,OG-RAG: Ontology-grounded retrieval-augmented generation for large language models,https://aclanthology.org/2025.emnlp-main.1674/,Reserve - not individually abstract-screened,Not selected for bounded 7-page survey; not a quality rejection,Automatic title triage only
2025.emnlp-main.1738,Retrieval-Augmented Generation with Estimation of Source Reliability,https://aclanthology.org/2025.emnlp-main.1738/,Reserve - not individually abstract-screened,Not selected for bounded 7-page survey; not a quality rejection,Automatic title triage only
2025.emnlp-main.1746,RAED: Retrieval-Augmented Entity Description Generation for Emerging Entity Linking and Disambiguation,https://aclanthology.org/2025.emnlp-main.1746/,Reserve - not individually abstract-screened,Not selected for bounded 7-page survey; not a quality rejection,Automatic title triage only
2025.emnlp-main.1761,The Illusion of Progress: Re-evaluating Hallucination Detection in LLMs,https://aclanthology.org/2025.emnlp-main.1761/,Included,Title/abstract screened; selected for mechanism and evaluation coverage,Title/abstract
2025.emnlp-main.1781,A Simple Yet Effective Method for Non-Refusing Context Relevant Fine-grained Safety Steering in LLMs,https://aclanthology.org/2025.emnlp-main.1781/,Reserve - not individually abstract-screened,Not selected for bounded 7-page survey; not a quality rejection,Automatic title triage only
2025.emnlp-main.1793,D-RAG: Differentiable Retrieval-Augmented Generation for Knowledge Graph Question Answering,https://aclanthology.org/2025.emnlp-main.1793/,Reserve - not individually abstract-screened,Not selected for bounded 7-page survey; not a quality rejection,Automatic title triage only
2025.emnlp-main.1807,Unconditional Truthfulness: Learning Unconditional Uncertainty of Large Language Models,https://aclanthology.org/2025.emnlp-main.1807/,Reserve - not individually abstract-screened,Not selected for bounded 7-page survey; not a quality rejection,Automatic title triage only
2025.emnlp-main.1809,A Head to Predict and a Head to Question: Pre-trained Uncertainty Quantification Heads for Hallucination Detection in LLM Outputs,https://aclanthology.org/2025.emnlp-main.1809/,Reserve - not individually abstract-screened,Not selected for bounded 7-page survey; not a quality rejection,Automatic title triage only
2025.emnlp-demos.24,MedTutor: A Retrieval-Augmented LLM System for Case-Based Medical Education,https://aclanthology.org/2025.emnlp-demos.24/,Reserve - not individually abstract-screened,Not selected for bounded 7-page survey; not a quality rejection,Automatic title triage only
2025.emnlp-demos.32,CafGa: Customizing Feature Attributions to Explain Language Models,https://aclanthology.org/2025.emnlp-demos.32/,Excluded at automatic title triage,Term match refers primarily to a different task; can be revisited,Automatic title triage only
2025.emnlp-demos.54,TruthTorchLM: A Comprehensive Library for Predicting Truthfulness in LLM Outputs,https://aclanthology.org/2025.emnlp-demos.54/,Reserve - not individually abstract-screened,Not selected for bounded 7-page survey; not a quality rejection,Automatic title triage only
2025.emnlp-industry.3,CRAB: A Benchmark for Evaluating Curation of Retrieval-Augmented LLMs in Biomedicine,https://aclanthology.org/2025.emnlp-industry.3/,Reserve - not individually abstract-screened,Not selected for bounded 7-page survey; not a quality rejection,Automatic title triage only
2025.emnlp-industry.20,ProCut: LLM Prompt Compression via Attribution Estimation,https://aclanthology.org/2025.emnlp-industry.20/,Reserve - not individually abstract-screened,Not selected for bounded 7-page survey; not a quality rejection,Automatic title triage only
2025.emnlp-industry.23,LEAF: Learning and Evaluation Augmented by Fact-Checking to Improve Factualness in Large Language Models,https://aclanthology.org/2025.emnlp-industry.23/,Reserve - not individually abstract-screened,Not selected for bounded 7-page survey; not a quality rejection,Automatic title triage only
2025.emnlp-industry.53,PrismRAG: Boosting RAG Factuality with Distractor Resilience and Strategized Reasoning,https://aclanthology.org/2025.emnlp-industry.53/,Reserve - not individually abstract-screened,Not selected for bounded 7-page survey; not a quality rejection,Automatic title triage only
2025.emnlp-industry.54,Benchmarking LLM Faithfulness in RAG with Evolving Leaderboards,https://aclanthology.org/2025.emnlp-industry.54/,Reserve - not individually abstract-screened,Not selected for bounded 7-page survey; not a quality rejection,Automatic title triage only
2025.emnlp-industry.99,DecEx-RAG: Boosting Agentic Retrieval-Augmented Generation with Decision and Execution Optimization via Process Supervision,https://aclanthology.org/2025.emnlp-industry.99/,Excluded at automatic title triage,Multimodal or non-text-generation focus outside selected scope,Automatic title triage only
2025.emnlp-industry.109,Think-Search-Patch: A Retrieval-Augmented Reasoning Framework for Repository-Level Code Repair,https://aclanthology.org/2025.emnlp-industry.109/,Reserve - not individually abstract-screened,Not selected for bounded 7-page survey; not a quality rejection,Automatic title triage only
2025.emnlp-industry.128,"HalluDetect: Detecting, Mitigating, and Benchmarking Hallucinations in Conversational Systems in the Legal Domain",https://aclanthology.org/2025.emnlp-industry.128/,Reserve - not individually abstract-screened,Not selected for bounded 7-page survey; not a quality rejection,Automatic title triage only
2025.emnlp-industry.139,Zero-knowledge LLM hallucination detection and mitigation through fine-grained cross-model consistency,https://aclanthology.org/2025.emnlp-industry.139/,Reserve - not individually abstract-screened,Not selected for bounded 7-page survey; not a quality rejection,Automatic title triage only
2025.emnlp-industry.147,Multi-Value-Product Retrieval-Augmented Generation for Industrial Product Attribute Value Identification,https://aclanthology.org/2025.emnlp-industry.147/,Reserve - not individually abstract-screened,Not selected for bounded 7-page survey; not a quality rejection,Automatic title triage only
2025.naacl-long.14,MIRAGE-Bench: Automatic Multilingual Benchmark Arena for Retrieval-Augmented Generation Systems,https://aclanthology.org/2025.naacl-long.14/,Reserve - not individually abstract-screened,Not selected for bounded 7-page survey; not a quality rejection,Automatic title triage only
2025.naacl-long.56,Diversify-verify-adapt: Efficient and Robust Retrieval-Augmented Ambiguous Question Answering,https://aclanthology.org/2025.naacl-long.56/,Reserve - not individually abstract-screened,Not selected for bounded 7-page survey; not a quality rejection,Automatic title triage only
2025.naacl-long.65,Can LLMs Convert Graphs to Text-Attributed Graphs?,https://aclanthology.org/2025.naacl-long.65/,Excluded at automatic title triage,Term match refers primarily to a different task; can be revisited,Automatic title triage only
2025.naacl-long.75,Mitigating Hallucinations in Multi-modal Large Language Models via Image Token Attention-Guided Decoding,https://aclanthology.org/2025.naacl-long.75/,Excluded at automatic title triage,Multimodal or non-text-generation focus outside selected scope,Automatic title triage only
2025.naacl-long.78,Pointwise Mutual Information as a Performance Gauge for Retrieval-Augmented Generation,https://aclanthology.org/2025.naacl-long.78/,Reserve - not individually abstract-screened,Not selected for bounded 7-page survey; not a quality rejection,Automatic title triage only
2025.naacl-long.103,Discourse-Driven Evaluation: Unveiling Factual Inconsistency in Long Document Summarization,https://aclanthology.org/2025.naacl-long.103/,Reserve - not individually abstract-screened,Not selected for bounded 7-page survey; not a quality rejection,Automatic title triage only
2025.naacl-long.113,Token-Level Density-Based Uncertainty Quantification Methods for Eliciting Truthfulness of Large Language Models,https://aclanthology.org/2025.naacl-long.113/,Reserve - not individually abstract-screened,Not selected for bounded 7-page survey; not a quality rejection,Automatic title triage only
2025.naacl-long.151,Towards Knowledge Checking in Retrieval-augmented Generation: A Representation Perspective,https://aclanthology.org/2025.naacl-long.151/,Reserve - not individually abstract-screened,Not selected for bounded 7-page survey; not a quality rejection,Automatic title triage only
2025.naacl-long.158,A Probabilistic Framework for LLM Hallucination Detection via Belief Tree Propagation,https://aclanthology.org/2025.naacl-long.158/,Reserve - not individually abstract-screened,Not selected for bounded 7-page survey; not a quality rejection,Automatic title triage only
2025.naacl-long.175,Mitigating Hallucinated Translations in Large Language Models with Hallucination-focused Preference Optimization,https://aclanthology.org/2025.naacl-long.175/,Reserve - not individually abstract-screened,Not selected for bounded 7-page survey; not a quality rejection,Automatic title triage only
2025.naacl-long.183,Unfamiliar Finetuning Examples Control How Language Models Hallucinate,https://aclanthology.org/2025.naacl-long.183/,Included,Title/abstract screened; selected for mechanism and evaluation coverage,Title/abstract
2025.naacl-long.236,Entropy-Based Decoding for Retrieval-Augmented Large Language Models,https://aclanthology.org/2025.naacl-long.236/,Reserve - not individually abstract-screened,Not selected for bounded 7-page survey; not a quality rejection,Automatic title triage only
2025.naacl-long.243,"Fact, Fetch, and Reason: A Unified Evaluation of Retrieval-Augmented Generation",https://aclanthology.org/2025.naacl-long.243/,Reserve - not individually abstract-screened,Not selected for bounded 7-page survey; not a quality rejection,Automatic title triage only
2025.naacl-long.271,DIRAS: Efficient LLM Annotation of Document Relevance for Retrieval Augmented Generation,https://aclanthology.org/2025.naacl-long.271/,Reserve - not individually abstract-screened,Not selected for bounded 7-page survey; not a quality rejection,Automatic title triage only
2025.naacl-long.275,Not all Hallucinations are Good to Throw Away When it Comes to Legal Abstractive Summarization,https://aclanthology.org/2025.naacl-long.275/,Reserve - not individually abstract-screened,Not selected for bounded 7-page survey; not a quality rejection,Automatic title triage only
2025.naacl-long.281,RAG LLMs are Not Safer: A Safety Analysis of Retrieval-Augmented Generation for Large Language Models,https://aclanthology.org/2025.naacl-long.281/,Reserve - not individually abstract-screened,Not selected for bounded 7-page survey; not a quality rejection,Automatic title triage only
2025.naacl-long.282,Evaluating Evidence Attribution in Generated Fact Checking Explanations,https://aclanthology.org/2025.naacl-long.282/,Reserve - not individually abstract-screened,Not selected for bounded 7-page survey; not a quality rejection,Automatic title triage only
2025.naacl-long.293,ConQRet: A New Benchmark for Fine-Grained Automatic Evaluation of Retrieval Augmented Computational Argumentation,https://aclanthology.org/2025.naacl-long.293/,Reserve - not individually abstract-screened,Not selected for bounded 7-page survey; not a quality rejection,Automatic title triage only
2025.naacl-long.300,SUNAR: Semantic Uncertainty based Neighborhood Aware Retrieval for Complex QA,https://aclanthology.org/2025.naacl-long.300/,Reserve - not individually abstract-screened,Not selected for bounded 7-page survey; not a quality rejection,Automatic title triage only
2025.naacl-long.302,Stronger Universal and Transferable Attacks by Suppressing Refusals,https://aclanthology.org/2025.naacl-long.302/,Reserve - not individually abstract-screened,Not selected for bounded 7-page survey; not a quality rejection,Automatic title triage only
2025.naacl-long.305,Uncovering Bias in Large Vision-Language Models at Scale with Counterfactuals,https://aclanthology.org/2025.naacl-long.305/,Excluded at automatic title triage,Term match refers primarily to a different task; can be revisited,Automatic title triage only
2025.naacl-long.307,UOREX: Towards Uncertainty-Aware Open Relation Extraction,https://aclanthology.org/2025.naacl-long.307/,Reserve - not individually abstract-screened,Not selected for bounded 7-page survey; not a quality rejection,Automatic title triage only
2025.naacl-long.310,VisDoM: Multi-Document QA with Visually Rich Elements Using Multimodal Retrieval-Augmented Generation,https://aclanthology.org/2025.naacl-long.310/,Excluded at automatic title triage,Multimodal or non-text-generation focus outside selected scope,Automatic title triage only
2025.naacl-long.322,Effective Skill Unlearning through Intervention and Abstention,https://aclanthology.org/2025.naacl-long.322/,Reserve - not individually abstract-screened,Not selected for bounded 7-page survey; not a quality rejection,Automatic title triage only
2025.naacl-long.334,tRAG: Term-level Retrieval-Augmented Generation for Domain-Adaptive Retrieval,https://aclanthology.org/2025.naacl-long.334/,Reserve - not individually abstract-screened,Not selected for bounded 7-page survey; not a quality rejection,Automatic title triage only
2025.naacl-long.349,Evaluating and Mitigating Object Hallucination in Large Vision-Language Models: Can They Still See Removed Objects?,https://aclanthology.org/2025.naacl-long.349/,Excluded at automatic title triage,Multimodal or non-text-generation focus outside selected scope,Automatic title triage only
2025.naacl-long.351,K-COMP: Retrieval-Augmented Medical Domain Question Answering With Knowledge-Injected Compressor,https://aclanthology.org/2025.naacl-long.351/,Reserve - not individually abstract-screened,Not selected for bounded 7-page survey; not a quality rejection,Automatic title triage only
2025.naacl-long.353,Knowledge Graph Guided Evaluation of Abstention Techniques,https://aclanthology.org/2025.naacl-long.353/,Reserve - not individually abstract-screened,Not selected for bounded 7-page survey; not a quality rejection,Automatic title triage only
2025.naacl-long.361,RAG-Star: Enhancing Deliberative Reasoning with Retrieval Augmented Verification and Refinement,https://aclanthology.org/2025.naacl-long.361/,Reserve - not individually abstract-screened,Not selected for bounded 7-page survey; not a quality rejection,Automatic title triage only
2025.naacl-long.362,Mitigating Biases of Large Language Models in Stance Detection with Counterfactual Augmented Calibration,https://aclanthology.org/2025.naacl-long.362/,Excluded at automatic title triage,Term match refers primarily to a different task; can be revisited,Automatic title triage only
2025.naacl-long.364,Investigating Hallucinations in Simultaneous Machine Translation: Knowledge Distillation Solution and Components Analysis,https://aclanthology.org/2025.naacl-long.364/,Reserve - not individually abstract-screened,Not selected for bounded 7-page survey; not a quality rejection,Automatic title triage only
2025.naacl-long.373,MGM: Global Understanding of Audience Overlap Graphs for Predicting the Factuality and the Bias of News Media,https://aclanthology.org/2025.naacl-long.373/,Excluded at automatic title triage,Term match refers primarily to a different task; can be revisited,Automatic title triage only
2025.naacl-long.442,On Positional Bias of Faithfulness for Long-form Summarization,https://aclanthology.org/2025.naacl-long.442/,Reserve - not individually abstract-screened,Not selected for bounded 7-page survey; not a quality rejection,Automatic title triage only
2025.naacl-long.449,Knowledge Graph-Guided Retrieval Augmented Generation,https://aclanthology.org/2025.naacl-long.449/,Reserve - not individually abstract-screened,Not selected for bounded 7-page survey; not a quality rejection,Automatic title triage only
2025.naacl-long.452,Are LLM-Judges Robust to Expressions of Uncertainty? Investigating the effect of Epistemic Markers on LLM-based Evaluation,https://aclanthology.org/2025.naacl-long.452/,Reserve - not individually abstract-screened,Not selected for bounded 7-page survey; not a quality rejection,Automatic title triage only
2025.naacl-long.453,Dynamic Uncertainty Ranking: Enhancing Retrieval-Augmented In-Context Learning for Long-Tail Knowledge in LLMs,https://aclanthology.org/2025.naacl-long.453/,Reserve - not individually abstract-screened,Not selected for bounded 7-page survey; not a quality rejection,Automatic title triage only
2025.naacl-long.488,Beyond Logit Lens: Contextual Embeddings for Robust Hallucination Detection & Grounding in VLMs,https://aclanthology.org/2025.naacl-long.488/,Excluded at automatic title triage,Multimodal or non-text-generation focus outside selected scope,Automatic title triage only
2025.naacl-long.498,MAMM-Refine: A Recipe for Improving Faithfulness in Generation with Multi-Agent Collaboration,https://aclanthology.org/2025.naacl-long.498/,Reserve - not individually abstract-screened,Not selected for bounded 7-page survey; not a quality rejection,Automatic title triage only
2025.naacl-long.535,Analyzing Memorization in Large Language Models through the Lens of Model Attribution,https://aclanthology.org/2025.naacl-long.535/,Reserve - not individually abstract-screened,Not selected for bounded 7-page survey; not a quality rejection,Automatic title triage only
2025.naacl-long.557,Eliciting Critical Reasoning in Retrieval-Augmented Generation via Contrastive Explanations,https://aclanthology.org/2025.naacl-long.557/,Reserve - not individually abstract-screened,Not selected for bounded 7-page survey; not a quality rejection,Automatic title triage only
2025.naacl-long.575,SimRAG: Self-Improving Retrieval-Augmented Generation for Adapting Large Language Models to Specialized Domains,https://aclanthology.org/2025.naacl-long.575/,Reserve - not individually abstract-screened,Not selected for bounded 7-page survey; not a quality rejection,Automatic title triage only
2025.naacl-long.595,AI-LieDar : Examine the Trade-off Between Utility and Truthfulness in LLM Agents,https://aclanthology.org/2025.naacl-long.595/,Reserve - not individually abstract-screened,Not selected for bounded 7-page survey; not a quality rejection,Automatic title triage only
2025.naacl-long.609,"Faithful, Unfaithful or Ambiguous? Multi-Agent Debate with Initial Stance for Summary Evaluation",https://aclanthology.org/2025.naacl-long.609/,Excluded at automatic title triage,Term match refers primarily to a different task; can be revisited,Automatic title triage only
2025.naacl-long.618,SCIURus: Shared Circuits for Interpretable Uncertainty Representations in Language Models,https://aclanthology.org/2025.naacl-long.618/,Reserve - not individually abstract-screened,Not selected for bounded 7-page survey; not a quality rejection,Automatic title triage only
2025.naacl-long.635,Rationale-Guided Retrieval Augmented Generation for Medical Question Answering,https://aclanthology.org/2025.naacl-long.635/,Reserve - not individually abstract-screened,Not selected for bounded 7-page survey; not a quality rejection,Automatic title triage only
2025.naacl-short.16,Context-Efficient Retrieval with Factual Decomposition,https://aclanthology.org/2025.naacl-short.16/,Reserve - not individually abstract-screened,Not selected for bounded 7-page survey; not a quality rejection,Automatic title triage only
2025.naacl-short.23,CoRAG: Collaborative Retrieval-Augmented Generation,https://aclanthology.org/2025.naacl-short.23/,Reserve - not individually abstract-screened,Not selected for bounded 7-page survey; not a quality rejection,Automatic title triage only
2025.naacl-short.38,FaithBench: A Diverse Hallucination Benchmark for Summarization by Modern LLMs,https://aclanthology.org/2025.naacl-short.38/,Included,Title/abstract screened; selected for mechanism and evaluation coverage,Title/abstract
2025.naacl-short.45,Black-Box Visual Prompt Engineering for Mitigating Object Hallucination in Large Vision Language Models,https://aclanthology.org/2025.naacl-short.45/,Excluded at automatic title triage,Multimodal or non-text-generation focus outside selected scope,Automatic title triage only
2025.naacl-short.62,Evaluating LLMs for Quotation Attribution in Literary Texts: A Case Study of LLaMa3,https://aclanthology.org/2025.naacl-short.62/,Reserve - not individually abstract-screened,Not selected for bounded 7-page survey; not a quality rejection,Automatic title triage only
2025.naacl-short.66,CORD: Balancing COnsistency and Rank Distillation for Robust Retrieval-Augmented Generation,https://aclanthology.org/2025.naacl-short.66/,Reserve - not individually abstract-screened,Not selected for bounded 7-page survey; not a quality rejection,Automatic title triage only
2025.naacl-industry.4,How LLMs React to Industrial Spatio-Temporal Data? Assessing Hallucination with a Novel Traffic Incident Benchmark Dataset,https://aclanthology.org/2025.naacl-industry.4/,Reserve - not individually abstract-screened,Not selected for bounded 7-page survey; not a quality rejection,Automatic title triage only
2025.naacl-industry.26,DSRAG: A Double-Stream Retrieval-Augmented Generation Framework for Countless Intent Detection,https://aclanthology.org/2025.naacl-industry.26/,Reserve - not individually abstract-screened,Not selected for bounded 7-page survey; not a quality rejection,Automatic title triage only
2025.naacl-industry.48,Implementing Retrieval Augmented Generation Technique on Unstructured and Structured Data Sources in a Call Center of a Large Financial Institution,https://aclanthology.org/2025.naacl-industry.48/,Reserve - not individually abstract-screened,Not selected for bounded 7-page survey; not a quality rejection,Automatic title triage only
2025.naacl-industry.53,Towards Reliable Agents: Benchmarking Customized LLM-Based Retrieval-Augmented Generation Frameworks with Deployment Validation,https://aclanthology.org/2025.naacl-industry.53/,Reserve - not individually abstract-screened,Not selected for bounded 7-page survey; not a quality rejection,Automatic title triage only
2025.naacl-industry.66,RAD-Bench: Evaluating Large Language Models’ Capabilities in Retrieval Augmented Dialogues,https://aclanthology.org/2025.naacl-industry.66/,Reserve - not individually abstract-screened,Not selected for bounded 7-page survey; not a quality rejection,Automatic title triage only
2025.naacl-industry.72,"Developing a Reliable, Fast, General-Purpose Hallucination Detection and Mitigation Service",https://aclanthology.org/2025.naacl-industry.72/,Reserve - not individually abstract-screened,Not selected for bounded 7-page survey; not a quality rejection,Automatic title triage only
2025.naacl-industry.79,HyPA-RAG: A Hybrid Parameter Adaptive Retrieval-Augmented Generation System for AI Legal and Policy Applications,https://aclanthology.org/2025.naacl-industry.79/,Reserve - not individually abstract-screened,Not selected for bounded 7-page survey; not a quality rejection,Automatic title triage only
2025.naacl-srw.4,Thesis Proposal: Uncertainty in Knowledge Graph Embeddings,https://aclanthology.org/2025.naacl-srw.4/,Reserve - not individually abstract-screened,Not selected for bounded 7-page survey; not a quality rejection,Automatic title triage only
2025.naacl-demo.35,FACTS&EVIDENCE: An Interactive Tool for Transparent Fine-Grained Factual Verification of Machine-Generated Text,https://aclanthology.org/2025.naacl-demo.35/,Reserve - not individually abstract-screened,Not selected for bounded 7-page survey; not a quality rejection,Automatic title triage only
2025.findings-naacl.12,HALLUCANA: Fixing LLM Hallucination with A Canary Lookahead,https://aclanthology.org/2025.findings-naacl.12/,Reserve - not individually abstract-screened,Not selected for bounded 7-page survey; not a quality rejection,Automatic title triage only
2025.findings-naacl.30,Adaptive Retrieval-Augmented Generation for Conversational Systems,https://aclanthology.org/2025.findings-naacl.30/,Reserve - not individually abstract-screened,Not selected for bounded 7-page survey; not a quality rejection,Automatic title triage only
2025.findings-naacl.41,"Do Not Design, Learn: A Trainable Scoring Function for Uncertainty Estimation in Generative LLMs",https://aclanthology.org/2025.findings-naacl.41/,Reserve - not individually abstract-screened,Not selected for bounded 7-page survey; not a quality rejection,Automatic title triage only
2025.findings-naacl.46,Large-Scale Corpus Construction and Retrieval-Augmented Generation for Ancient Chinese Poetry: New Method and Data Insights,https://aclanthology.org/2025.findings-naacl.46/,Reserve - not individually abstract-screened,Not selected for bounded 7-page survey; not a quality rejection,Automatic title triage only
2025.findings-naacl.53,FaithfulPersona: Balancing Faithfulness and Personalization in Code Explanations through Self-Critique,https://aclanthology.org/2025.findings-naacl.53/,Reserve - not individually abstract-screened,Not selected for bounded 7-page survey; not a quality rejection,Automatic title triage only
2025.findings-naacl.55,Ground Every Sentence: Improving Retrieval-Augmented LLMs with Interleaved Reference-Claim Generation,https://aclanthology.org/2025.findings-naacl.55/,Reserve - not individually abstract-screened,Not selected for bounded 7-page survey; not a quality rejection,Automatic title triage only
2025.findings-naacl.60,RAMQA: A Unified Framework for Retrieval-Augmented Multi-Modal Question Answering,https://aclanthology.org/2025.findings-naacl.60/,Excluded at automatic title triage,Multimodal or non-text-generation focus outside selected scope,Automatic title triage only
2025.findings-naacl.72,CORAL: Benchmarking Multi-turn Conversational Retrieval-Augmented Generation,https://aclanthology.org/2025.findings-naacl.72/,Reserve - not individually abstract-screened,Not selected for bounded 7-page survey; not a quality rejection,Automatic title triage only
2025.findings-naacl.80,Learning to Explore and Select for Coverage-Conditioned Retrieval-Augmented Generation,https://aclanthology.org/2025.findings-naacl.80/,Reserve - not individually abstract-screened,Not selected for bounded 7-page survey; not a quality rejection,Automatic title triage only
2025.findings-naacl.95,Semantic Consistency-Based Uncertainty Quantification for Factuality in Radiology Report Generation,https://aclanthology.org/2025.findings-naacl.95/,Excluded at automatic title triage,Multimodal or non-text-generation focus outside selected scope,Automatic title triage only
2025.findings-naacl.134,Considering Length Diversity in Retrieval-Augmented Summarization,https://aclanthology.org/2025.findings-naacl.134/,Reserve - not individually abstract-screened,Not selected for bounded 7-page survey; not a quality rejection,Automatic title triage only
2025.findings-naacl.148,Supportiveness-based Knowledge Rewriting for Retrieval-augmented Language Modeling,https://aclanthology.org/2025.findings-naacl.148/,Reserve - not individually abstract-screened,Not selected for bounded 7-page survey; not a quality rejection,Automatic title triage only
2025.findings-naacl.149,Evaluating Self-Generated Documents for Enhancing Retrieval-Augmented Generation with Large Language Models,https://aclanthology.org/2025.findings-naacl.149/,Reserve - not individually abstract-screened,Not selected for bounded 7-page survey; not a quality rejection,Automatic title triage only
2025.findings-naacl.157,MIRAGE: A Metric-Intensive Benchmark for Retrieval-Augmented Generation Evaluation,https://aclanthology.org/2025.findings-naacl.157/,Reserve - not individually abstract-screened,Not selected for bounded 7-page survey; not a quality rejection,Automatic title triage only
2025.findings-naacl.180,A Practical Method for Generating String Counterfactuals,https://aclanthology.org/2025.findings-naacl.180/,Excluded at automatic title triage,Term match refers primarily to a different task; can be revisited,Automatic title triage only
2025.findings-naacl.187,RATSD: Retrieval Augmented Truthfulness Stance Detection from Social Media Posts Toward Factual Claims,https://aclanthology.org/2025.findings-naacl.187/,Excluded at automatic title triage,Term match refers primarily to a different task; can be revisited,Automatic title triage only
2025.findings-naacl.192,Mitigating Hallucinations in Multimodal Spatial Relations through Constraint-Aware Prompting,https://aclanthology.org/2025.findings-naacl.192/,Excluded at automatic title triage,Multimodal or non-text-generation focus outside selected scope,Automatic title triage only
2025.findings-naacl.217,Improve Decoding Factuality by Token-wise Cross Layer Entropy of Large Language Models,https://aclanthology.org/2025.findings-naacl.217/,Reserve - not individually abstract-screened,Not selected for bounded 7-page survey; not a quality rejection,Automatic title triage only
2025.findings-naacl.223,GRAIT: Gradient-Driven Refusal-Aware Instruction Tuning for Effective Hallucination Mitigation,https://aclanthology.org/2025.findings-naacl.223/,Reserve - not individually abstract-screened,Not selected for bounded 7-page survey; not a quality rejection,Automatic title triage only
2025.findings-naacl.232,GRAG: Graph Retrieval-Augmented Generation,https://aclanthology.org/2025.findings-naacl.232/,Reserve - not individually abstract-screened,Not selected for bounded 7-page survey; not a quality rejection,Automatic title triage only
2025.findings-naacl.235,Mitigating Hallucinations in Large Vision-Language Models via Summary-Guided Decoding,https://aclanthology.org/2025.findings-naacl.235/,Excluded at automatic title triage,Multimodal or non-text-generation focus outside selected scope,Automatic title triage only
2025.findings-naacl.246,Efficient Nearest Neighbor based Uncertainty Estimation for Natural Language Processing Tasks,https://aclanthology.org/2025.findings-naacl.246/,Reserve - not individually abstract-screened,Not selected for bounded 7-page survey; not a quality rejection,Automatic title triage only
2025.findings-naacl.252,"CDB: A Unified Framework for Hope Speech Detection Through Counterfactual, Desire and Belief",https://aclanthology.org/2025.findings-naacl.252/,Excluded at automatic title triage,Term match refers primarily to a different task; can be revisited,Automatic title triage only
2025.findings-naacl.286,On the Feasibility of In-Context Probing for Data Attribution,https://aclanthology.org/2025.findings-naacl.286/,Reserve - not individually abstract-screened,Not selected for bounded 7-page survey; not a quality rejection,Automatic title triage only
2025.findings-naacl.293,From Single to Multi: How LLMs Hallucinate in Multi-Document Summarization,https://aclanthology.org/2025.findings-naacl.293/,Reserve - not individually abstract-screened,Not selected for bounded 7-page survey; not a quality rejection,Automatic title triage only
2025.findings-naacl.325,MAQA: Evaluating Uncertainty Quantification in LLMs Regarding Data Uncertainty,https://aclanthology.org/2025.findings-naacl.325/,Reserve - not individually abstract-screened,Not selected for bounded 7-page survey; not a quality rejection,Automatic title triage only
2025.findings-naacl.354,Beyond Under-Alignment: Atomic Preference Enhanced Factuality Tuning for Large Language Models,https://aclanthology.org/2025.findings-naacl.354/,Reserve - not individually abstract-screened,Not selected for bounded 7-page survey; not a quality rejection,Automatic title triage only
2025.findings-naacl.375,On the Influence of Context Size and Model Choice in Retrieval-Augmented Generation Systems,https://aclanthology.org/2025.findings-naacl.375/,Reserve - not individually abstract-screened,Not selected for bounded 7-page survey; not a quality rejection,Automatic title triage only
2025.findings-naacl.419,Uncertainty Quantification for Clinical Outcome Predictions with (Large) Language Models,https://aclanthology.org/2025.findings-naacl.419/,Reserve - not individually abstract-screened,Not selected for bounded 7-page survey; not a quality rejection,Automatic title triage only
2025.findings-naacl.433,On A Scale From 1 to 5: Quantifying Hallucination in Faithfulness Evaluation,https://aclanthology.org/2025.findings-naacl.433/,Reserve - not individually abstract-screened,Not selected for bounded 7-page survey; not a quality rejection,Automatic title triage only
2025.findings-naacl.436,Towards Long Context Hallucination Detection,https://aclanthology.org/2025.findings-naacl.436/,Reserve - not individually abstract-screened,Not selected for bounded 7-page survey; not a quality rejection,Automatic title triage only
2025.findings-naacl.438,Accounting for Sycophancy in Language Model Uncertainty Estimation,https://aclanthology.org/2025.findings-naacl.438/,Reserve - not individually abstract-screened,Not selected for bounded 7-page survey; not a quality rejection,Automatic title triage only
2025.findings-naacl.441,CLERC: A Dataset for U. S. Legal Case Retrieval and Retrieval-Augmented Analysis Generation,https://aclanthology.org/2025.findings-naacl.441/,Reserve - not individually abstract-screened,Not selected for bounded 7-page survey; not a quality rejection,Automatic title triage only
2025.findings-naacl.458,Gradient-guided Attention Map Editing: Towards Efficient Contextual Hallucination Mitigation,https://aclanthology.org/2025.findings-naacl.458/,Reserve - not individually abstract-screened,Not selected for bounded 7-page survey; not a quality rejection,Automatic title triage only
2025.findings-naacl.459,Alleviating Hallucinations of Large Language Models through Induced Hallucinations,https://aclanthology.org/2025.findings-naacl.459/,Reserve - not individually abstract-screened,Not selected for bounded 7-page survey; not a quality rejection,Automatic title triage only
2025.findings-acl.8,GOLFer: Smaller LMs-Generated Documents Hallucination Filter & Combiner for Query Expansion in Information Retrieval,https://aclanthology.org/2025.findings-acl.8/,Reserve - not individually abstract-screened,Not selected for bounded 7-page survey; not a quality rejection,Automatic title triage only
2025.findings-acl.21,Attention with Dependency Parsing Augmentation for Fine-Grained Attribution,https://aclanthology.org/2025.findings-acl.21/,Reserve - not individually abstract-screened,Not selected for bounded 7-page survey; not a quality rejection,Automatic title triage only
2025.findings-acl.33,FlashBack: Efficient Retrieval-Augmented Language Modeling for Fast Inference,https://aclanthology.org/2025.findings-acl.33/,Reserve - not individually abstract-screened,Not selected for bounded 7-page survey; not a quality rejection,Automatic title triage only
2025.findings-acl.45,Profiling News Media for Factuality and Bias Using LLMs and the Fact-Checking Methodology of Human Experts,https://aclanthology.org/2025.findings-acl.45/,Excluded at automatic title triage,Term match refers primarily to a different task; can be revisited,Automatic title triage only
2025.findings-acl.46,Structured Discourse Representation for Factual Consistency Verification,https://aclanthology.org/2025.findings-acl.46/,Reserve - not individually abstract-screened,Not selected for bounded 7-page survey; not a quality rejection,Automatic title triage only
2025.findings-acl.47,SHARP: Unlocking Interactive Hallucination via Stance Transfer in Role-Playing LLMs,https://aclanthology.org/2025.findings-acl.47/,Excluded at automatic title triage,Term match refers primarily to a different task; can be revisited,Automatic title triage only
2025.findings-acl.50,Leveraging Variation Theory in Counterfactual Data Augmentation for Optimized Active Learning,https://aclanthology.org/2025.findings-acl.50/,Excluded at automatic title triage,Term match refers primarily to a different task; can be revisited,Automatic title triage only
2025.findings-acl.53,scRAG: Hybrid Retrieval-Augmented Generation for LLM-based Cross-Tissue Single-Cell Annotation,https://aclanthology.org/2025.findings-acl.53/,Reserve - not individually abstract-screened,Not selected for bounded 7-page survey; not a quality rejection,Automatic title triage only
2025.findings-acl.60,Do Robot Snakes Dream like Electric Sheep? Investigating the Effects of Architectural Inductive Biases on Hallucination,https://aclanthology.org/2025.findings-acl.60/,Reserve - not individually abstract-screened,Not selected for bounded 7-page survey; not a quality rejection,Automatic title triage only
2025.findings-acl.64,FitCF: A Framework for Automatic Feature Importance-guided Counterfactual Example Generation,https://aclanthology.org/2025.findings-acl.64/,Excluded at automatic title triage,Term match refers primarily to a different task; can be revisited,Automatic title triage only
2025.findings-acl.73,\texttt{UQ-Merge}: Uncertainty Guided Multimodal Large Language Model Merging,https://aclanthology.org/2025.findings-acl.73/,Excluded at automatic title triage,Multimodal or non-text-generation focus outside selected scope,Automatic title triage only
2025.findings-acl.74,AQuAECHR: Attributed Question Answering for European Court of Human Rights,https://aclanthology.org/2025.findings-acl.74/,Reserve - not individually abstract-screened,Not selected for bounded 7-page survey; not a quality rejection,Automatic title triage only
2025.findings-acl.85,UAQFact: Evaluating Factual Knowledge Utilization of LLMs on Unanswerable Questions,https://aclanthology.org/2025.findings-acl.85/,Reserve - not individually abstract-screened,Not selected for bounded 7-page survey; not a quality rejection,Automatic title triage only
2025.findings-acl.86,Exploring Knowledge Filtering for Retrieval-Augmented Discriminative Tasks,https://aclanthology.org/2025.findings-acl.86/,Reserve - not individually abstract-screened,Not selected for bounded 7-page survey; not a quality rejection,Automatic title triage only
2025.findings-acl.96,Explainable Hallucination through Natural Language Inference Mapping,https://aclanthology.org/2025.findings-acl.96/,Excluded at automatic title triage,Term match refers primarily to a different task; can be revisited,Automatic title triage only
2025.findings-acl.97,HopRAG: Multi-Hop Reasoning for Logic-Aware Retrieval-Augmented Generation,https://aclanthology.org/2025.findings-acl.97/,Reserve - not individually abstract-screened,Not selected for bounded 7-page survey; not a quality rejection,Automatic title triage only
2025.findings-acl.103,Alleviating Hallucinations in Large Language Models via Truthfulness-driven Rank-adaptive LoRA,https://aclanthology.org/2025.findings-acl.103/,Reserve - not individually abstract-screened,Not selected for bounded 7-page survey; not a quality rejection,Automatic title triage only
2025.findings-acl.151,Reasoning is All You Need for Video Generalization: A Counterfactual Benchmark with Sub-question Evaluation,https://aclanthology.org/2025.findings-acl.151/,Excluded at automatic title triage,Term match refers primarily to a different task; can be revisited,Automatic title triage only
2025.findings-acl.153,Know the Unknown: An Uncertainty-Sensitive Method for LLM Instruction Tuning,https://aclanthology.org/2025.findings-acl.153/,Reserve - not individually abstract-screened,Not selected for bounded 7-page survey; not a quality rejection,Automatic title triage only
2025.findings-acl.161,How Does Response Length Affect Long-Form Factuality,https://aclanthology.org/2025.findings-acl.161/,Included,Title/abstract screened; selected for mechanism and evaluation coverage,Title/abstract
2025.findings-acl.163,SimGRAG: Leveraging Similar Subgraphs for Knowledge Graphs Driven Retrieval-Augmented Generation,https://aclanthology.org/2025.findings-acl.163/,Reserve - not individually abstract-screened,Not selected for bounded 7-page survey; not a quality rejection,Automatic title triage only
2025.findings-acl.169,LongFaith: Enhancing Long-Context Reasoning in LLMs with Faithful Synthetic Data,https://aclanthology.org/2025.findings-acl.169/,Reserve - not individually abstract-screened,Not selected for bounded 7-page survey; not a quality rejection,Automatic title triage only
2025.findings-acl.194,The Two Paradigms of LLM Detection: Authorship Attribution vs. Authorship Verification,https://aclanthology.org/2025.findings-acl.194/,Excluded at automatic title triage,Term match refers primarily to a different task; can be revisited,Automatic title triage only
2025.findings-acl.200,TokenShapley: Token Level Context Attribution with Shapley Value,https://aclanthology.org/2025.findings-acl.200/,Reserve - not individually abstract-screened,Not selected for bounded 7-page survey; not a quality rejection,Automatic title triage only
2025.findings-acl.211,Long-form Hallucination Detection with Self-elicitation,https://aclanthology.org/2025.findings-acl.211/,Reserve - not individually abstract-screened,Not selected for bounded 7-page survey; not a quality rejection,Automatic title triage only
2025.findings-acl.212,ComparisonQA: Evaluating Factuality Robustness of LLMs Through Knowledge Frequency Control and Uncertainty,https://aclanthology.org/2025.findings-acl.212/,Reserve - not individually abstract-screened,Not selected for bounded 7-page survey; not a quality rejection,Automatic title triage only
2025.findings-acl.218,Investigating Prosodic Signatures via Speech Pre-Trained Models for Audio Deepfake Source Attribution,https://aclanthology.org/2025.findings-acl.218/,Excluded at automatic title triage,Multimodal or non-text-generation focus outside selected scope,Automatic title triage only
2025.findings-acl.219,Multilingual Retrieval Augmented Generation for Culturally-Sensitive Tasks: A Benchmark for Cross-lingual Robustness,https://aclanthology.org/2025.findings-acl.219/,Reserve - not individually abstract-screened,Not selected for bounded 7-page survey; not a quality rejection,Automatic title triage only
2025.findings-acl.220,Bridging Relevance and Reasoning: Rationale Distillation in Retrieval-Augmented Generation,https://aclanthology.org/2025.findings-acl.220/,Reserve - not individually abstract-screened,Not selected for bounded 7-page survey; not a quality rejection,Automatic title triage only
2025.findings-acl.225,MATCHED: Multimodal Authorship-Attribution To Combat Human Trafficking in Escort-Advertisement Data,https://aclanthology.org/2025.findings-acl.225/,Excluded at automatic title triage,Term match refers primarily to a different task; can be revisited,Automatic title triage only
2025.findings-acl.234,Beyond Semantic Entropy: Boosting LLM Uncertainty Quantification with Pairwise Semantic Similarity,https://aclanthology.org/2025.findings-acl.234/,Reserve - not individually abstract-screened,Not selected for bounded 7-page survey; not a quality rejection,Automatic title triage only
2025.findings-acl.247,Investigating Context Faithfulness in Large Language Models: The Roles of Memory Strength and Evidence Style,https://aclanthology.org/2025.findings-acl.247/,Reserve - not individually abstract-screened,Not selected for bounded 7-page survey; not a quality rejection,Automatic title triage only
2025.findings-acl.253,EXIT: Context-Aware Extractive Compression for Enhancing Retrieval-Augmented Generation,https://aclanthology.org/2025.findings-acl.253/,Reserve - not individually abstract-screened,Not selected for bounded 7-page survey; not a quality rejection,Automatic title triage only
2025.findings-acl.269,Dynamic Attention-Guided Context Decoding for Mitigating Context Faithfulness Hallucinations in Large Language Models,https://aclanthology.org/2025.findings-acl.269/,Reserve - not individually abstract-screened,Not selected for bounded 7-page survey; not a quality rejection,Automatic title triage only
2025.findings-acl.271,On-Policy Self-Alignment with Fine-grained Knowledge Feedback for Hallucination Mitigation,https://aclanthology.org/2025.findings-acl.271/,Reserve - not individually abstract-screened,Not selected for bounded 7-page survey; not a quality rejection,Automatic title triage only
2025.findings-acl.280,Correcting on Graph: Faithful Semantic Parsing over Knowledge Graphs with Large Language Models,https://aclanthology.org/2025.findings-acl.280/,Reserve - not individually abstract-screened,Not selected for bounded 7-page survey; not a quality rejection,Automatic title triage only
2025.findings-acl.301,Judge as A Judge: Improving the Evaluation of Retrieval-Augmented Generation through the Judge-Consistency of Large Language Models,https://aclanthology.org/2025.findings-acl.301/,Reserve - not individually abstract-screened,Not selected for bounded 7-page survey; not a quality rejection,Automatic title triage only
2025.findings-acl.311,Tell Me What You Don’t Know: Enhancing Refusal Capabilities of Role-Playing Agents via Representation Space Analysis and Editing,https://aclanthology.org/2025.findings-acl.311/,Reserve - not individually abstract-screened,Not selected for bounded 7-page survey; not a quality rejection,Automatic title triage only
2025.findings-acl.314,MARK: Multi-agent Collaboration with Ranking Guidance for Text-attributed Graph Clustering,https://aclanthology.org/2025.findings-acl.314/,Excluded at automatic title triage,Term match refers primarily to a different task; can be revisited,Automatic title triage only
2025.findings-acl.320,RASD: Retrieval-Augmented Speculative Decoding,https://aclanthology.org/2025.findings-acl.320/,Reserve - not individually abstract-screened,Not selected for bounded 7-page survey; not a quality rejection,Automatic title triage only
2025.findings-acl.321,FRAG: A Flexible Modular Framework for Retrieval-Augmented Generation based on Knowledge Graphs,https://aclanthology.org/2025.findings-acl.321/,Reserve - not individually abstract-screened,Not selected for bounded 7-page survey; not a quality rejection,Automatic title triage only
2025.findings-acl.322,"Reefknot: A Comprehensive Benchmark for Relation Hallucination Evaluation, Analysis and Mitigation in Multimodal Large Language Models",https://aclanthology.org/2025.findings-acl.322/,Excluded at automatic title triage,Multimodal or non-text-generation focus outside selected scope,Automatic title triage only
2025.findings-acl.350,Can We Trust AI Doctors? A Survey of Medical Hallucination in Large Language and Large Vision-Language Models,https://aclanthology.org/2025.findings-acl.350/,Excluded at automatic title triage,Multimodal or non-text-generation focus outside selected scope,Automatic title triage only
2025.findings-acl.376,"Generating Questions, Answers, and Distractors for Videos: Exploring Semantic Uncertainty of Object Motions",https://aclanthology.org/2025.findings-acl.376/,Excluded at automatic title triage,Multimodal or non-text-generation focus outside selected scope,Automatic title triage only
2025.findings-acl.391,StructFact: Reasoning Factual Knowledge from Structured Data with Large Language Models,https://aclanthology.org/2025.findings-acl.391/,Reserve - not individually abstract-screened,Not selected for bounded 7-page survey; not a quality rejection,Automatic title triage only
2025.findings-acl.405,HICD: Hallucination-Inducing via Attention Dispersion for Contrastive Decoding to Mitigate Hallucinations in Large Language Models,https://aclanthology.org/2025.findings-acl.405/,Reserve - not individually abstract-screened,Not selected for bounded 7-page survey; not a quality rejection,Automatic title triage only
2025.findings-acl.417,"Think More, Hallucinate Less: Mitigating Hallucinations via Dual Process of Fast and Slow Thinking",https://aclanthology.org/2025.findings-acl.417/,Reserve - not individually abstract-screened,Not selected for bounded 7-page survey; not a quality rejection,Automatic title triage only
2025.findings-acl.418,Towards Adaptive Memory-Based Optimization for Enhanced Retrieval-Augmented Generation,https://aclanthology.org/2025.findings-acl.418/,Reserve - not individually abstract-screened,Not selected for bounded 7-page survey; not a quality rejection,Automatic title triage only
2025.findings-acl.422,Document Segmentation Matters for Retrieval-Augmented Generation,https://aclanthology.org/2025.findings-acl.422/,Reserve - not individually abstract-screened,Not selected for bounded 7-page survey; not a quality rejection,Automatic title triage only
2025.findings-acl.423,UBench: Benchmarking Uncertainty in Large Language Models with Multiple Choice Questions,https://aclanthology.org/2025.findings-acl.423/,Reserve - not individually abstract-screened,Not selected for bounded 7-page survey; not a quality rejection,Automatic title triage only
2025.findings-acl.430,Retrieval Visual Contrastive Decoding to Mitigate Object Hallucinations in Large Vision-Language Models,https://aclanthology.org/2025.findings-acl.430/,Excluded at automatic title triage,Multimodal or non-text-generation focus outside selected scope,Automatic title triage only
2025.findings-acl.436,FiDeLiS: Faithful Reasoning in Large Language Models for Knowledge Graph Question Answering,https://aclanthology.org/2025.findings-acl.436/,Reserve - not individually abstract-screened,Not selected for bounded 7-page survey; not a quality rejection,Automatic title triage only
2025.findings-acl.442,NavRAG: Generating User Demand Instructions for Embodied Navigation through Retrieval-Augmented LLM,https://aclanthology.org/2025.findings-acl.442/,Reserve - not individually abstract-screened,Not selected for bounded 7-page survey; not a quality rejection,Automatic title triage only
2025.findings-acl.444,Retrieval-Augmented Process Reward Model for Generalizable Mathematical Reasoning,https://aclanthology.org/2025.findings-acl.444/,Reserve - not individually abstract-screened,Not selected for bounded 7-page survey; not a quality rejection,Automatic title triage only
2025.findings-acl.448,Mixture of Decoding: An Attention-Inspired Adaptive Decoding Strategy to Mitigate Hallucinations in Large Vision-Language Models,https://aclanthology.org/2025.findings-acl.448/,Excluded at automatic title triage,Multimodal or non-text-generation focus outside selected scope,Automatic title triage only
2025.findings-acl.478,MHALO: Evaluating MLLMs as Fine-grained Hallucination Detectors,https://aclanthology.org/2025.findings-acl.478/,Excluded at automatic title triage,Multimodal or non-text-generation focus outside selected scope,Automatic title triage only
2025.findings-acl.491,EC-RAFT: Automated Generation of Clinical Trial Eligibility Criteria through Retrieval-Augmented Fine-Tuning,https://aclanthology.org/2025.findings-acl.491/,Reserve - not individually abstract-screened,Not selected for bounded 7-page survey; not a quality rejection,Automatic title triage only
2025.findings-acl.517,Explainable Depression Detection in Clinical Interviews with Personalized Retrieval-Augmented Generation,https://aclanthology.org/2025.findings-acl.517/,Excluded at automatic title triage,Term match refers primarily to a different task; can be revisited,Automatic title triage only
2025.findings-acl.521,SpeechT-RAG: Reliable Depression Detection in LLMs with Retrieval-Augmented Generation Using Speech Timing Information,https://aclanthology.org/2025.findings-acl.521/,Excluded at automatic title triage,Multimodal or non-text-generation focus outside selected scope,Automatic title triage only
2025.findings-acl.522,Fine-grained Knowledge Enhancement for Retrieval-Augmented Generation,https://aclanthology.org/2025.findings-acl.522/,Reserve - not individually abstract-screened,Not selected for bounded 7-page survey; not a quality rejection,Automatic title triage only
2025.findings-acl.536,Context-DPO: Aligning Language Models for Context-Faithfulness,https://aclanthology.org/2025.findings-acl.536/,Included,Title/abstract screened; selected for mechanism and evaluation coverage,Title/abstract
2025.findings-acl.560,Towards Better Chain-of-Thought: A Reflection on Effectiveness and Faithfulness,https://aclanthology.org/2025.findings-acl.560/,Reserve - not individually abstract-screened,Not selected for bounded 7-page survey; not a quality rejection,Automatic title triage only
2025.findings-acl.587,RASPberry: Retrieval-Augmented Monte Carlo Tree Self-Play with Reasoning Consistency for Multi-Hop Question Answering,https://aclanthology.org/2025.findings-acl.587/,Reserve - not individually abstract-screened,Not selected for bounded 7-page survey; not a quality rejection,Automatic title triage only
2025.findings-acl.588,All That Glitters is Not Gold: Improving Robust Retrieval-Augmented Language Models with Fact-Centric Preference Alignment,https://aclanthology.org/2025.findings-acl.588/,Reserve - not individually abstract-screened,Not selected for bounded 7-page survey; not a quality rejection,Automatic title triage only
2025.findings-acl.590,"Listen, Watch, and Learn to Feel: Retrieval-Augmented Emotion Reasoning for Compound Emotion Generation",https://aclanthology.org/2025.findings-acl.590/,Reserve - not individually abstract-screened,Not selected for bounded 7-page survey; not a quality rejection,Automatic title triage only
2025.findings-acl.607,Rhetorical Device-Aware Sarcasm Detection with Counterfactual Data Augmentation,https://aclanthology.org/2025.findings-acl.607/,Excluded at automatic title triage,Term match refers primarily to a different task; can be revisited,Automatic title triage only
2025.findings-acl.622,FIHA: Automated Fine-grained Hallucinations Evaluations in Large Vision Language Models with Davidson Scene Graphs,https://aclanthology.org/2025.findings-acl.622/,Excluded at automatic title triage,Multimodal or non-text-generation focus outside selected scope,Automatic title triage only
2025.findings-acl.624,GeAR: Graph-enhanced Agent for Retrieval-augmented Generation,https://aclanthology.org/2025.findings-acl.624/,Reserve - not individually abstract-screened,Not selected for bounded 7-page survey; not a quality rejection,Automatic title triage only
2025.findings-acl.638,A Conformal Risk Control Framework for Granular Word Assessment and Uncertainty Calibration of CLIPScore Quality Estimates,https://aclanthology.org/2025.findings-acl.638/,Reserve - not individually abstract-screened,Not selected for bounded 7-page survey; not a quality rejection,Automatic title triage only
2025.findings-acl.648,A Tale of Evaluating Factual Consistency: Case Study on Long Document Summarization Evaluation,https://aclanthology.org/2025.findings-acl.648/,Reserve - not individually abstract-screened,Not selected for bounded 7-page survey; not a quality rejection,Automatic title triage only
2025.findings-acl.652,CtrlA: Adaptive Retrieval-Augmented Generation via Inherent Control,https://aclanthology.org/2025.findings-acl.652/,Reserve - not individually abstract-screened,Not selected for bounded 7-page survey; not a quality rejection,Automatic title triage only
2025.findings-acl.659,GRAF: Graph Retrieval Augmented by Facts for Romanian Legal Multi-Choice Question Answering,https://aclanthology.org/2025.findings-acl.659/,Reserve - not individually abstract-screened,Not selected for bounded 7-page survey; not a quality rejection,Automatic title triage only
2025.findings-acl.676,RoseRAG: Robust Retrieval-augmented Generation with Small-scale LLMs via Margin-aware Preference Optimization,https://aclanthology.org/2025.findings-acl.676/,Reserve - not individually abstract-screened,Not selected for bounded 7-page survey; not a quality rejection,Automatic title triage only
2025.findings-acl.678,mRAKL: Multilingual Retrieval-Augmented Knowledge Graph Construction for Low-Resourced Languages,https://aclanthology.org/2025.findings-acl.678/,Reserve - not individually abstract-screened,Not selected for bounded 7-page survey; not a quality rejection,Automatic title triage only
2025.findings-acl.693,Beyond Factual Accuracy: Evaluating Coverage of Diverse Factual Information in Long-form Text Generation,https://aclanthology.org/2025.findings-acl.693/,Included,Title/abstract screened; selected for mechanism and evaluation coverage,Title/abstract
2025.findings-acl.717,The Silent Saboteur: Imperceptible Adversarial Attacks against Black-Box Retrieval-Augmented Generation Systems,https://aclanthology.org/2025.findings-acl.717/,Reserve - not individually abstract-screened,Not selected for bounded 7-page survey; not a quality rejection,Automatic title triage only
2025.findings-acl.723,CausalAbstain: Enhancing Multilingual LLMs with Causal Reasoning for Trustworthy Abstention,https://aclanthology.org/2025.findings-acl.723/,Reserve - not individually abstract-screened,Not selected for bounded 7-page survey; not a quality rejection,Automatic title triage only
2025.findings-acl.752,Monitoring Decoding: Mitigating Hallucination via Evaluating the Factuality of Partial Response during Generation,https://aclanthology.org/2025.findings-acl.752/,Reserve - not individually abstract-screened,Not selected for bounded 7-page survey; not a quality rejection,Automatic title triage only
2025.findings-acl.756,Lightweight Query Checkpoint: Classifying Faulty User Queries to Mitigate Hallucinations in Large Language Model Question Answering,https://aclanthology.org/2025.findings-acl.756/,Reserve - not individually abstract-screened,Not selected for bounded 7-page survey; not a quality rejection,Automatic title triage only
2025.findings-acl.773,VADE: Visual Attention Guided Hallucination Detection and Elimination,https://aclanthology.org/2025.findings-acl.773/,Excluded at automatic title triage,Multimodal or non-text-generation focus outside selected scope,Automatic title triage only
2025.findings-acl.800,PISCO: Pretty Simple Compression for Retrieval-Augmented Generation,https://aclanthology.org/2025.findings-acl.800/,Reserve - not individually abstract-screened,Not selected for bounded 7-page survey; not a quality rejection,Automatic title triage only
2025.findings-acl.844,"See the World, Discover Knowledge: A Chinese Factuality Evaluation for Large Vision Language Models",https://aclanthology.org/2025.findings-acl.844/,Excluded at automatic title triage,Multimodal or non-text-generation focus outside selected scope,Automatic title triage only
2025.findings-acl.847,Evaluating LLMs’ Assessment of Mixed-Context Hallucination Through the Lens of Summarization,https://aclanthology.org/2025.findings-acl.847/,Reserve - not individually abstract-screened,Not selected for bounded 7-page survey; not a quality rejection,Automatic title triage only
2025.findings-acl.850,Mitigating Hallucination in Multimodal Large Language Model via Hallucination-targeted Direct Preference Optimization,https://aclanthology.org/2025.findings-acl.850/,Excluded at automatic title triage,Multimodal or non-text-generation focus outside selected scope,Automatic title triage only
2025.findings-acl.852,Why Uncertainty Estimation Methods Fall Short in RAG: An Axiomatic Analysis,https://aclanthology.org/2025.findings-acl.852/,Reserve - not individually abstract-screened,Not selected for bounded 7-page survey; not a quality rejection,Automatic title triage only
2025.findings-acl.854,LoFTI: Localization and Factuality Transfer to Indian Locales,https://aclanthology.org/2025.findings-acl.854/,Reserve - not individually abstract-screened,Not selected for bounded 7-page survey; not a quality rejection,Automatic title triage only
2025.findings-acl.859,RAPID: Efficient Retrieval-Augmented Long Text Generation with Writing Planning and Information Discovery,https://aclanthology.org/2025.findings-acl.859/,Reserve - not individually abstract-screened,Not selected for bounded 7-page survey; not a quality rejection,Automatic title triage only
2025.findings-acl.861,Ask in Any Modality: A Comprehensive Survey on Multimodal Retrieval-Augmented Generation,https://aclanthology.org/2025.findings-acl.861/,Excluded at automatic title triage,Multimodal or non-text-generation focus outside selected scope,Automatic title triage only
2025.findings-acl.877,RAG-RewardBench: Benchmarking Reward Models in Retrieval Augmented Generation for Preference Alignment,https://aclanthology.org/2025.findings-acl.877/,Reserve - not individually abstract-screened,Not selected for bounded 7-page survey; not a quality rejection,Automatic title triage only
2025.findings-acl.878,"Generate, Discriminate, Evolve: Enhancing Context Faithfulness via Fine-Grained Sentence-Level Self-Evolution",https://aclanthology.org/2025.findings-acl.878/,Reserve - not individually abstract-screened,Not selected for bounded 7-page survey; not a quality rejection,Automatic title triage only
2025.findings-acl.913,Open-World Authorship Attribution,https://aclanthology.org/2025.findings-acl.913/,Excluded at automatic title triage,Term match refers primarily to a different task; can be revisited,Automatic title triage only
2025.findings-acl.924,BEDAA: Bayesian Enhanced DeBERTa for Uncertainty-Aware Authorship Attribution,https://aclanthology.org/2025.findings-acl.924/,Excluded at automatic title triage,Term match refers primarily to a different task; can be revisited,Automatic title triage only
2025.findings-acl.960,Safety is Not Only About Refusal: Reasoning-Enhanced Fine-tuning for Interpretable LLM Safety,https://aclanthology.org/2025.findings-acl.960/,Reserve - not individually abstract-screened,Not selected for bounded 7-page survey; not a quality rejection,Automatic title triage only
2025.findings-acl.979,From Observation to Understanding: Front-Door Adjustments with Uncertainty Calibration for Enhancing Egocentric Reasoning in LVLMs,https://aclanthology.org/2025.findings-acl.979/,Excluded at automatic title triage,Multimodal or non-text-generation focus outside selected scope,Automatic title triage only
2025.findings-acl.1001,Out-of-Distribution Detection via LLM-Guided Outlier Generation for Text-attributed Graph,https://aclanthology.org/2025.findings-acl.1001/,Excluded at automatic title triage,Term match refers primarily to a different task; can be revisited,Automatic title triage only
2025.findings-acl.1007,LLMTaxo: Leveraging Large Language Models for Constructing Taxonomy of Factual Claims from Social Media,https://aclanthology.org/2025.findings-acl.1007/,Reserve - not individually abstract-screened,Not selected for bounded 7-page survey; not a quality rejection,Automatic title triage only
2025.findings-acl.1018,Core: Robust Factual Precision with Informative Sub-Claim Identification,https://aclanthology.org/2025.findings-acl.1018/,Included,Title/abstract screened; selected for mechanism and evaluation coverage,Title/abstract
2025.findings-acl.1062,Uncertainty Unveiled: Can Exposure to More In-context Examples Mitigate Uncertainty for Large Language Models?,https://aclanthology.org/2025.findings-acl.1062/,Reserve - not individually abstract-screened,Not selected for bounded 7-page survey; not a quality rejection,Automatic title triage only
2025.findings-acl.1076,TechniqueRAG: Retrieval Augmented Generation for Adversarial Technique Annotation in Cyber Threat Intelligence Text,https://aclanthology.org/2025.findings-acl.1076/,Reserve - not individually abstract-screened,Not selected for bounded 7-page survey; not a quality rejection,Automatic title triage only
2025.findings-acl.1087,Evaluation of Attribution Bias in Generator-Aware Retrieval-Augmented Large Language Models,https://aclanthology.org/2025.findings-acl.1087/,Reserve - not individually abstract-screened,Not selected for bounded 7-page survey; not a quality rejection,Automatic title triage only
2025.findings-acl.1089,Diagnosing Failures in Large Language Models’ Answers: Integrating Error Attribution into Evaluation Framework,https://aclanthology.org/2025.findings-acl.1089/,Reserve - not individually abstract-screened,Not selected for bounded 7-page survey; not a quality rejection,Automatic title triage only
2025.findings-acl.1092,Can Input Attributions Explain Inductive Reasoning in In-Context Learning?,https://aclanthology.org/2025.findings-acl.1092/,Reserve - not individually abstract-screened,Not selected for bounded 7-page survey; not a quality rejection,Automatic title triage only
2025.findings-acl.1096,VideoRAG: Retrieval-Augmented Generation over Video Corpus,https://aclanthology.org/2025.findings-acl.1096/,Excluded at automatic title triage,Multimodal or non-text-generation focus outside selected scope,Automatic title triage only
2025.findings-acl.1101,A Survey of Uncertainty Estimation Methods on Large Language Models,https://aclanthology.org/2025.findings-acl.1101/,Reserve - not individually abstract-screened,Not selected for bounded 7-page survey; not a quality rejection,Automatic title triage only
2025.findings-acl.1165,CausalRAG: Integrating Causal Graphs into Retrieval-Augmented Generation,https://aclanthology.org/2025.findings-acl.1165/,Reserve - not individually abstract-screened,Not selected for bounded 7-page survey; not a quality rejection,Automatic title triage only
2025.findings-acl.1175,Verify with Caution: The Pitfalls of Relying on Imperfect Factuality Metrics,https://aclanthology.org/2025.findings-acl.1175/,Included,Title/abstract screened; selected for mechanism and evaluation coverage,Title/abstract
2025.findings-acl.1190,"Lost in Transcription, Found in Distribution Shift: Demystifying Hallucination in Speech Foundation Models",https://aclanthology.org/2025.findings-acl.1190/,Excluded at automatic title triage,Multimodal or non-text-generation focus outside selected scope,Automatic title triage only
2025.findings-acl.1199,"The Law of Knowledge Overshadowing: Towards Understanding, Predicting and Preventing LLM Hallucination",https://aclanthology.org/2025.findings-acl.1199/,Reserve - not individually abstract-screened,Not selected for bounded 7-page survey; not a quality rejection,Automatic title triage only
2025.findings-acl.1219,WASA: WAtermark-based Source Attribution for Large Language Model-Generated Data,https://aclanthology.org/2025.findings-acl.1219/,Reserve - not individually abstract-screened,Not selected for bounded 7-page survey; not a quality rejection,Automatic title triage only
2025.findings-acl.1224,Toward Structured Knowledge Reasoning: Contrastive Retrieval-Augmented Generation on Experience,https://aclanthology.org/2025.findings-acl.1224/,Reserve - not individually abstract-screened,Not selected for bounded 7-page survey; not a quality rejection,Automatic title triage only
2025.findings-acl.1243,COVER: Context-Driven Over-Refusal Verification in LLMs,https://aclanthology.org/2025.findings-acl.1243/,Reserve - not individually abstract-screened,Not selected for bounded 7-page survey; not a quality rejection,Automatic title triage only
2025.findings-acl.1287,Should I Trust You? Detecting Deception in Negotiations using Counterfactual RL,https://aclanthology.org/2025.findings-acl.1287/,Excluded at automatic title triage,Term match refers primarily to a different task; can be revisited,Automatic title triage only
2025.findings-acl.1294,Don’t Say No: Jailbreaking LLM by Suppressing Refusal,https://aclanthology.org/2025.findings-acl.1294/,Reserve - not individually abstract-screened,Not selected for bounded 7-page survey; not a quality rejection,Automatic title triage only
2025.findings-acl.1305,Summary Factual Inconsistency Detection Based on LLMs Enhanced by Universal Information Extraction,https://aclanthology.org/2025.findings-acl.1305/,Reserve - not individually abstract-screened,Not selected for bounded 7-page survey; not a quality rejection,Automatic title triage only
2025.findings-acl.1310,COSMIC: Generalized Refusal Direction Identification in LLM Activations,https://aclanthology.org/2025.findings-acl.1310/,Reserve - not individually abstract-screened,Not selected for bounded 7-page survey; not a quality rejection,Automatic title triage only
2025.findings-acl.1314,Can Hallucination Correction Improve Video-Language Alignment?,https://aclanthology.org/2025.findings-acl.1314/,Excluded at automatic title triage,Multimodal or non-text-generation focus outside selected scope,Automatic title triage only
2025.findings-acl.1339,CoT-UQ: Improving Response-wise Uncertainty Quantification in LLMs with Chain-of-Thought,https://aclanthology.org/2025.findings-acl.1339/,Reserve - not individually abstract-screened,Not selected for bounded 7-page survey; not a quality rejection,Automatic title triage only
2025.findings-acl.1352,Uncertainty-Aware Contrastive Decoding,https://aclanthology.org/2025.findings-acl.1352/,Reserve - not individually abstract-screened,Not selected for bounded 7-page survey; not a quality rejection,Automatic title triage only
2025.findings-acl.1369,LLMs are Biased Evaluators But Not Biased for Fact-Centric Retrieval Augmented Generation,https://aclanthology.org/2025.findings-acl.1369/,Reserve - not individually abstract-screened,Not selected for bounded 7-page survey; not a quality rejection,Automatic title triage only
2025.findings-acl.1384,Accelerating Adaptive Retrieval Augmented Generation via Instruction-Driven Representation Reduction of Retrieval Overlaps,https://aclanthology.org/2025.findings-acl.1384/,Reserve - not individually abstract-screened,Not selected for bounded 7-page survey; not a quality rejection,Automatic title triage only
2025.findings-emnlp.24,End-to-End Optimization for Multimodal Retrieval-Augmented Generation via Reward Backpropagation,https://aclanthology.org/2025.findings-emnlp.24/,Excluded at automatic title triage,Multimodal or non-text-generation focus outside selected scope,Automatic title triage only
2025.findings-emnlp.36,RACQC: Advanced Retrieval-Augmented Generation for Chinese Query Correction,https://aclanthology.org/2025.findings-emnlp.36/,Reserve - not individually abstract-screened,Not selected for bounded 7-page survey; not a quality rejection,Automatic title triage only
2025.findings-emnlp.40,R2A-TLS: Reflective Retrieval-Augmented Timeline Summarization with Causal-Semantic Integration,https://aclanthology.org/2025.findings-emnlp.40/,Reserve - not individually abstract-screened,Not selected for bounded 7-page survey; not a quality rejection,Automatic title triage only
2025.findings-emnlp.45,Mitigating Geospatial Knowledge Hallucination in Large Language Models: Benchmarking and Dynamic Factuality Aligning,https://aclanthology.org/2025.findings-emnlp.45/,Reserve - not individually abstract-screened,Not selected for bounded 7-page survey; not a quality rejection,Automatic title triage only
2025.findings-emnlp.64,Mitigating Object Hallucinations in MLLMs via Multi-Frequency Perturbations,https://aclanthology.org/2025.findings-emnlp.64/,Excluded at automatic title triage,Multimodal or non-text-generation focus outside selected scope,Automatic title triage only
2025.findings-emnlp.66,"Minimal Ranks, Maximum Confidence: Parameter-efficient Uncertainty Quantification for LoRA",https://aclanthology.org/2025.findings-emnlp.66/,Reserve - not individually abstract-screened,Not selected for bounded 7-page survey; not a quality rejection,Automatic title triage only
2025.findings-emnlp.67,Chain-of-Thought Prompting Obscures Hallucination Cues in Large Language Models: An Empirical Evaluation,https://aclanthology.org/2025.findings-emnlp.67/,Included,Title/abstract screened; selected for mechanism and evaluation coverage,Title/abstract
2025.findings-emnlp.93,CCL-XCoT: An Efficient Cross-Lingual Knowledge Transfer Method for Mitigating Hallucination Generation,https://aclanthology.org/2025.findings-emnlp.93/,Reserve - not individually abstract-screened,Not selected for bounded 7-page survey; not a quality rejection,Automatic title triage only
2025.findings-emnlp.112,The Hallucination Tax of Reinforcement Finetuning,https://aclanthology.org/2025.findings-emnlp.112/,Included,Title/abstract screened; selected for mechanism and evaluation coverage,Title/abstract
2025.findings-emnlp.113,Tracing Multilingual Factual Knowledge Acquisition in Pretraining,https://aclanthology.org/2025.findings-emnlp.113/,Reserve - not individually abstract-screened,Not selected for bounded 7-page survey; not a quality rejection,Automatic title triage only
2025.findings-emnlp.168,CoT-RAG: Integrating Chain of Thought and Retrieval-Augmented Generation to Enhance Reasoning in Large Language Models,https://aclanthology.org/2025.findings-emnlp.168/,Reserve - not individually abstract-screened,Not selected for bounded 7-page survey; not a quality rejection,Automatic title triage only
2025.findings-emnlp.189,Enhancing Hate Speech Classifiers through a Gradient-assisted Counterfactual Text Generation Strategy,https://aclanthology.org/2025.findings-emnlp.189/,Excluded at automatic title triage,Term match refers primarily to a different task; can be revisited,Automatic title triage only
2025.findings-emnlp.193,Query Optimization for Parametric Knowledge Refinement in Retrieval-Augmented Large Language Models,https://aclanthology.org/2025.findings-emnlp.193/,Reserve - not individually abstract-screened,Not selected for bounded 7-page survey; not a quality rejection,Automatic title triage only
2025.findings-emnlp.203,RECAST: Retrieval-Augmented Contextual ASR via Decoder-State Keyword Spotting,https://aclanthology.org/2025.findings-emnlp.203/,Reserve - not individually abstract-screened,Not selected for bounded 7-page survey; not a quality rejection,Automatic title triage only
2025.findings-emnlp.205,Beyond Spurious Signals: Debiasing Multimodal Large Language Models via Counterfactual Inference and Adaptive Expert Routing,https://aclanthology.org/2025.findings-emnlp.205/,Excluded at automatic title triage,Term match refers primarily to a different task; can be revisited,Automatic title triage only
2025.findings-emnlp.211,Exploring the Generalizability of Factual Hallucination Mitigation via Enhancing Precise Knowledge Utilization,https://aclanthology.org/2025.findings-emnlp.211/,Reserve - not individually abstract-screened,Not selected for bounded 7-page survey; not a quality rejection,Automatic title triage only
2025.findings-emnlp.214,RGAR: Recurrence Generation-augmented Retrieval for Factual-aware Medical Question Answering,https://aclanthology.org/2025.findings-emnlp.214/,Reserve - not individually abstract-screened,Not selected for bounded 7-page survey; not a quality rejection,Automatic title triage only
2025.findings-emnlp.215,EcoSafeRAG: Efficient Security through Context Analysis in Retrieval-Augmented Generation,https://aclanthology.org/2025.findings-emnlp.215/,Reserve - not individually abstract-screened,Not selected for bounded 7-page survey; not a quality rejection,Automatic title triage only
2025.findings-emnlp.218,How Does Knowledge Selection Help Retrieval Augmented Generation?,https://aclanthology.org/2025.findings-emnlp.218/,Reserve - not individually abstract-screened,Not selected for bounded 7-page survey; not a quality rejection,Automatic title triage only
2025.findings-emnlp.220,ParetoRAG: Leveraging Sentence-Context Attention for Robust and Efficient Retrieval-Augmented Generation,https://aclanthology.org/2025.findings-emnlp.220/,Reserve - not individually abstract-screened,Not selected for bounded 7-page survey; not a quality rejection,Automatic title triage only
2025.findings-emnlp.222,ReLoop: “Seeing Twice and Thinking Backwards” via Closed-loop Training to Mitigate Hallucinations in Multimodal understanding,https://aclanthology.org/2025.findings-emnlp.222/,Excluded at automatic title triage,Multimodal or non-text-generation focus outside selected scope,Automatic title triage only
2025.findings-emnlp.226,Benchmarking Uncertainty Metrics for LLM Target-Aware Search,https://aclanthology.org/2025.findings-emnlp.226/,Reserve - not individually abstract-screened,Not selected for bounded 7-page survey; not a quality rejection,Automatic title triage only
2025.findings-emnlp.228,FG-PRM: Fine-grained Hallucination Detection and Mitigation in Language Model Mathematical Reasoning,https://aclanthology.org/2025.findings-emnlp.228/,Reserve - not individually abstract-screened,Not selected for bounded 7-page survey; not a quality rejection,Automatic title triage only
2025.findings-emnlp.241,Enhancing Speech-to-Speech Dialogue Modeling with End-to-End Retrieval-Augmented Generation,https://aclanthology.org/2025.findings-emnlp.241/,Excluded at automatic title triage,Multimodal or non-text-generation focus outside selected scope,Automatic title triage only
2025.findings-emnlp.274,HIRAG: Hierarchical-Thought Instruction-Tuning Retrieval-Augmented Generation,https://aclanthology.org/2025.findings-emnlp.274/,Reserve - not individually abstract-screened,Not selected for bounded 7-page survey; not a quality rejection,Automatic title triage only
2025.findings-emnlp.290,ReGraphRAG: Reorganizing Fragmented Knowledge Graphs for Multi-Perspective Retrieval-Augmented Generation,https://aclanthology.org/2025.findings-emnlp.290/,Reserve - not individually abstract-screened,Not selected for bounded 7-page survey; not a quality rejection,Automatic title triage only
2025.findings-emnlp.308,E-Verify: A Paradigm Shift to Scalable Embedding-based Factuality Verification,https://aclanthology.org/2025.findings-emnlp.308/,Reserve - not individually abstract-screened,Not selected for bounded 7-page survey; not a quality rejection,Automatic title triage only
2025.findings-emnlp.313,Retrieval-Augmented Machine Translation with Unstructured Knowledge,https://aclanthology.org/2025.findings-emnlp.313/,Reserve - not individually abstract-screened,Not selected for bounded 7-page survey; not a quality rejection,Automatic title triage only
2025.findings-emnlp.321,Retrieval-Augmented Generation with Hierarchical Knowledge,https://aclanthology.org/2025.findings-emnlp.321/,Reserve - not individually abstract-screened,Not selected for bounded 7-page survey; not a quality rejection,Automatic title triage only
2025.findings-emnlp.322,Regularized Contrastive Decoding with Hard Negative Samples for LLM Hallucination Mitigation,https://aclanthology.org/2025.findings-emnlp.322/,Reserve - not individually abstract-screened,Not selected for bounded 7-page survey; not a quality rejection,Automatic title triage only
2025.findings-emnlp.329,KERAG: Knowledge-Enhanced Retrieval-Augmented Generation for Advanced Question Answering,https://aclanthology.org/2025.findings-emnlp.329/,Reserve - not individually abstract-screened,Not selected for bounded 7-page survey; not a quality rejection,Automatic title triage only
2025.findings-emnlp.338,Understanding Refusal in Language Models with Sparse Autoencoders,https://aclanthology.org/2025.findings-emnlp.338/,Reserve - not individually abstract-screened,Not selected for bounded 7-page survey; not a quality rejection,Automatic title triage only
2025.findings-emnlp.339,Where Did That Come From? Sentence-Level Error-Tolerant Attribution,https://aclanthology.org/2025.findings-emnlp.339/,Reserve - not individually abstract-screened,Not selected for bounded 7-page survey; not a quality rejection,Automatic title triage only
2025.findings-emnlp.360,HEAL: Hybrid Enhancement with LLM-based Agents for Text-attributed Hypergraph Self-supervised Representation Learning,https://aclanthology.org/2025.findings-emnlp.360/,Excluded at automatic title triage,Term match refers primarily to a different task; can be revisited,Automatic title triage only
2025.findings-emnlp.380,GUARD: Glocal Uncertainty-Aware Robust Decoding for Effective and Efficient Open-Ended Text Generation,https://aclanthology.org/2025.findings-emnlp.380/,Reserve - not individually abstract-screened,Not selected for bounded 7-page survey; not a quality rejection,Automatic title triage only
2025.findings-emnlp.388,Federated Retrieval-Augmented Generation: A Systematic Mapping Study,https://aclanthology.org/2025.findings-emnlp.388/,Reserve - not individually abstract-screened,Not selected for bounded 7-page survey; not a quality rejection,Automatic title triage only
2025.findings-emnlp.403,AutoEvolve: Automatically Evolving Queries for Applicable and Scalable Retrieval-Augmented Generation Benchmarking,https://aclanthology.org/2025.findings-emnlp.403/,Reserve - not individually abstract-screened,Not selected for bounded 7-page survey; not a quality rejection,Automatic title triage only
2025.findings-emnlp.419,Adaptive Schema-aware Event Extraction with Retrieval-Augmented Generation,https://aclanthology.org/2025.findings-emnlp.419/,Reserve - not individually abstract-screened,Not selected for bounded 7-page survey; not a quality rejection,Automatic title triage only
2025.findings-emnlp.420,Enhancing Attributed Question Answering using Tailored Progressive Curriculum Learning,https://aclanthology.org/2025.findings-emnlp.420/,Reserve - not individually abstract-screened,Not selected for bounded 7-page survey; not a quality rejection,Automatic title triage only
2025.findings-emnlp.430,cAST: Enhancing Code Retrieval-Augmented Generation with Structural Chunking via Abstract Syntax Tree,https://aclanthology.org/2025.findings-emnlp.430/,Reserve - not individually abstract-screened,Not selected for bounded 7-page survey; not a quality rejection,Automatic title triage only
2025.findings-emnlp.432,VLM Is a Strong Reranker: Advancing Multimodal Retrieval-augmented Generation via Knowledge-enhanced Reranking and Noise-injected Training,https://aclanthology.org/2025.findings-emnlp.432/,Excluded at automatic title triage,Multimodal or non-text-generation focus outside selected scope,Automatic title triage only
2025.findings-emnlp.444,Watermarking for Factuality: Guiding Vision-Language Models Toward Truth via Tri-layer Contrastive Decoding,https://aclanthology.org/2025.findings-emnlp.444/,Excluded at automatic title triage,Multimodal or non-text-generation focus outside selected scope,Automatic title triage only
2025.findings-emnlp.449,AttnComp: Attention-Guided Adaptive Context Compression for Retrieval-Augmented Generation,https://aclanthology.org/2025.findings-emnlp.449/,Reserve - not individually abstract-screened,Not selected for bounded 7-page survey; not a quality rejection,Automatic title triage only
2025.findings-emnlp.455,SalaMAnder: Shapley-based Mathematical Expression Attribution and Metric for Chain-of-Thought Reasoning,https://aclanthology.org/2025.findings-emnlp.455/,Reserve - not individually abstract-screened,Not selected for bounded 7-page survey; not a quality rejection,Automatic title triage only
2025.findings-emnlp.459,DAPE-BR: Distance-Aware Positional Encoding for Mitigating Object Hallucination in LVLMs,https://aclanthology.org/2025.findings-emnlp.459/,Excluded at automatic title triage,Term match refers primarily to a different task; can be revisited,Automatic title triage only
2025.findings-emnlp.460,From Confidence to Collapse in LLM Factual Robustness,https://aclanthology.org/2025.findings-emnlp.460/,Reserve - not individually abstract-screened,Not selected for bounded 7-page survey; not a quality rejection,Automatic title triage only
2025.findings-emnlp.466,MAGIC: A Multi-Hop and Graph-Based Benchmark for Inter-Context Conflicts in Retrieval-Augmented Generation,https://aclanthology.org/2025.findings-emnlp.466/,Reserve - not individually abstract-screened,Not selected for bounded 7-page survey; not a quality rejection,Automatic title triage only
2025.findings-emnlp.472,ImpRAG: Retrieval-Augmented Generation with Implicit Queries,https://aclanthology.org/2025.findings-emnlp.472/,Reserve - not individually abstract-screened,Not selected for bounded 7-page survey; not a quality rejection,Automatic title triage only
2025.findings-emnlp.491,VeriFastScore: Speeding up long-form factuality evaluation,https://aclanthology.org/2025.findings-emnlp.491/,Reserve - not individually abstract-screened,Not selected for bounded 7-page survey; not a quality rejection,Automatic title triage only
2025.findings-emnlp.496,SAFE: A Sparse Autoencoder-Based Framework for Robust Query Enrichment and Hallucination Mitigation in LLMs,https://aclanthology.org/2025.findings-emnlp.496/,Reserve - not individually abstract-screened,Not selected for bounded 7-page survey; not a quality rejection,Automatic title triage only
2025.findings-emnlp.504,Efficient Integration of External Knowledge to LLM-based World Models via Retrieval-Augmented Generation and Reinforcement Learning,https://aclanthology.org/2025.findings-emnlp.504/,Reserve - not individually abstract-screened,Not selected for bounded 7-page survey; not a quality rejection,Automatic title triage only
2025.findings-emnlp.511,Uplift-RAG: Uplift-Driven Knowledge Preference Alignment for Retrieval-Augmented Generation,https://aclanthology.org/2025.findings-emnlp.511/,Reserve - not individually abstract-screened,Not selected for bounded 7-page survey; not a quality rejection,Automatic title triage only
2025.findings-emnlp.522,Efficient Dynamic Clustering-Based Document Compression for Retrieval-Augmented-Generation,https://aclanthology.org/2025.findings-emnlp.522/,Reserve - not individually abstract-screened,Not selected for bounded 7-page survey; not a quality rejection,Automatic title triage only
2025.findings-emnlp.527,Bold Claims or Self-Doubt? Factuality Hallucination Type Detection via Belief State,https://aclanthology.org/2025.findings-emnlp.527/,Reserve - not individually abstract-screened,Not selected for bounded 7-page survey; not a quality rejection,Automatic title triage only
2025.findings-emnlp.531,DeCoRe: Decoding by Contrasting Retrieval Heads to Mitigate Hallucinations,https://aclanthology.org/2025.findings-emnlp.531/,Included,Title/abstract screened; selected for mechanism and evaluation coverage,Title/abstract
2025.findings-emnlp.552,CultureSynth: A Hierarchical Taxonomy-Guided and Retrieval-Augmented Framework for Cultural Question-Answer Synthesis,https://aclanthology.org/2025.findings-emnlp.552/,Reserve - not individually abstract-screened,Not selected for bounded 7-page survey; not a quality rejection,Automatic title triage only
2025.findings-emnlp.568,LightRAG: Simple and Fast Retrieval-Augmented Generation,https://aclanthology.org/2025.findings-emnlp.568/,Reserve - not individually abstract-screened,Not selected for bounded 7-page survey; not a quality rejection,Automatic title triage only
2025.findings-emnlp.572,Steering LVLMs via Sparse Autoencoder for Hallucination Mitigation,https://aclanthology.org/2025.findings-emnlp.572/,Excluded at automatic title triage,Multimodal or non-text-generation focus outside selected scope,Automatic title triage only
2025.findings-emnlp.606,SkewRoute: Training-Free LLM Routing for Knowledge Graph Retrieval-Augmented Generation via Score Skewness of Retrieved Context,https://aclanthology.org/2025.findings-emnlp.606/,Reserve - not individually abstract-screened,Not selected for bounded 7-page survey; not a quality rejection,Automatic title triage only
2025.findings-emnlp.625,Attribution and Application of Multiple Neurons in Multimodal Large Language Models,https://aclanthology.org/2025.findings-emnlp.625/,Excluded at automatic title triage,Multimodal or non-text-generation focus outside selected scope,Automatic title triage only
2025.findings-emnlp.626,"When Models Lie, We Learn: Multilingual Span-Level Hallucination Detection with PsiloQA",https://aclanthology.org/2025.findings-emnlp.626/,Reserve - not individually abstract-screened,Not selected for bounded 7-page survey; not a quality rejection,Automatic title triage only
2025.findings-emnlp.660,Rethinking LLM Uncertainty: A Multi-Agent Approach to Estimating Black-Box Model Uncertainty,https://aclanthology.org/2025.findings-emnlp.660/,Reserve - not individually abstract-screened,Not selected for bounded 7-page survey; not a quality rejection,Automatic title triage only
2025.findings-emnlp.663,FACTCHECKMATE: Preemptively Detecting and Mitigating Hallucinations in LMs,https://aclanthology.org/2025.findings-emnlp.663/,Reserve - not individually abstract-screened,Not selected for bounded 7-page survey; not a quality rejection,Automatic title triage only
2025.findings-emnlp.672,MCTS-RAG: Enhancing Retrieval-Augmented Generation with Monte Carlo Tree Search,https://aclanthology.org/2025.findings-emnlp.672/,Reserve - not individually abstract-screened,Not selected for bounded 7-page survey; not a quality rejection,Automatic title triage only
2025.findings-emnlp.698,RevPRAG: Revealing Poisoning Attacks in Retrieval-Augmented Generation through LLM Activation Analysis,https://aclanthology.org/2025.findings-emnlp.698/,Reserve - not individually abstract-screened,Not selected for bounded 7-page survey; not a quality rejection,Automatic title triage only
2025.findings-emnlp.723,A Closer Look at Bias and Chain-of-Thought Faithfulness of Large (Vision) Language Models,https://aclanthology.org/2025.findings-emnlp.723/,Excluded at automatic title triage,Multimodal or non-text-generation focus outside selected scope,Automatic title triage only
2025.findings-emnlp.746,Mitigating Hallucinations in Large Vision-Language Models by Self-Injecting Hallucinations,https://aclanthology.org/2025.findings-emnlp.746/,Excluded at automatic title triage,Multimodal or non-text-generation focus outside selected scope,Automatic title triage only
2025.findings-emnlp.752,SKRAG: A Retrieval-Augmented Generation Framework Guided by Reasoning Skeletons over Knowledge Graphs,https://aclanthology.org/2025.findings-emnlp.752/,Reserve - not individually abstract-screened,Not selected for bounded 7-page survey; not a quality rejection,Automatic title triage only
2025.findings-emnlp.763,SelfAug: Mitigating Catastrophic Forgetting in Retrieval-Augmented Generation via Distribution Self-Alignment,https://aclanthology.org/2025.findings-emnlp.763/,Reserve - not individually abstract-screened,Not selected for bounded 7-page survey; not a quality rejection,Automatic title triage only
2025.findings-emnlp.768,Retrieval Augmented Generation based context discovery for ASR,https://aclanthology.org/2025.findings-emnlp.768/,Reserve - not individually abstract-screened,Not selected for bounded 7-page survey; not a quality rejection,Automatic title triage only
2025.findings-emnlp.769,pFedRAG: A Personalized Federated Retrieval-Augmented Generation System with Depth-Adaptive Tiered Embedding Tuning,https://aclanthology.org/2025.findings-emnlp.769/,Reserve - not individually abstract-screened,Not selected for bounded 7-page survey; not a quality rejection,Automatic title triage only
2025.findings-emnlp.773,Fair Text-Attributed Graph Representation Learning,https://aclanthology.org/2025.findings-emnlp.773/,Excluded at automatic title triage,Term match refers primarily to a different task; can be revisited,Automatic title triage only
2025.findings-emnlp.785,FactReasoner: A Probabilistic Approach to Long-Form Factuality Assessment for Large Language Models,https://aclanthology.org/2025.findings-emnlp.785/,Included,Title/abstract screened; selected for mechanism and evaluation coverage,Title/abstract
2025.findings-emnlp.788,Decoding Uncertainty: The Impact of Decoding Strategies for Uncertainty Estimation in Large Language Models,https://aclanthology.org/2025.findings-emnlp.788/,Reserve - not individually abstract-screened,Not selected for bounded 7-page survey; not a quality rejection,Automatic title triage only
2025.findings-emnlp.792,"Trust Me, I’m Wrong: LLMs Hallucinate with Certainty Despite Knowing the Answer",https://aclanthology.org/2025.findings-emnlp.792/,Reserve - not individually abstract-screened,Not selected for bounded 7-page survey; not a quality rejection,Automatic title triage only
2025.findings-emnlp.817,Q-PRM: Adaptive Query Rewriting for Retrieval-Augmented Generation via Step-level Process Supervision,https://aclanthology.org/2025.findings-emnlp.817/,Excluded at automatic title triage,Multimodal or non-text-generation focus outside selected scope,Automatic title triage only
2025.findings-emnlp.818,Factuality Beyond Coherence: Evaluating LLM Watermarking Methods for Medical Texts,https://aclanthology.org/2025.findings-emnlp.818/,Reserve - not individually abstract-screened,Not selected for bounded 7-page survey; not a quality rejection,Automatic title triage only
2025.findings-emnlp.841,Can Multiple Responses from an LLM Reveal the Sources of Its Uncertainty?,https://aclanthology.org/2025.findings-emnlp.841/,Reserve - not individually abstract-screened,Not selected for bounded 7-page survey; not a quality rejection,Automatic title triage only
2025.findings-emnlp.846,Not Lost After All: How Cross-Encoder Attribution Challenges Position Bias Assumptions in LLM Summarization,https://aclanthology.org/2025.findings-emnlp.846/,Reserve - not individually abstract-screened,Not selected for bounded 7-page survey; not a quality rejection,Automatic title triage only
2025.findings-emnlp.849,XRAG: Cross-lingual Retrieval-Augmented Generation,https://aclanthology.org/2025.findings-emnlp.849/,Reserve - not individually abstract-screened,Not selected for bounded 7-page survey; not a quality rejection,Automatic title triage only
2025.findings-emnlp.850,Can VLMs Recall Factual Associations From Visual References?,https://aclanthology.org/2025.findings-emnlp.850/,Excluded at automatic title triage,Multimodal or non-text-generation focus outside selected scope,Automatic title triage only
2025.findings-emnlp.856,Residualized Similarity for Faithfully Explainable Authorship Verification,https://aclanthology.org/2025.findings-emnlp.856/,Excluded at automatic title triage,Term match refers primarily to a different task; can be revisited,Automatic title triage only
2025.findings-emnlp.858,MRFD: Multi-Region Fusion Decoding with Self-Consistency for Mitigating Hallucinations in LVLMs,https://aclanthology.org/2025.findings-emnlp.858/,Excluded at automatic title triage,Multimodal or non-text-generation focus outside selected scope,Automatic title triage only
2025.findings-emnlp.859,SIMBA UQ: Similarity-Based Aggregation for Uncertainty Quantification in Large Language Models,https://aclanthology.org/2025.findings-emnlp.859/,Reserve - not individually abstract-screened,Not selected for bounded 7-page survey; not a quality rejection,Automatic title triage only
2025.findings-emnlp.872,CoRAG: Enhancing Hybrid Retrieval-Augmented Generation through a Cooperative Retriever Architecture,https://aclanthology.org/2025.findings-emnlp.872/,Reserve - not individually abstract-screened,Not selected for bounded 7-page survey; not a quality rejection,Automatic title triage only
2025.findings-emnlp.873,Hallucination Detection in Structured Query Generation via LLM Self-Debating,https://aclanthology.org/2025.findings-emnlp.873/,Reserve - not individually abstract-screened,Not selected for bounded 7-page survey; not a quality rejection,Automatic title triage only
2025.findings-emnlp.876,Inducing Argument Facets for Faithful Opinion Summarization,https://aclanthology.org/2025.findings-emnlp.876/,Reserve - not individually abstract-screened,Not selected for bounded 7-page survey; not a quality rejection,Automatic title triage only
2025.findings-emnlp.878,Familiarity-Aware Evidence Compression for Retrieval-Augmented Generation,https://aclanthology.org/2025.findings-emnlp.878/,Reserve - not individually abstract-screened,Not selected for bounded 7-page survey; not a quality rejection,Automatic title triage only
2025.findings-emnlp.880,Simple Factuality Probes Detect Hallucinations in Long-Form Natural Language Generation,https://aclanthology.org/2025.findings-emnlp.880/,Reserve - not individually abstract-screened,Not selected for bounded 7-page survey; not a quality rejection,Automatic title triage only
2025.findings-emnlp.890,OkraLong: A Flexible Retrieval-Augmented Framework for Long-Text Question Answering,https://aclanthology.org/2025.findings-emnlp.890/,Reserve - not individually abstract-screened,Not selected for bounded 7-page survey; not a quality rejection,Automatic title triage only
2025.findings-emnlp.892,DrKGC: Dynamic Subgraph Retrieval-Augmented LLMs for Knowledge Graph Completion across General and Biomedical Domains,https://aclanthology.org/2025.findings-emnlp.892/,Reserve - not individually abstract-screened,Not selected for bounded 7-page survey; not a quality rejection,Automatic title triage only
2025.findings-emnlp.908,FinLFQA: Evaluating Attributed Text Generation of LLMs in Financial Long-Form Question Answering,https://aclanthology.org/2025.findings-emnlp.908/,Reserve - not individually abstract-screened,Not selected for bounded 7-page survey; not a quality rejection,Automatic title triage only
2025.findings-emnlp.924,Zero-shot Graph Reasoning via Retrieval Augmented Framework with LLMs,https://aclanthology.org/2025.findings-emnlp.924/,Reserve - not individually abstract-screened,Not selected for bounded 7-page survey; not a quality rejection,Automatic title triage only
2025.findings-emnlp.934,Low-Hallucination and Efficient Coreference Resolution with LLMs,https://aclanthology.org/2025.findings-emnlp.934/,Reserve - not individually abstract-screened,Not selected for bounded 7-page survey; not a quality rejection,Automatic title triage only
2025.findings-emnlp.936,Diving into Mitigating Hallucinations from a Vision Perspective for Large Vision-Language Models,https://aclanthology.org/2025.findings-emnlp.936/,Excluded at automatic title triage,Multimodal or non-text-generation focus outside selected scope,Automatic title triage only
2025.findings-emnlp.940,Optimising Factual Consistency in Summarisation via Preference Learning from Multiple Imperfect Metrics,https://aclanthology.org/2025.findings-emnlp.940/,Reserve - not individually abstract-screened,Not selected for bounded 7-page survey; not a quality rejection,Automatic title triage only
2025.findings-emnlp.952,Representation-based Broad Hallucination Detectors Fail to Generalize Out of Distribution,https://aclanthology.org/2025.findings-emnlp.952/,Reserve - not individually abstract-screened,Not selected for bounded 7-page survey; not a quality rejection,Automatic title triage only
2025.findings-emnlp.956,Beyond Surface Alignment: Rebuilding LLMs Safety Mechanism via Probabilistically Ablating Refusal Direction,https://aclanthology.org/2025.findings-emnlp.956/,Reserve - not individually abstract-screened,Not selected for bounded 7-page survey; not a quality rejection,Automatic title triage only
2025.findings-emnlp.971,InFact: Informativeness Alignment for Improved LLM Factuality,https://aclanthology.org/2025.findings-emnlp.971/,Reserve - not individually abstract-screened,Not selected for bounded 7-page survey; not a quality rejection,Automatic title triage only
2025.findings-emnlp.980,Are you sure? Measuring models bias in content moderation through uncertainty,https://aclanthology.org/2025.findings-emnlp.980/,Reserve - not individually abstract-screened,Not selected for bounded 7-page survey; not a quality rejection,Automatic title triage only
2025.findings-emnlp.984,"No Free Lunch: Retrieval-Augmented Generation Undermines Fairness in LLMs, Even for Vigilant Users",https://aclanthology.org/2025.findings-emnlp.984/,Reserve - not individually abstract-screened,Not selected for bounded 7-page survey; not a quality rejection,Automatic title triage only
2025.findings-emnlp.999,Adaptive Platt Scaling with Causal Interpretations for Self-Reflective Language Model Uncertainty Estimates,https://aclanthology.org/2025.findings-emnlp.999/,Reserve - not individually abstract-screened,Not selected for bounded 7-page survey; not a quality rejection,Automatic title triage only
2025.findings-emnlp.1000,Treble Counterfactual VLMs: A Causal Approach to Hallucination,https://aclanthology.org/2025.findings-emnlp.1000/,Excluded at automatic title triage,Term match refers primarily to a different task; can be revisited,Automatic title triage only
2025.findings-emnlp.1023,One Shot Dominance: Knowledge Poisoning Attack on Retrieval-Augmented Generation Systems,https://aclanthology.org/2025.findings-emnlp.1023/,Reserve - not individually abstract-screened,Not selected for bounded 7-page survey; not a quality rejection,Automatic title triage only
2025.findings-emnlp.1025,MaskCD: Mitigating LVLM Hallucinations by Image Head Masked Contrastive Decoding,https://aclanthology.org/2025.findings-emnlp.1025/,Excluded at automatic title triage,Multimodal or non-text-generation focus outside selected scope,Automatic title triage only
2025.findings-emnlp.1030,AirRAG: Autonomous Strategic Planning and Reasoning Steer Retrieval Augmented Generation,https://aclanthology.org/2025.findings-emnlp.1030/,Reserve - not individually abstract-screened,Not selected for bounded 7-page survey; not a quality rejection,Automatic title triage only
2025.findings-emnlp.1035,Evaluating Evaluation Metrics – The Mirage of Hallucination Detection,https://aclanthology.org/2025.findings-emnlp.1035/,Reserve - not individually abstract-screened,Not selected for bounded 7-page survey; not a quality rejection,Automatic title triage only
2025.findings-emnlp.1046,Adaptive Preference Optimization with Uncertainty-aware Utility Anchor,https://aclanthology.org/2025.findings-emnlp.1046/,Reserve - not individually abstract-screened,Not selected for bounded 7-page survey; not a quality rejection,Automatic title triage only
2025.findings-emnlp.1049,ClueAnchor: Clue-Anchored Knowledge Reasoning Exploration and Optimization for Retrieval-Augmented Generation,https://aclanthology.org/2025.findings-emnlp.1049/,Reserve - not individually abstract-screened,Not selected for bounded 7-page survey; not a quality rejection,Automatic title triage only
2025.findings-emnlp.1058,OVFact: Measuring and Improving Open-Vocabulary Factuality for Long Caption Models,https://aclanthology.org/2025.findings-emnlp.1058/,Reserve - not individually abstract-screened,Not selected for bounded 7-page survey; not a quality rejection,Automatic title triage only
2025.findings-emnlp.1073,DeepNote: Note-Centric Deep Retrieval-Augmented Generation,https://aclanthology.org/2025.findings-emnlp.1073/,Reserve - not individually abstract-screened,Not selected for bounded 7-page survey; not a quality rejection,Automatic title triage only
2025.findings-emnlp.1076,Token Preference Optimization with Self-Calibrated Visual-Anchored Rewards for Hallucination Mitigation,https://aclanthology.org/2025.findings-emnlp.1076/,Excluded at automatic title triage,Multimodal or non-text-generation focus outside selected scope,Automatic title triage only
2025.findings-emnlp.1081,Do LVLMs Know What They Know? A Systematic Study of Knowledge Boundary Perception in LVLMs,https://aclanthology.org/2025.findings-emnlp.1081/,Excluded at automatic title triage,Multimodal or non-text-generation focus outside selected scope,Automatic title triage only
2025.findings-emnlp.1110,RAR^2: Retrieval-Augmented Medical Reasoning via Thought-Driven Retrieval,https://aclanthology.org/2025.findings-emnlp.1110/,Reserve - not individually abstract-screened,Not selected for bounded 7-page survey; not a quality rejection,Automatic title triage only
2025.findings-emnlp.1116,Context Copying Modulation: The Role of Entropy Neurons in Managing Parametric and Contextual Knowledge Conflicts,https://aclanthology.org/2025.findings-emnlp.1116/,Reserve - not individually abstract-screened,Not selected for bounded 7-page survey; not a quality rejection,Automatic title triage only
2025.findings-emnlp.1119,GENUINE: Graph Enhanced Multi-level Uncertainty Estimation for Large Language Models,https://aclanthology.org/2025.findings-emnlp.1119/,Reserve - not individually abstract-screened,Not selected for bounded 7-page survey; not a quality rejection,Automatic title triage only
2025.findings-emnlp.1130,Pruning Weights but Not Truth: Safeguarding Truthfulness While Pruning LLMs,https://aclanthology.org/2025.findings-emnlp.1130/,Reserve - not individually abstract-screened,Not selected for bounded 7-page survey; not a quality rejection,Automatic title triage only
2025.findings-emnlp.1151,Controlled Retrieval-augmented Context Evaluation for Long-form RAG,https://aclanthology.org/2025.findings-emnlp.1151/,Reserve - not individually abstract-screened,Not selected for bounded 7-page survey; not a quality rejection,Automatic title triage only
2025.findings-emnlp.1158,HEAL: An Empirical Study on Hallucinations in Embodied Agents Driven by Large Language Models,https://aclanthology.org/2025.findings-emnlp.1158/,Reserve - not individually abstract-screened,Not selected for bounded 7-page survey; not a quality rejection,Automatic title triage only
2025.findings-emnlp.1162,Retrieval-Augmented Language Models are Mimetic Theorem Provers,https://aclanthology.org/2025.findings-emnlp.1162/,Reserve - not individually abstract-screened,Not selected for bounded 7-page survey; not a quality rejection,Automatic title triage only
2025.findings-emnlp.1163,LORE: Continual Logit Rewriting Fosters Faithful Generation,https://aclanthology.org/2025.findings-emnlp.1163/,Reserve - not individually abstract-screened,Not selected for bounded 7-page survey; not a quality rejection,Automatic title triage only
2025.findings-emnlp.1184,Evaluating Uncertainty Quantification Methods in Argumentative Large Language Models,https://aclanthology.org/2025.findings-emnlp.1184/,Reserve - not individually abstract-screened,Not selected for bounded 7-page survey; not a quality rejection,Automatic title triage only
2025.findings-emnlp.1196,Benchmarking Foundation Models with Retrieval-Augmented Generation in Olympic-Level Physics Problem Solving,https://aclanthology.org/2025.findings-emnlp.1196/,Reserve - not individually abstract-screened,Not selected for bounded 7-page survey; not a quality rejection,Automatic title triage only
2025.findings-emnlp.1247,A Comparison of Independent and Joint Fine-tuning Strategies for Retrieval-Augmented Generation,https://aclanthology.org/2025.findings-emnlp.1247/,Reserve - not individually abstract-screened,Not selected for bounded 7-page survey; not a quality rejection,Automatic title triage only
2025.findings-emnlp.1263,Do We Know What LLMs Don’t Know? A Study of Consistency in Knowledge Probing,https://aclanthology.org/2025.findings-emnlp.1263/,Reserve - not individually abstract-screened,Not selected for bounded 7-page survey; not a quality rejection,Automatic title triage only
2025.findings-emnlp.1265,DebUnc: Improving Large Language Model Agent Communication With Uncertainty Metrics,https://aclanthology.org/2025.findings-emnlp.1265/,Reserve - not individually abstract-screened,Not selected for bounded 7-page survey; not a quality rejection,Automatic title triage only
2025.findings-emnlp.1290,Mitigating Spurious Correlations via Counterfactual Contrastive Learning,https://aclanthology.org/2025.findings-emnlp.1290/,Excluded at automatic title triage,Term match refers primarily to a different task; can be revisited,Automatic title triage only
2025.findings-emnlp.1291,The RAG Paradox: A Black-Box Attack Exploiting Unintentional Vulnerabilities in Retrieval-Augmented Generation Systems,https://aclanthology.org/2025.findings-emnlp.1291/,Reserve - not individually abstract-screened,Not selected for bounded 7-page survey; not a quality rejection,Automatic title triage only
2025.findings-emnlp.1295,"FaStFact: Faster, Stronger Long-Form Factuality Evaluations in LLMs",https://aclanthology.org/2025.findings-emnlp.1295/,Reserve - not individually abstract-screened,Not selected for bounded 7-page survey; not a quality rejection,Automatic title triage only
2025.findings-emnlp.1339,Equipping Retrieval-Augmented Large Language Models with Document Structure Awareness,https://aclanthology.org/2025.findings-emnlp.1339/,Reserve - not individually abstract-screened,Not selected for bounded 7-page survey; not a quality rejection,Automatic title triage only
2025.findings-emnlp.1352,Mitigating Hallucination in Large Vision-Language Models through Aligning Attention Distribution to Information Flow,https://aclanthology.org/2025.findings-emnlp.1352/,Excluded at automatic title triage,Multimodal or non-text-generation focus outside selected scope,Automatic title triage only
2025.findings-emnlp.1362,Quantifying Uncertainty in Natural Language Explanations of Large Language Models for Question Answering,https://aclanthology.org/2025.findings-emnlp.1362/,Reserve - not individually abstract-screened,Not selected for bounded 7-page survey; not a quality rejection,Automatic title triage only
2025.findings-emnlp.1367,Uncertainty-Aware Answer Selection for Improved Reasoning in Multi-LLM Systems,https://aclanthology.org/2025.findings-emnlp.1367/,Reserve - not individually abstract-screened,Not selected for bounded 7-page survey; not a quality rejection,Automatic title triage only
2025.findings-emnlp.1370,RAC: Efficient LLM Factuality Correction with Retrieval Augmentation,https://aclanthology.org/2025.findings-emnlp.1370/,Reserve - not individually abstract-screened,Not selected for bounded 7-page survey; not a quality rejection,Automatic title triage only
2025.findings-emnlp.1380,Who’s the Author? How Explanations Impact User Reliance in AI-Assisted Authorship Attribution,https://aclanthology.org/2025.findings-emnlp.1380/,Excluded at automatic title triage,Term match refers primarily to a different task; can be revisited,Automatic title triage only
2025.findings-ijcnlp.20,HalluCounter: Reference-free LLM Hallucination Detection in the Wild!,https://aclanthology.org/2025.findings-ijcnlp.20/,Reserve - not individually abstract-screened,Not selected for bounded 7-page survey; not a quality rejection,Automatic title triage only
2025.findings-ijcnlp.37,Towards Attribution of Generators and Emotional Manipulation in Cross-Lingual Synthetic Speech using Geometric Learning,https://aclanthology.org/2025.findings-ijcnlp.37/,Excluded at automatic title triage,Multimodal or non-text-generation focus outside selected scope,Automatic title triage only
2025.findings-ijcnlp.42,DoubleDipper: Recycling Contexts for Efficient and Attributed In-Context Learning,https://aclanthology.org/2025.findings-ijcnlp.42/,Reserve - not individually abstract-screened,Not selected for bounded 7-page survey; not a quality rejection,Automatic title triage only
2025.findings-ijcnlp.57,TathyaNyaya and FactLegalLlama: Advancing Factual Judgment Prediction and Explanation in the Indian Legal Context,https://aclanthology.org/2025.findings-ijcnlp.57/,Reserve - not individually abstract-screened,Not selected for bounded 7-page survey; not a quality rejection,Automatic title triage only
2025.findings-ijcnlp.68,Learning from Hallucinations: Mitigating Hallucinations in LLMs via Internal Representation Intervention,https://aclanthology.org/2025.findings-ijcnlp.68/,Reserve - not individually abstract-screened,Not selected for bounded 7-page survey; not a quality rejection,Automatic title triage only
2025.findings-ijcnlp.80,TelcoAI: Advancing 3GPP Technical Specification Search through Agentic Multi-Modal Retrieval-Augmented Generation,https://aclanthology.org/2025.findings-ijcnlp.80/,Excluded at automatic title triage,Multimodal or non-text-generation focus outside selected scope,Automatic title triage only
2025.findings-ijcnlp.85,Reasoning Enhanced Missing Knowledge Retrieval Augmented Generation Framework for Domain Specific Question Answering,https://aclanthology.org/2025.findings-ijcnlp.85/,Reserve - not individually abstract-screened,Not selected for bounded 7-page survey; not a quality rejection,Automatic title triage only
2025.findings-ijcnlp.88,"LLMForum-RAG: A Multilingual, Multi-domain Framework for Factual Reasoning via Weighted Retrieval and LLM Collaboration",https://aclanthology.org/2025.findings-ijcnlp.88/,Reserve - not individually abstract-screened,Not selected for bounded 7-page survey; not a quality rejection,Automatic title triage only
2025.findings-ijcnlp.122,Reasoning RAG via System 1 or System 2: A Survey on Reasoning Agentic Retrieval-Augmented Generation for Industry Challenges,https://aclanthology.org/2025.findings-ijcnlp.122/,Reserve - not individually abstract-screened,Not selected for bounded 7-page survey; not a quality rejection,Automatic title triage only
2025.findings-ijcnlp.129,Consistency Is the Key: Detecting Hallucinations in LLM Generated Text By Checking Inconsistencies About Key Facts,https://aclanthology.org/2025.findings-ijcnlp.129/,Reserve - not individually abstract-screened,Not selected for bounded 7-page survey; not a quality rejection,Automatic title triage only
2025.findings-ijcnlp.143,High-Quality Complex Text-to-SQL Data Generation through Chain-of-Verification,https://aclanthology.org/2025.findings-ijcnlp.143/,Reserve - not individually abstract-screened,Not selected for bounded 7-page survey; not a quality rejection,Automatic title triage only
2025.tacl-1.11,Benchmarking Uncertainty Quantification Methods for Large Language Models with LM-Polygraph,https://aclanthology.org/2025.tacl-1.11/,Reserve - not individually abstract-screened,Not selected for bounded 7-page survey; not a quality rejection,Automatic title triage only
2025.tacl-1.26,Know Your Limits: A Survey of Abstention in Large Language Models,https://aclanthology.org/2025.tacl-1.26/,Reserve - not individually abstract-screened,Not selected for bounded 7-page survey; not a quality rejection,Automatic title triage only
2025.tacl-1.35,REAL Sampling: Boosting Factuality and Diversity of Open-ended Generation by Extrapolating the Entropy of an Infinitely Large LM,https://aclanthology.org/2025.tacl-1.35/,Reserve - not individually abstract-screened,Not selected for bounded 7-page survey; not a quality rejection,Automatic title triage only
2025.tacl-1.36,mt RAG: A Multi-Turn Conversational Benchmark for Evaluating Retrieval-Augmented Generation Systems,https://aclanthology.org/2025.tacl-1.36/,Reserve - not individually abstract-screened,Not selected for bounded 7-page survey; not a quality rejection,Automatic title triage only
2025.tacl-1.72,The Impact of Automatic Speech Transcription on Speaker Attribution,https://aclanthology.org/2025.tacl-1.72/,Excluded at automatic title triage,Multimodal or non-text-generation focus outside selected scope,Automatic title triage only
2026.acl-long.12,"Parallel Universes, Parallel Languages: A Comprehensive Study on LLM-based Multilingual Counterfactual Example Generation",https://aclanthology.org/2026.acl-long.12/,Excluded at automatic title triage,Term match refers primarily to a different task; can be revisited,Automatic title triage only
2026.acl-long.22,PR-XAI: PageRank-Based Feature Attribution for Transformers,https://aclanthology.org/2026.acl-long.22/,Excluded at automatic title triage,Term match refers primarily to a different task; can be revisited,Automatic title triage only
2026.acl-long.38,FastV-RAG: Towards Fast and Fine-Grained Video QA with Retrieval-Augmented Generation,https://aclanthology.org/2026.acl-long.38/,Excluded at automatic title triage,Multimodal or non-text-generation focus outside selected scope,Automatic title triage only
2026.acl-long.63,PrefixNLI: Detecting Factual Inconsistencies as Soon as They Arise,https://aclanthology.org/2026.acl-long.63/,Included,Title/abstract screened; selected for mechanism and evaluation coverage,Title/abstract
2026.acl-long.64,RAM-SD: Retrieval-Augmented Multi-agent framework for Sarcasm Detection,https://aclanthology.org/2026.acl-long.64/,Reserve - not individually abstract-screened,Not selected for bounded 7-page survey; not a quality rejection,Automatic title triage only
2026.acl-long.73,Logic Matters in Lightweight Hallucination Classification for RAG System,https://aclanthology.org/2026.acl-long.73/,Reserve - not individually abstract-screened,Not selected for bounded 7-page survey; not a quality rejection,Automatic title triage only
2026.acl-long.89,Mitigating Hallucinations in Large Vision-Language Models without Performance Degradation,https://aclanthology.org/2026.acl-long.89/,Excluded at automatic title triage,Multimodal or non-text-generation focus outside selected scope,Automatic title triage only
2026.acl-long.95,Quantifying Aleatoric Uncertainty of In-Context Learning for Robust Measure of LLM Prediction Confidence,https://aclanthology.org/2026.acl-long.95/,Reserve - not individually abstract-screened,Not selected for bounded 7-page survey; not a quality rejection,Automatic title triage only
2026.acl-long.103,ChatR1: Reinforcement Learning for Conversational Reasoning and Retrieval Augmented Question Answering,https://aclanthology.org/2026.acl-long.103/,Reserve - not individually abstract-screened,Not selected for bounded 7-page survey; not a quality rejection,Automatic title triage only
2026.acl-long.143,CiPO: Counterfactual Unlearning for Large Reasoning Models through Iterative Preference Optimization,https://aclanthology.org/2026.acl-long.143/,Excluded at automatic title triage,Term match refers primarily to a different task; can be revisited,Automatic title triage only
2026.acl-long.175,Mask-to-Correct^+: Leveraging Retriever Diversity for Masking-guided Faithful Fact Correction,https://aclanthology.org/2026.acl-long.175/,Reserve - not individually abstract-screened,Not selected for bounded 7-page survey; not a quality rejection,Automatic title triage only
2026.acl-long.177,UniversalRAG: Retrieval-Augmented Generation over Corpora of Diverse Modalities and Granularities,https://aclanthology.org/2026.acl-long.177/,Reserve - not individually abstract-screened,Not selected for bounded 7-page survey; not a quality rejection,Automatic title triage only
2026.acl-long.189,Disco-RAG: Discourse-Aware Retrieval-Augmented Generation,https://aclanthology.org/2026.acl-long.189/,Reserve - not individually abstract-screened,Not selected for bounded 7-page survey; not a quality rejection,Automatic title triage only
2026.acl-long.192,Guaranteeing Knowledge Integration with Joint Decoding for Retrieval-Augmented Generation,https://aclanthology.org/2026.acl-long.192/,Reserve - not individually abstract-screened,Not selected for bounded 7-page survey; not a quality rejection,Automatic title triage only
2026.acl-long.203,Illusions of Confidence? Diagnosing LLM Truthfulness via Neighborhood Consistency,https://aclanthology.org/2026.acl-long.203/,Reserve - not individually abstract-screened,Not selected for bounded 7-page survey; not a quality rejection,Automatic title triage only
2026.acl-long.204,Scaling Beyond Context: A Survey of Multimodal Retrieval-Augmented Generation for Document Understanding,https://aclanthology.org/2026.acl-long.204/,Excluded at automatic title triage,Multimodal or non-text-generation focus outside selected scope,Automatic title triage only
2026.acl-long.208,Open Schrödinger’s Closed Box: Identifying Retrieval Augmented Generation in API-Accessible Large Language Model Services,https://aclanthology.org/2026.acl-long.208/,Reserve - not individually abstract-screened,Not selected for bounded 7-page survey; not a quality rejection,Automatic title triage only
2026.acl-long.216,D^2Plan: Dual-Agent Dynamic Global Planning for Complex Retrieval-Augmented Reasoning,https://aclanthology.org/2026.acl-long.216/,Reserve - not individually abstract-screened,Not selected for bounded 7-page survey; not a quality rejection,Automatic title triage only
2026.acl-long.242,Retrievals Can Be Detrimental: Unveiling the Backdoor Vulnerability of Retrieval-Augmented Diffusion Models,https://aclanthology.org/2026.acl-long.242/,Reserve - not individually abstract-screened,Not selected for bounded 7-page survey; not a quality rejection,Automatic title triage only
2026.acl-long.252,LogicPoison: Logical Attacks on Graph Retrieval-Augmented Generation,https://aclanthology.org/2026.acl-long.252/,Reserve - not individually abstract-screened,Not selected for bounded 7-page survey; not a quality rejection,Automatic title triage only
2026.acl-long.258,Compete to Complete: Co-opetition Adversarial Learning for Retrieval-Augmented Generation,https://aclanthology.org/2026.acl-long.258/,Reserve - not individually abstract-screened,Not selected for bounded 7-page survey; not a quality rejection,Automatic title triage only
2026.acl-long.259,Demystifying Uncertainty in LLMs: Active Calibration between Concepts and Human Evaluations,https://aclanthology.org/2026.acl-long.259/,Reserve - not individually abstract-screened,Not selected for bounded 7-page survey; not a quality rejection,Automatic title triage only
2026.acl-long.260,LLM-VA: Resolving the Jailbreak-Overrefusal Trade-off via Vector Alignment,https://aclanthology.org/2026.acl-long.260/,Reserve - not individually abstract-screened,Not selected for bounded 7-page survey; not a quality rejection,Automatic title triage only
2026.acl-long.282,CiteGuard: Faithful Citation Attribution for LLMs via Retrieval-Augmented Validation,https://aclanthology.org/2026.acl-long.282/,Reserve - not individually abstract-screened,Not selected for bounded 7-page survey; not a quality rejection,Automatic title triage only
2026.acl-long.286,Logical Consistency as a Bridge: Improving LLM Hallucination Detection via Label Constraint Modeling between Responses and Self-Judgments,https://aclanthology.org/2026.acl-long.286/,Reserve - not individually abstract-screened,Not selected for bounded 7-page survey; not a quality rejection,Automatic title triage only
2026.acl-long.300,Faithful Serum: Mitigating the Faithfulness Gap in Textual Explanations of LLM Decisions via Attribution Guidance,https://aclanthology.org/2026.acl-long.300/,Reserve - not individually abstract-screened,Not selected for bounded 7-page survey; not a quality rejection,Automatic title triage only
2026.acl-long.302,Don’t Be Misled by Style: A Style-Adaptive Reranker for Capturing Effective Knowledge in Retrieval-Augmented Generation,https://aclanthology.org/2026.acl-long.302/,Reserve - not individually abstract-screened,Not selected for bounded 7-page survey; not a quality rejection,Automatic title triage only
2026.acl-long.312,LAFaCT: Attribution-based Localization and Focused Sequential Analysis of Fact-Critical Tokens for Hallucination Detection,https://aclanthology.org/2026.acl-long.312/,Reserve - not individually abstract-screened,Not selected for bounded 7-page survey; not a quality rejection,Automatic title triage only
2026.acl-long.329,STEM: Structure-Tracing Evidence Mining for Knowledge Graphs-Driven Retrieval-Augmented Generation,https://aclanthology.org/2026.acl-long.329/,Reserve - not individually abstract-screened,Not selected for bounded 7-page survey; not a quality rejection,Automatic title triage only
2026.acl-long.376,The Reasoning Trap: How Enhancing LLM Reasoning Amplifies Tool Hallucination,https://aclanthology.org/2026.acl-long.376/,Reserve - not individually abstract-screened,Not selected for bounded 7-page survey; not a quality rejection,Automatic title triage only
2026.acl-long.391,MulVul: Retrieval-augmented Multi-Agent Code Vulnerability Detection via Cross-Model Prompt Evolution,https://aclanthology.org/2026.acl-long.391/,Reserve - not individually abstract-screened,Not selected for bounded 7-page survey; not a quality rejection,Automatic title triage only
2026.acl-long.434,AGSC: Adaptive Granularity and Semantic Clustering for Uncertainty Quantification in Long-text Generation,https://aclanthology.org/2026.acl-long.434/,Reserve - not individually abstract-screened,Not selected for bounded 7-page survey; not a quality rejection,Automatic title triage only
2026.acl-long.445,TRACE: Traversal Retrieval-Augmented Chain of Evidence for Document Understanding,https://aclanthology.org/2026.acl-long.445/,Reserve - not individually abstract-screened,Not selected for bounded 7-page survey; not a quality rejection,Automatic title triage only
2026.acl-long.449,ThinkPersona: Thinking with Persona Graphs for Faithful Individualized Role-Playing,https://aclanthology.org/2026.acl-long.449/,Reserve - not individually abstract-screened,Not selected for bounded 7-page survey; not a quality rejection,Automatic title triage only
2026.acl-long.466,GKnow: Measuring the Entanglement of Gender Bias and Factual Gender,https://aclanthology.org/2026.acl-long.466/,Reserve - not individually abstract-screened,Not selected for bounded 7-page survey; not a quality rejection,Automatic title triage only
2026.acl-long.492,All That Glisters Is Not Gold: A Benchmark for Reference-Free Counterfactual Financial Misinformation Detection,https://aclanthology.org/2026.acl-long.492/,Excluded at automatic title triage,Term match refers primarily to a different task; can be revisited,Automatic title triage only
2026.acl-long.547,"Beyond ""I Don’t Know"": Evaluating LLM Self-Awareness in Discriminating Data and Model Uncertainty",https://aclanthology.org/2026.acl-long.547/,Reserve - not individually abstract-screened,Not selected for bounded 7-page survey; not a quality rejection,Automatic title triage only
2026.acl-long.553,Diffusion-CAM: Faithful Visual Explanations for dMLLMs,https://aclanthology.org/2026.acl-long.553/,Excluded at automatic title triage,Multimodal or non-text-generation focus outside selected scope,Automatic title triage only
2026.acl-long.554,Beyond Noise: Characterizing Creative Potential in Unverifiable LLM Hallucinations,https://aclanthology.org/2026.acl-long.554/,Reserve - not individually abstract-screened,Not selected for bounded 7-page survey; not a quality rejection,Automatic title triage only
2026.acl-long.602,RoboFailRing: Retrieval-Augmented and Language Grounding Failure Detection for VLM-enabled Robotic Manipulation,https://aclanthology.org/2026.acl-long.602/,Excluded at automatic title triage,Multimodal or non-text-generation focus outside selected scope,Automatic title triage only
2026.acl-long.606,IUQ: Interrogative Uncertainty Quantification for Long-Form Large Language Model Generation,https://aclanthology.org/2026.acl-long.606/,Reserve - not individually abstract-screened,Not selected for bounded 7-page survey; not a quality rejection,Automatic title triage only
2026.acl-long.608,Answering the Wrong Question: Reasoning Trace Inversion for Abstention in LLMs,https://aclanthology.org/2026.acl-long.608/,Reserve - not individually abstract-screened,Not selected for bounded 7-page survey; not a quality rejection,Automatic title triage only
2026.acl-long.612,Reinforced Informativeness Optimization for Long-Form Retrieval-Augmented Generation,https://aclanthology.org/2026.acl-long.612/,Reserve - not individually abstract-screened,Not selected for bounded 7-page survey; not a quality rejection,Automatic title triage only
2026.acl-long.627,Can Factual Opinions Be Edited (Manipulated) in Large Language Models?,https://aclanthology.org/2026.acl-long.627/,Reserve - not individually abstract-screened,Not selected for bounded 7-page survey; not a quality rejection,Automatic title triage only
2026.acl-long.633,Mitigating Legal Hallucinations via Symbolic Constraints and Analogical Precedents,https://aclanthology.org/2026.acl-long.633/,Reserve - not individually abstract-screened,Not selected for bounded 7-page survey; not a quality rejection,Automatic title triage only
2026.acl-long.642,When Seeing Overrides Knowing: Disentangling Knowledge Conflicts in Vision-Language Models,https://aclanthology.org/2026.acl-long.642/,Excluded at automatic title triage,Multimodal or non-text-generation focus outside selected scope,Automatic title triage only
2026.acl-long.653,ReFEree: Reference-Free and Fine-Grained Method for Evaluating Factual Consistency in Real-World Code Summarization,https://aclanthology.org/2026.acl-long.653/,Reserve - not individually abstract-screened,Not selected for bounded 7-page survey; not a quality rejection,Automatic title triage only
2026.acl-long.654,MeanAudio: Fast and Faithful Text-to-Audio Generation with Mean Flows,https://aclanthology.org/2026.acl-long.654/,Excluded at automatic title triage,Multimodal or non-text-generation focus outside selected scope,Automatic title triage only
2026.acl-long.661,SARA: Selective and Adaptive Retrieval-augmented Generation with Context Compression,https://aclanthology.org/2026.acl-long.661/,Reserve - not individually abstract-screened,Not selected for bounded 7-page survey; not a quality rejection,Automatic title triage only
2026.acl-long.680,"Rethinking Evaluation for LLM Hallucination Detection: A Desiderata, A New RAG-based Benchmark, New Insights",https://aclanthology.org/2026.acl-long.680/,Included,Title/abstract screened; selected for mechanism and evaluation coverage,Title/abstract
2026.acl-long.704,Hallucination Detection in LLMs with Topological Divergence on Attention Graphs,https://aclanthology.org/2026.acl-long.704/,Reserve - not individually abstract-screened,Not selected for bounded 7-page survey; not a quality rejection,Automatic title triage only
2026.acl-long.721,HAT: Hallucination Annotation for Translation,https://aclanthology.org/2026.acl-long.721/,Reserve - not individually abstract-screened,Not selected for bounded 7-page survey; not a quality rejection,Automatic title triage only
2026.acl-long.723,Language Models Don’t Know What You Want: Evaluating Personalization in Deep Research Needs Real Users,https://aclanthology.org/2026.acl-long.723/,Reserve - not individually abstract-screened,Not selected for bounded 7-page survey; not a quality rejection,Automatic title triage only
2026.acl-long.737,Every Response Counts: Quantifying Uncertainty of LLM-based Multi-Agent Systems through Tensor Decomposition,https://aclanthology.org/2026.acl-long.737/,Reserve - not individually abstract-screened,Not selected for bounded 7-page survey; not a quality rejection,Automatic title triage only
2026.acl-long.738,"Uncertainty Quantification in LLM Agents: Foundations, Emerging Challenges, and Opportunities",https://aclanthology.org/2026.acl-long.738/,Reserve - not individually abstract-screened,Not selected for bounded 7-page survey; not a quality rejection,Automatic title triage only
2026.acl-long.753,Text-Attributed Knowledge Graph Enrichment with Large Language Models for Medical Concept Representation,https://aclanthology.org/2026.acl-long.753/,Excluded at automatic title triage,Term match refers primarily to a different task; can be revisited,Automatic title triage only
2026.acl-long.755,ViDoRe V3: A Comprehensive Evaluation of Retrieval Augmented Generation in Complex Real-World Scenarios,https://aclanthology.org/2026.acl-long.755/,Reserve - not individually abstract-screened,Not selected for bounded 7-page survey; not a quality rejection,Automatic title triage only
2026.acl-long.814,LCR-RAG: Enhancing Logical Consistency in Retrieval-Augmented Generation via Neuro-symbolic Reinforcement Learning,https://aclanthology.org/2026.acl-long.814/,Reserve - not individually abstract-screened,Not selected for bounded 7-page survey; not a quality rejection,Automatic title triage only
2026.acl-long.885,RFS-Guard: Detecting Reasoning Hallucinations via Cross-Phase Routing Focus in Large Reasoning Models,https://aclanthology.org/2026.acl-long.885/,Reserve - not individually abstract-screened,Not selected for bounded 7-page survey; not a quality rejection,Automatic title triage only
2026.acl-long.892,Knowledge Poisoning Attacks on Medical Multi-Modal Retrieval-Augmented Generation,https://aclanthology.org/2026.acl-long.892/,Excluded at automatic title triage,Multimodal or non-text-generation focus outside selected scope,Automatic title triage only
2026.acl-long.899,ReFL: Reflective Feedback Learning for Hallucination Detection of Large Language Models,https://aclanthology.org/2026.acl-long.899/,Included,Title/abstract screened; selected for mechanism and evaluation coverage,Title/abstract
2026.acl-long.902,HiGoE: Hierarchical Graph of Evidence to Enhance Retrieval-Augmented Generation for Long-context Summarization,https://aclanthology.org/2026.acl-long.902/,Reserve - not individually abstract-screened,Not selected for bounded 7-page survey; not a quality rejection,Automatic title triage only
2026.acl-long.912,Seeing the Whole Elephant: A Benchmark for Failure Attribution in LLM-based Multi-Agent Systems,https://aclanthology.org/2026.acl-long.912/,Reserve - not individually abstract-screened,Not selected for bounded 7-page survey; not a quality rejection,Automatic title triage only
2026.acl-long.914,Why LLMs Hallucinate on Structured Knowledge: A Mechanistic Analysis of Reasoning over Linearized Representations,https://aclanthology.org/2026.acl-long.914/,Reserve - not individually abstract-screened,Not selected for bounded 7-page survey; not a quality rejection,Automatic title triage only
2026.acl-long.939,R^3AG: Retriever Routing for Retrieval-Augmented Generation,https://aclanthology.org/2026.acl-long.939/,Reserve - not individually abstract-screened,Not selected for bounded 7-page survey; not a quality rejection,Automatic title triage only
2026.acl-long.940,ClusterRAG: Cluster-Based Collaborative Filtering for Personalized Retrieval-Augmented Generation,https://aclanthology.org/2026.acl-long.940/,Reserve - not individually abstract-screened,Not selected for bounded 7-page survey; not a quality rejection,Automatic title triage only
2026.acl-long.993,The Digital Dunning-Kruger Effect: Decoupling Hallucinations via Geometric Hidden-state Observation for Semantic Truthfulness,https://aclanthology.org/2026.acl-long.993/,Reserve - not individually abstract-screened,Not selected for bounded 7-page survey; not a quality rejection,Automatic title triage only
2026.acl-long.1013,Efficient Prior-Guided Reasoning for Robust Retrieval-Augmented Generation under Conflicts,https://aclanthology.org/2026.acl-long.1013/,Reserve - not individually abstract-screened,Not selected for bounded 7-page survey; not a quality rejection,Automatic title triage only
2026.acl-long.1058,MUR: Momentum Uncertainty guided Reasoning for Large Language Models,https://aclanthology.org/2026.acl-long.1058/,Reserve - not individually abstract-screened,Not selected for bounded 7-page survey; not a quality rejection,Automatic title triage only
2026.acl-long.1065,PAR: Training-Free Positional Perturbation and Attention Recycling for Faithful OCR,https://aclanthology.org/2026.acl-long.1065/,Excluded at automatic title triage,Multimodal or non-text-generation focus outside selected scope,Automatic title triage only
2026.acl-long.1078,VIB-Probe: Detecting and Mitigating Hallucinations in Vision-Language Models via Variational Information Bottleneck,https://aclanthology.org/2026.acl-long.1078/,Excluded at automatic title triage,Multimodal or non-text-generation focus outside selected scope,Automatic title triage only
2026.acl-long.1142,Mitigating Action-Relation Hallucinations in LVLMs via Relation-aware Visual Enhancement,https://aclanthology.org/2026.acl-long.1142/,Excluded at automatic title triage,Multimodal or non-text-generation focus outside selected scope,Automatic title triage only
2026.acl-long.1150,Locomo-Plus: Beyond-Factual Cognitive Memory Evaluation Framework for LLM Agents,https://aclanthology.org/2026.acl-long.1150/,Reserve - not individually abstract-screened,Not selected for bounded 7-page survey; not a quality rejection,Automatic title triage only
2026.acl-long.1159,TPA: Next Token Probability Attribution for Detecting Hallucinations in RAG,https://aclanthology.org/2026.acl-long.1159/,Reserve - not individually abstract-screened,Not selected for bounded 7-page survey; not a quality rejection,Automatic title triage only
2026.acl-long.1164,Chart-MRAG: Benchmarking Multimodal Retrieval Augmented Generation on Chart-based Documents,https://aclanthology.org/2026.acl-long.1164/,Excluded at automatic title triage,Multimodal or non-text-generation focus outside selected scope,Automatic title triage only
2026.acl-long.1173,Two Pathways to Truthfulness: On the Intrinsic Encoding of LLM Hallucinations,https://aclanthology.org/2026.acl-long.1173/,Reserve - not individually abstract-screened,Not selected for bounded 7-page survey; not a quality rejection,Automatic title triage only
2026.acl-long.1180,Re^3: Relevance & Recency Retrieval for Mitigating Temporal Hallucination,https://aclanthology.org/2026.acl-long.1180/,Reserve - not individually abstract-screened,Not selected for bounded 7-page survey; not a quality rejection,Automatic title triage only
2026.acl-long.1185,S2G-RAG: Structured Sufficiency and Gap Judging for Iterative Retrieval-Augmented QA,https://aclanthology.org/2026.acl-long.1185/,Reserve - not individually abstract-screened,Not selected for bounded 7-page survey; not a quality rejection,Automatic title triage only
2026.acl-long.1188,Stable-RAG: Mitigating Retrieval-Permutation-Induced Hallucinations in Retrieval-Augmented Generation,https://aclanthology.org/2026.acl-long.1188/,Included,Title/abstract screened; selected for mechanism and evaluation coverage,Title/abstract
2026.acl-long.1226,Think Parallax: Solving Multi-Hop Problems via Multi-View Knowledge-Graph-Based Retrieval-Augmented Generation,https://aclanthology.org/2026.acl-long.1226/,Reserve - not individually abstract-screened,Not selected for bounded 7-page survey; not a quality rejection,Automatic title triage only
2026.acl-long.1230,Extending First-Order Logic for Factual Reasoning over Knowledge Graphs,https://aclanthology.org/2026.acl-long.1230/,Reserve - not individually abstract-screened,Not selected for bounded 7-page survey; not a quality rejection,Automatic title triage only
2026.acl-long.1245,Attention Weights as an Indicator: Analyzing and Improving Document Utilization in Retrieval-Augmented Generation,https://aclanthology.org/2026.acl-long.1245/,Reserve - not individually abstract-screened,Not selected for bounded 7-page survey; not a quality rejection,Automatic title triage only
2026.acl-long.1273,Achieving Multi-Hop Calculation and Safe Abstention in Financial Numerical Reasoning by Metric Graph Constrained LLMs,https://aclanthology.org/2026.acl-long.1273/,Reserve - not individually abstract-screened,Not selected for bounded 7-page survey; not a quality rejection,Automatic title triage only
2026.acl-long.1280,Learning More from Less: Exploiting Counterfactuals for Data-Efficient Chart Understanding,https://aclanthology.org/2026.acl-long.1280/,Excluded at automatic title triage,Term match refers primarily to a different task; can be revisited,Automatic title triage only
2026.acl-long.1284,MemBuilder: Reinforcing LLMs for Long-Term Memory Construction via Attributed Dense Rewards,https://aclanthology.org/2026.acl-long.1284/,Reserve - not individually abstract-screened,Not selected for bounded 7-page survey; not a quality rejection,Automatic title triage only
2026.acl-long.1307,Benchmarking Deflection and Hallucination in Large Vision-Language Models,https://aclanthology.org/2026.acl-long.1307/,Excluded at automatic title triage,Multimodal or non-text-generation focus outside selected scope,Automatic title triage only
2026.acl-long.1323,FactVerse: A Benchmark for Factual Consistency in Interleaved Image–Text Generation,https://aclanthology.org/2026.acl-long.1323/,Excluded at automatic title triage,Multimodal or non-text-generation focus outside selected scope,Automatic title triage only
2026.acl-long.1327,Latent Attention Denoising: A Training-Free Energy-Based Framework for Mitigating Hallucinations in Vision-Language Models,https://aclanthology.org/2026.acl-long.1327/,Excluded at automatic title triage,Multimodal or non-text-generation focus outside selected scope,Automatic title triage only
2026.acl-long.1353,LLMs as Knowledge Graph Refiners: Mitigating Factual Inconsistencies in Generative Knowledge Extraction,https://aclanthology.org/2026.acl-long.1353/,Reserve - not individually abstract-screened,Not selected for bounded 7-page survey; not a quality rejection,Automatic title triage only
2026.acl-long.1357,Whose Facts Win? LLM Source Preferences under Knowledge Conflicts,https://aclanthology.org/2026.acl-long.1357/,Included,Title/abstract screened; selected for mechanism and evaluation coverage,Title/abstract
2026.acl-long.1365,LLMs (Almost) Never Abstain Under Medical Uncertainty,https://aclanthology.org/2026.acl-long.1365/,Reserve - not individually abstract-screened,Not selected for bounded 7-page survey; not a quality rejection,Automatic title triage only
2026.acl-long.1372,HiChunk: Evaluating and Enhancing Retrieval Augmented Generation with Hierarchical Chunking,https://aclanthology.org/2026.acl-long.1372/,Reserve - not individually abstract-screened,Not selected for bounded 7-page survey; not a quality rejection,Automatic title triage only
2026.acl-long.1397,Beyond Explicit Refusals: Soft-Failure Attacks on Retrieval-Augmented Generation,https://aclanthology.org/2026.acl-long.1397/,Reserve - not individually abstract-screened,Not selected for bounded 7-page survey; not a quality rejection,Automatic title triage only
2026.acl-long.1398,Compressing LLM Knowledge into Graph Representations for Text-attributed Graphs Learning,https://aclanthology.org/2026.acl-long.1398/,Excluded at automatic title triage,Term match refers primarily to a different task; can be revisited,Automatic title triage only
2026.acl-long.1405,Generating Attribution Reports for Manipulated Facial Images: A Dataset and Baseline,https://aclanthology.org/2026.acl-long.1405/,Excluded at automatic title triage,Multimodal or non-text-generation focus outside selected scope,Automatic title triage only
2026.acl-long.1430,"Attribution, Citation, and Quotation: A Survey of Evidence-based Text Generation with Large Language Models",https://aclanthology.org/2026.acl-long.1430/,Reserve - not individually abstract-screened,Not selected for bounded 7-page survey; not a quality rejection,Automatic title triage only
2026.acl-long.1434,GASE: Graph-Aware Semantic Embedding Learning with Frozen LLMs for Text-Attributed Graphs,https://aclanthology.org/2026.acl-long.1434/,Excluded at automatic title triage,Term match refers primarily to a different task; can be revisited,Automatic title triage only
2026.acl-long.1440,Verify Before You Commit: Towards Faithful Reasoning in LLM Agents via Self-Auditing,https://aclanthology.org/2026.acl-long.1440/,Reserve - not individually abstract-screened,Not selected for bounded 7-page survey; not a quality rejection,Automatic title triage only
2026.acl-long.1449,CITE: Benchmarking Heterogeneous Text-Attributed Graph Models,https://aclanthology.org/2026.acl-long.1449/,Excluded at automatic title triage,Term match refers primarily to a different task; can be revisited,Automatic title triage only
2026.acl-long.1450,MM-StanceDet: Retrieval-Augmented Multi-modal Multi-agent Stance Detection,https://aclanthology.org/2026.acl-long.1450/,Excluded at automatic title triage,Term match refers primarily to a different task; can be revisited,Automatic title triage only
2026.acl-long.1451,Disentangling Reasoning Logic to Resolve Explicit Knowledge Conflicts,https://aclanthology.org/2026.acl-long.1451/,Reserve - not individually abstract-screened,Not selected for bounded 7-page survey; not a quality rejection,Automatic title triage only
2026.acl-long.1467,Optimizing User Profiles via Contextual Bandits for Retrieval-Augmented LLM Personalization,https://aclanthology.org/2026.acl-long.1467/,Reserve - not individually abstract-screened,Not selected for bounded 7-page survey; not a quality rejection,Automatic title triage only
2026.acl-long.1468,Teaching Language Models to Check Grounded Claim Factuality with Human Test-Taking Strategies,https://aclanthology.org/2026.acl-long.1468/,Reserve - not individually abstract-screened,Not selected for bounded 7-page survey; not a quality rejection,Automatic title triage only
2026.acl-long.1472,Stress Testing Factual Consistency Metrics for Long-Document Summarization,https://aclanthology.org/2026.acl-long.1472/,Reserve - not individually abstract-screened,Not selected for bounded 7-page survey; not a quality rejection,Automatic title triage only
2026.acl-long.1475,LLM-Generated Text May Harm Your Retrieval! A Robust Detection Strategy for Retrieval-Augmented Generation,https://aclanthology.org/2026.acl-long.1475/,Reserve - not individually abstract-screened,Not selected for bounded 7-page survey; not a quality rejection,Automatic title triage only
2026.acl-long.1489,De-Anonymization at Scale via Tournament-Style Attribution,https://aclanthology.org/2026.acl-long.1489/,Reserve - not individually abstract-screened,Not selected for bounded 7-page survey; not a quality rejection,Automatic title triage only
2026.acl-long.1491,StratMem-Bench: Evaluating Strategic Memory Use in Virtual Character Conversation Beyond Factual Recall,https://aclanthology.org/2026.acl-long.1491/,Reserve - not individually abstract-screened,Not selected for bounded 7-page survey; not a quality rejection,Automatic title triage only
2026.acl-long.1492,RLSeek: Evidence-Grounded Reasoning for RAG Hallucination Detection,https://aclanthology.org/2026.acl-long.1492/,Reserve - not individually abstract-screened,Not selected for bounded 7-page survey; not a quality rejection,Automatic title triage only
2026.acl-long.1502,Diagnosing Hidden Instabilities in Model Editing via Uncertainty Quantification,https://aclanthology.org/2026.acl-long.1502/,Reserve - not individually abstract-screened,Not selected for bounded 7-page survey; not a quality rejection,Automatic title triage only
2026.acl-long.1511,Quantifying and Understanding Uncertainty in Large Reasoning Models,https://aclanthology.org/2026.acl-long.1511/,Reserve - not individually abstract-screened,Not selected for bounded 7-page survey; not a quality rejection,Automatic title triage only
2026.acl-long.1540,Mitigating Lost in Multi-turn Conversation via Curriculum RL with Verifiable Accuracy and Abstention Rewards,https://aclanthology.org/2026.acl-long.1540/,Reserve - not individually abstract-screened,Not selected for bounded 7-page survey; not a quality rejection,Automatic title triage only
2026.acl-long.1542,Anchoring the Cache: Mitigating Contextual Hallucination in KV-Compressed Long-Context Summarization,https://aclanthology.org/2026.acl-long.1542/,Reserve - not individually abstract-screened,Not selected for bounded 7-page survey; not a quality rejection,Automatic title triage only
2026.acl-long.1545,Quantifying and Improving the Robustness of Retrieval-Augmented Language Models Against Spurious Features in Grounding Data,https://aclanthology.org/2026.acl-long.1545/,Reserve - not individually abstract-screened,Not selected for bounded 7-page survey; not a quality rejection,Automatic title triage only
2026.acl-long.1551,"PRISM: Probing Reasoning, Instruction, and Source Memory in LLM Hallucinations",https://aclanthology.org/2026.acl-long.1551/,Reserve - not individually abstract-screened,Not selected for bounded 7-page survey; not a quality rejection,Automatic title triage only
2026.acl-long.1552,VC-Inspector: Advancing Reference-free Evaluation of Video Captions with Factual Analysis,https://aclanthology.org/2026.acl-long.1552/,Excluded at automatic title triage,Multimodal or non-text-generation focus outside selected scope,Automatic title triage only
2026.acl-long.1567,CURA: Clinical Uncertainty Risk Alignment for Language Model–Based Risk Prediction,https://aclanthology.org/2026.acl-long.1567/,Reserve - not individually abstract-screened,Not selected for bounded 7-page survey; not a quality rejection,Automatic title triage only
2026.acl-long.1571,ART: Attention Replacement Technique to Improve Factuality in LLMs,https://aclanthology.org/2026.acl-long.1571/,Reserve - not individually abstract-screened,Not selected for bounded 7-page survey; not a quality rejection,Automatic title triage only
2026.acl-long.1586,DeepFact: Co-Evolving Benchmarks and Agents for Deep Research Factuality,https://aclanthology.org/2026.acl-long.1586/,Reserve - not individually abstract-screened,Not selected for bounded 7-page survey; not a quality rejection,Automatic title triage only
2026.acl-long.1612,TrustTable: A Neuro-Symbolic Auditing Framework for Faithful Table QA,https://aclanthology.org/2026.acl-long.1612/,Reserve - not individually abstract-screened,Not selected for bounded 7-page survey; not a quality rejection,Automatic title triage only
2026.acl-long.1620,Utility-Oriented Visual Evidence Selection for Multimodal Retrieval-Augmented Generation,https://aclanthology.org/2026.acl-long.1620/,Excluded at automatic title triage,Multimodal or non-text-generation focus outside selected scope,Automatic title triage only
2026.acl-long.1651,Debate-of-Thoughts: Resolving Knowledge Conflicts in LLMs Through Internal Deliberation,https://aclanthology.org/2026.acl-long.1651/,Reserve - not individually abstract-screened,Not selected for bounded 7-page survey; not a quality rejection,Automatic title triage only
2026.acl-long.1665,DUD: Decoupled Update Dynamics for Reliable Uncertainty Quantification in Large Language Models,https://aclanthology.org/2026.acl-long.1665/,Reserve - not individually abstract-screened,Not selected for bounded 7-page survey; not a quality rejection,Automatic title triage only
2026.acl-long.1707,ARCHITECT: Uncertainty-Aware Dynamic Tool Learning via Causal Intervention for Open-World Agents,https://aclanthology.org/2026.acl-long.1707/,Reserve - not individually abstract-screened,Not selected for bounded 7-page survey; not a quality rejection,Automatic title triage only
2026.acl-long.1738,LegalGraphRAG: Multi-Agent Graph Retrieval-Augmented Generation for Reliable Legal Reasoning,https://aclanthology.org/2026.acl-long.1738/,Reserve - not individually abstract-screened,Not selected for bounded 7-page survey; not a quality rejection,Automatic title triage only
2026.acl-long.1742,DiVE: Decoupling Intra-layer Visual Evidence for Mitigating Hallucinations in Large Vision-Language Models,https://aclanthology.org/2026.acl-long.1742/,Excluded at automatic title triage,Multimodal or non-text-generation focus outside selected scope,Automatic title triage only
2026.acl-long.1759,Mitigating Over-Refusal in Aligned Large Language Models via Inference-Time Activation Energy,https://aclanthology.org/2026.acl-long.1759/,Reserve - not individually abstract-screened,Not selected for bounded 7-page survey; not a quality rejection,Automatic title triage only
2026.acl-long.1780,CheckRLM: Effective Knowledge–Thought Coherence Checking in Retrieval-Augmented Reasoning,https://aclanthology.org/2026.acl-long.1780/,Reserve - not individually abstract-screened,Not selected for bounded 7-page survey; not a quality rejection,Automatic title triage only
2026.acl-long.1782,Vocabulary Hijacking in LVLMs: Unveiling Critical Attention Heads by Excluding Inert Tokens to Mitigate Hallucination,https://aclanthology.org/2026.acl-long.1782/,Excluded at automatic title triage,Multimodal or non-text-generation focus outside selected scope,Automatic title triage only
2026.acl-long.1784,Vision-Language Introspection: Mitigating Overconfident Hallucinations in MLLMs via Interpretable Bi-Causal Steering,https://aclanthology.org/2026.acl-long.1784/,Excluded at automatic title triage,Multimodal or non-text-generation focus outside selected scope,Automatic title triage only
2026.acl-long.1797,HalluAudio: A Comprehensive Benchmark for Hallucination Detection in Large Audio-Language Models,https://aclanthology.org/2026.acl-long.1797/,Excluded at automatic title triage,Multimodal or non-text-generation focus outside selected scope,Automatic title triage only
2026.acl-long.1801,Uncertainty-Aware Routing for Principled Alignment with MoE Dynamics,https://aclanthology.org/2026.acl-long.1801/,Reserve - not individually abstract-screened,Not selected for bounded 7-page survey; not a quality rejection,Automatic title triage only
2026.acl-long.1812,From Where Words Come: Efficient Regularization of Code Tokenizers Through Source Attribution,https://aclanthology.org/2026.acl-long.1812/,Reserve - not individually abstract-screened,Not selected for bounded 7-page survey; not a quality rejection,Automatic title triage only
2026.acl-long.1823,Please refuse to answer me! Mitigating Over-Refusal in Large Language Models via Adaptive Contrastive Decoding,https://aclanthology.org/2026.acl-long.1823/,Reserve - not individually abstract-screened,Not selected for bounded 7-page survey; not a quality rejection,Automatic title triage only
2026.acl-long.1824,Knowledge Injection Exists in MoE? Exploring Expert-Aware Contrast Decoding in MoE for Mitigating LLMs’ Hallucinations,https://aclanthology.org/2026.acl-long.1824/,Reserve - not individually abstract-screened,Not selected for bounded 7-page survey; not a quality rejection,Automatic title triage only
2026.acl-long.1828,MARCH: Multi-Agent Reinforced Check for Hallucination,https://aclanthology.org/2026.acl-long.1828/,Reserve - not individually abstract-screened,Not selected for bounded 7-page survey; not a quality rejection,Automatic title triage only
2026.acl-long.1840,KnowRL: Exploring Knowledgeable Reinforcement Learning for Factuality,https://aclanthology.org/2026.acl-long.1840/,Reserve - not individually abstract-screened,Not selected for bounded 7-page survey; not a quality rejection,Automatic title triage only
2026.acl-long.1847,MedEinst: Benchmarking the Einstellung Effect in Medical LLMs through Counterfactual Differential Diagnosis,https://aclanthology.org/2026.acl-long.1847/,Excluded at automatic title triage,Term match refers primarily to a different task; can be revisited,Automatic title triage only
2026.acl-long.1857,Measuring Social Bias in Vision-Language Models with Face-Only Counterfactuals from Real Photos,https://aclanthology.org/2026.acl-long.1857/,Excluded at automatic title triage,Term match refers primarily to a different task; can be revisited,Automatic title triage only
2026.acl-long.1862,Learning Uncertainty from Sequential Internal Dispersion in Large Language Models,https://aclanthology.org/2026.acl-long.1862/,Reserve - not individually abstract-screened,Not selected for bounded 7-page survey; not a quality rejection,Automatic title triage only
2026.acl-long.1873,Structure Guided Retrieval-Augmented Generation for Factual Queries,https://aclanthology.org/2026.acl-long.1873/,Reserve - not individually abstract-screened,Not selected for bounded 7-page survey; not a quality rejection,Automatic title triage only
2026.acl-long.1886,CAR-bench: Evaluating the Consistency and Limit-Awareness of LLM Agents under Real-World Uncertainty,https://aclanthology.org/2026.acl-long.1886/,Reserve - not individually abstract-screened,Not selected for bounded 7-page survey; not a quality rejection,Automatic title triage only
2026.acl-long.1895,Retrieval-Augmented Defense: Adaptive and Controllable Jailbreak Prevention for Large Language Models,https://aclanthology.org/2026.acl-long.1895/,Reserve - not individually abstract-screened,Not selected for bounded 7-page survey; not a quality rejection,Automatic title triage only
2026.acl-long.1935,Lightweight and Faithful Visual Condition Checking in Behavior Trees via Expert-Regularized Reinforcement Learning,https://aclanthology.org/2026.acl-long.1935/,Excluded at automatic title triage,Multimodal or non-text-generation focus outside selected scope,Automatic title triage only
2026.acl-long.1941,Mechanisms of Prompt-Induced Hallucination in Vision–Language Models,https://aclanthology.org/2026.acl-long.1941/,Excluded at automatic title triage,Multimodal or non-text-generation focus outside selected scope,Automatic title triage only
2026.acl-long.1951,From Proof to Program: Characterizing Tool-Induced Reasoning Hallucinations in Large Language Models,https://aclanthology.org/2026.acl-long.1951/,Reserve - not individually abstract-screened,Not selected for bounded 7-page survey; not a quality rejection,Automatic title triage only
2026.acl-long.1975,Uncertainty-Aware Test-Time Search for Optimization Problem Solving,https://aclanthology.org/2026.acl-long.1975/,Reserve - not individually abstract-screened,Not selected for bounded 7-page survey; not a quality rejection,Automatic title triage only
2026.acl-long.1979,Estimating the Black-box LLM Uncertainty with Distribution-Aligned Adversarial Distillation,https://aclanthology.org/2026.acl-long.1979/,Reserve - not individually abstract-screened,Not selected for bounded 7-page survey; not a quality rejection,Automatic title triage only
2026.acl-long.1991,Credal Concept Bottleneck Models for Epistemic–Aleatoric Uncertainty Decomposition,https://aclanthology.org/2026.acl-long.1991/,Reserve - not individually abstract-screened,Not selected for bounded 7-page survey; not a quality rejection,Automatic title triage only
2026.acl-long.2018,Explainable Disentangled Representation Learning for Generalizable Authorship Attribution in the Era of Generative AI,https://aclanthology.org/2026.acl-long.2018/,Excluded at automatic title triage,Term match refers primarily to a different task; can be revisited,Automatic title triage only
2026.acl-long.2041,Investigating Counterfactual Unfairness in LLMs towards Identities through Humor,https://aclanthology.org/2026.acl-long.2041/,Excluded at automatic title triage,Term match refers primarily to a different task; can be revisited,Automatic title triage only
2026.acl-long.2056,SafeConstellations: Mitigating Over-Refusals in LLMs Through Task-Aware Representation Steering,https://aclanthology.org/2026.acl-long.2056/,Reserve - not individually abstract-screened,Not selected for bounded 7-page survey; not a quality rejection,Automatic title triage only
2026.acl-long.2059,Through the Magnifying Glass: Adaptive Perception Magnification for Hallucination-Free VLM Decoding,https://aclanthology.org/2026.acl-long.2059/,Excluded at automatic title triage,Multimodal or non-text-generation focus outside selected scope,Automatic title triage only
2026.acl-long.2062,INFACT: A Diagnostic Benchmark for Induced Faithfulness and Factuality Hallucinations in Video-LLMs,https://aclanthology.org/2026.acl-long.2062/,Excluded at automatic title triage,Multimodal or non-text-generation focus outside selected scope,Automatic title triage only
2026.acl-long.2075,Don’t Corrupt the Fact: A Trustworthy RAG Watermarking Framework based on Dual Factual Shield,https://aclanthology.org/2026.acl-long.2075/,Reserve - not individually abstract-screened,Not selected for bounded 7-page survey; not a quality rejection,Automatic title triage only
2026.acl-long.2082,How Long Reasoning Chains Influence LLMs’ Judgment of Answer Factuality,https://aclanthology.org/2026.acl-long.2082/,Reserve - not individually abstract-screened,Not selected for bounded 7-page survey; not a quality rejection,Automatic title triage only
2026.acl-long.2091,Authorship Attribution in Multilingual Machine-Generated Texts,https://aclanthology.org/2026.acl-long.2091/,Excluded at automatic title triage,Term match refers primarily to a different task; can be revisited,Automatic title triage only
2026.acl-long.2110,Explaining Sources of Uncertainty in Automated Fact-Checking,https://aclanthology.org/2026.acl-long.2110/,Reserve - not individually abstract-screened,Not selected for bounded 7-page survey; not a quality rejection,Automatic title triage only
2026.acl-long.2142,CEBC: Conformal Evidence-Bounded Control for Low-Hallucination Vision–Language Generation,https://aclanthology.org/2026.acl-long.2142/,Excluded at automatic title triage,Multimodal or non-text-generation focus outside selected scope,Automatic title triage only
2026.acl-long.2147,FactCorrector: A Graph-Inspired Approach to Long-Form Factuality Correction of Large Language Models,https://aclanthology.org/2026.acl-long.2147/,Reserve - not individually abstract-screened,Not selected for bounded 7-page survey; not a quality rejection,Automatic title triage only
2026.acl-long.2148,MADE: A Living Benchmark for Multi-Label Text Classification with Uncertainty Quantification of Medical Device Adverse Events,https://aclanthology.org/2026.acl-long.2148/,Reserve - not individually abstract-screened,Not selected for bounded 7-page survey; not a quality rejection,Automatic title triage only
2026.acl-long.2159,GrAInS: Gradient-based Attribution for Inference-Time Steering of LLMs and VLMs,https://aclanthology.org/2026.acl-long.2159/,Excluded at automatic title triage,Multimodal or non-text-generation focus outside selected scope,Automatic title triage only
2026.acl-long.2168,"Factual Retrieval in LLMs Is a Redundant, Distributed and Non-Contiguous Process",https://aclanthology.org/2026.acl-long.2168/,Reserve - not individually abstract-screened,Not selected for bounded 7-page survey; not a quality rejection,Automatic title triage only
2026.acl-long.2187,Awakening Dormant Experts:Counterfactual Routing to Mitigate MoE Hallucinations,https://aclanthology.org/2026.acl-long.2187/,Excluded at automatic title triage,Term match refers primarily to a different task; can be revisited,Automatic title triage only
2026.acl-long.2189,HalluCitation Matters: Revealing the Impact of Hallucinated References with 300 Hallucinated Papers in ACL Conferences,https://aclanthology.org/2026.acl-long.2189/,Reserve - not individually abstract-screened,Not selected for bounded 7-page survey; not a quality rejection,Automatic title triage only
2026.acl-long.2217,Is Chain-of-Thought Really Not Explainability? Chain-of-Thought Can Be Faithful without Hint Verbalization,https://aclanthology.org/2026.acl-long.2217/,Excluded at automatic title triage,Term match refers primarily to a different task; can be revisited,Automatic title triage only
2026.acl-long.2218,MegaRAG: Multimodal Knowledge Graph-Based Retrieval Augmented Generation,https://aclanthology.org/2026.acl-long.2218/,Excluded at automatic title triage,Multimodal or non-text-generation focus outside selected scope,Automatic title triage only
2026.acl-short.7,From Factuality to Meta-Factivity: A Cognitive Blueprint for Trustworthy LLMs,https://aclanthology.org/2026.acl-short.7/,Reserve - not individually abstract-screened,Not selected for bounded 7-page survey; not a quality rejection,Automatic title triage only
2026.acl-short.14,Improving Retrieval-Augmented Generation without Taxonomy-based Error Categorization,https://aclanthology.org/2026.acl-short.14/,Reserve - not individually abstract-screened,Not selected for bounded 7-page survey; not a quality rejection,Automatic title triage only
2026.acl-demo.21,"Rankify: A Comprehensive Python Toolkit for Retrieval, Re-Ranking, and Retrieval-Augmented Generation",https://aclanthology.org/2026.acl-demo.21/,Reserve - not individually abstract-screened,Not selected for bounded 7-page survey; not a quality rejection,Automatic title triage only
2026.acl-demo.76,DIAGRAMS : A Review Framework for Reasoning-Level Attribution in Diagram QA,https://aclanthology.org/2026.acl-demo.76/,Reserve - not individually abstract-screened,Not selected for bounded 7-page survey; not a quality rejection,Automatic title triage only
2026.acl-srw.6,Detecting Hallucinations in Large Language Models via Internal Attention Divergence Signals,https://aclanthology.org/2026.acl-srw.6/,Reserve - not individually abstract-screened,Not selected for bounded 7-page survey; not a quality rejection,Automatic title triage only
2026.acl-srw.30,Debiasing Logical Fallacy Detection for Real-World Robustness via Counterfactually Augmented Data,https://aclanthology.org/2026.acl-srw.30/,Excluded at automatic title triage,Term match refers primarily to a different task; can be revisited,Automatic title triage only
2026.acl-srw.36,Disentangling the Effects of Unlearning in Measuring Parametric Faithfulness of Chain-of-Thought,https://aclanthology.org/2026.acl-srw.36/,Reserve - not individually abstract-screened,Not selected for bounded 7-page survey; not a quality rejection,Automatic title triage only
2026.acl-srw.55,Faithfulness Beyond Plausibility: Auditing Human Explanations in Educational Assessment,https://aclanthology.org/2026.acl-srw.55/,Reserve - not individually abstract-screened,Not selected for bounded 7-page survey; not a quality rejection,Automatic title triage only
2026.acl-srw.67,Thesis Proposal: Self-Adaptive and Epistemic Uncertainty-Guided ASR of Dense Intra-Sentential Code-Switched Speech for African Low-Resource Languages,https://aclanthology.org/2026.acl-srw.67/,Excluded at automatic title triage,Multimodal or non-text-generation focus outside selected scope,Automatic title triage only
2026.acl-srw.72,When Models Hesitate: Answer Instability as a Label-Free Uncertainty Signal for LLMs,https://aclanthology.org/2026.acl-srw.72/,Reserve - not individually abstract-screened,Not selected for bounded 7-page survey; not a quality rejection,Automatic title triage only
2026.acl-srw.114,Factual State Discovery Benchmark: Evaluating Fact Elicitation in Polish Tax Law,https://aclanthology.org/2026.acl-srw.114/,Reserve - not individually abstract-screened,Not selected for bounded 7-page survey; not a quality rejection,Automatic title triage only
2026.acl-srw.115,Evolutionary Search for Automated Design of Uncertainty Quantification Methods,https://aclanthology.org/2026.acl-srw.115/,Reserve - not individually abstract-screened,Not selected for bounded 7-page survey; not a quality rejection,Automatic title triage only
2026.acl-industry.11,HAD: HAllucination Detection Language Models Based on a Comprehensive Hallucination Taxonomy,https://aclanthology.org/2026.acl-industry.11/,Reserve - not individually abstract-screened,Not selected for bounded 7-page survey; not a quality rejection,Automatic title triage only
2026.acl-industry.14,Calibrating LLM Judges: Linear Probes for Fast and Reliable Uncertainty Estimation,https://aclanthology.org/2026.acl-industry.14/,Reserve - not individually abstract-screened,Not selected for bounded 7-page survey; not a quality rejection,Automatic title triage only
2026.acl-industry.27,GeoGround: Uncertainty-Weighted Multi-Task Learning for Geo-Alignment and Address Defect Detection,https://aclanthology.org/2026.acl-industry.27/,Reserve - not individually abstract-screened,Not selected for bounded 7-page survey; not a quality rejection,Automatic title triage only
2026.acl-industry.31,Optimizing Retrieval-Augmented Generation for E-Commerce How-To Assistance,https://aclanthology.org/2026.acl-industry.31/,Excluded at automatic title triage,Term match refers primarily to a different task; can be revisited,Automatic title triage only
2026.acl-industry.38,From Short Video to Clickable Search: RLVR-Enabled Listwise Query Suggestion with Retrieval-Augmented Context,https://aclanthology.org/2026.acl-industry.38/,Excluded at automatic title triage,Multimodal or non-text-generation focus outside selected scope,Automatic title triage only
2026.acl-industry.42,Towards Faithful Industrial RAG: A Reinforced Co-adaptation Framework for Advertising QA,https://aclanthology.org/2026.acl-industry.42/,Reserve - not individually abstract-screened,Not selected for bounded 7-page survey; not a quality rejection,Automatic title triage only
2026.acl-industry.47,"ClinDet-Bench: Beyond Abstention, Evaluating Judgment Determinability of LLMs in Clinical Decision-Making",https://aclanthology.org/2026.acl-industry.47/,Reserve - not individually abstract-screened,Not selected for bounded 7-page survey; not a quality rejection,Automatic title triage only
2026.acl-industry.60,When Good OCR Is Not Enough: Benchmarking OCR Robustness for Retrieval-Augmented Generation,https://aclanthology.org/2026.acl-industry.60/,Excluded at automatic title triage,Multimodal or non-text-generation focus outside selected scope,Automatic title triage only
2026.acl-industry.75,Know What You See: Grounded localization of product components,https://aclanthology.org/2026.acl-industry.75/,Reserve - not individually abstract-screened,Not selected for bounded 7-page survey; not a quality rejection,Automatic title triage only
2026.acl-industry.77,FROST: Factual Reasoning via Optimized Stochastic Trajectories in Large Language Models during Inference,https://aclanthology.org/2026.acl-industry.77/,Reserve - not individually abstract-screened,Not selected for bounded 7-page survey; not a quality rejection,Automatic title triage only
2026.acl-industry.117,FinHarmBench: Financial Jailbreak Benchmark and Unsupervised Safety Fine-Tuning via Refusal Steering Distillation,https://aclanthology.org/2026.acl-industry.117/,Reserve - not individually abstract-screened,Not selected for bounded 7-page survey; not a quality rejection,Automatic title triage only
2026.acl-industry.134,MM-BizRAG: Rethinking Multimodal Retrieval-Augmented Generation for General Purpose Enterprise Q&A,https://aclanthology.org/2026.acl-industry.134/,Excluded at automatic title triage,Multimodal or non-text-generation focus outside selected scope,Automatic title triage only
2026.eacl-long.8,T^2-RAGBench: Text-and-Table Benchmark for Evaluating Retrieval-Augmented Generation,https://aclanthology.org/2026.eacl-long.8/,Reserve - not individually abstract-screened,Not selected for bounded 7-page survey; not a quality rejection,Automatic title triage only
2026.eacl-long.90,Respecting Temporal-Causal Consistency: Entity-Event Knowledge Graph for Retrieval-Augmented Generation,https://aclanthology.org/2026.eacl-long.90/,Reserve - not individually abstract-screened,Not selected for bounded 7-page survey; not a quality rejection,Automatic title triage only
2026.eacl-long.106,Mind the Gap: Benchmarking LLM Uncertainty and Calibration with Specialty-Aware Clinical QA and Reasoning-Based Behavioural Features,https://aclanthology.org/2026.eacl-long.106/,Reserve - not individually abstract-screened,Not selected for bounded 7-page survey; not a quality rejection,Automatic title triage only
2026.eacl-long.136,Do LLM hallucination detectors suffer from low-resource effect?,https://aclanthology.org/2026.eacl-long.136/,Reserve - not individually abstract-screened,Not selected for bounded 7-page survey; not a quality rejection,Automatic title triage only
2026.eacl-long.138,Guided by the Plan: Enhancing Faithful Autoregressive Text-to-Audio Generation with Guided Decoding,https://aclanthology.org/2026.eacl-long.138/,Excluded at automatic title triage,Multimodal or non-text-generation focus outside selected scope,Automatic title triage only
2026.eacl-long.141,Decoding the Market’s Pulse: Context-Enriched Agentic Retrieval Augmented Generation for Predicting Post-Earnings Price Shocks,https://aclanthology.org/2026.eacl-long.141/,Reserve - not individually abstract-screened,Not selected for bounded 7-page survey; not a quality rejection,Automatic title triage only
2026.eacl-long.147,Classifying and Addressing the Diversity of Errors in Retrieval-Augmented Generation Systems,https://aclanthology.org/2026.eacl-long.147/,Reserve - not individually abstract-screened,Not selected for bounded 7-page survey; not a quality rejection,Automatic title triage only
2026.eacl-long.159,HalluZig: Hallucination Detection using Zigzag Persistence,https://aclanthology.org/2026.eacl-long.159/,Reserve - not individually abstract-screened,Not selected for bounded 7-page survey; not a quality rejection,Automatic title triage only
2026.eacl-long.177,FaithLM: Towards Faithful Explanations for Large Language Models,https://aclanthology.org/2026.eacl-long.177/,Reserve - not individually abstract-screened,Not selected for bounded 7-page survey; not a quality rejection,Automatic title triage only
2026.eacl-long.190,Reasoning’s Razor: Reasoning Improves Accuracy but Hurts Recall at Critical Operating Points in Safety and Hallucination Detection,https://aclanthology.org/2026.eacl-long.190/,Reserve - not individually abstract-screened,Not selected for bounded 7-page survey; not a quality rejection,Automatic title triage only
2026.eacl-long.194,Journey Before Destination: On the importance of Visual Faithfulness in Slow Thinking,https://aclanthology.org/2026.eacl-long.194/,Excluded at automatic title triage,Multimodal or non-text-generation focus outside selected scope,Automatic title triage only
2026.eacl-long.203,RAGPPI: Retrieval-Augmented Generation Benchmark for Protein–Protein Interactions in Drug Discovery,https://aclanthology.org/2026.eacl-long.203/,Reserve - not individually abstract-screened,Not selected for bounded 7-page survey; not a quality rejection,Automatic title triage only
2026.eacl-long.210,Attribution-Guided Multi-Object Hallucination and Bias Detection in Vision-Language Models,https://aclanthology.org/2026.eacl-long.210/,Excluded at automatic title triage,Multimodal or non-text-generation focus outside selected scope,Automatic title triage only
2026.eacl-long.236,Decomposition-Enhanced Training for Post-Hoc Attributions in Language Models,https://aclanthology.org/2026.eacl-long.236/,Reserve - not individually abstract-screened,Not selected for bounded 7-page survey; not a quality rejection,Automatic title triage only
2026.eacl-long.241,FFE-Hallu: Hallucinations in Fixed Figurative Expressions: A Benchmark of Idioms and Proverbs in the Persian Language,https://aclanthology.org/2026.eacl-long.241/,Reserve - not individually abstract-screened,Not selected for bounded 7-page survey; not a quality rejection,Automatic title triage only
2026.eacl-long.250,Bridging Attribution and Open-Set Detection using Graph-Augmented Instance Learning in Synthetic Speech,https://aclanthology.org/2026.eacl-long.250/,Excluded at automatic title triage,Term match refers primarily to a different task; can be revisited,Automatic title triage only
2026.eacl-long.252,Taming Object Hallucinations with Verified Atomic Confidence Estimation,https://aclanthology.org/2026.eacl-long.252/,Reserve - not individually abstract-screened,Not selected for bounded 7-page survey; not a quality rejection,Automatic title triage only
2026.eacl-long.287,HALP: Detecting Hallucinations in Vision-Language Models without Generating a Single Token,https://aclanthology.org/2026.eacl-long.287/,Excluded at automatic title triage,Multimodal or non-text-generation focus outside selected scope,Automatic title triage only
2026.eacl-long.291,Knowing When to Abstain: Medical LLMs Under Clinical Uncertainty,https://aclanthology.org/2026.eacl-long.291/,Reserve - not individually abstract-screened,Not selected for bounded 7-page survey; not a quality rejection,Automatic title triage only
2026.eacl-long.321,RefusalBench: Generative Evaluation of Selective Refusal in Grounded Language Models,https://aclanthology.org/2026.eacl-long.321/,Reserve - not individually abstract-screened,Not selected for bounded 7-page survey; not a quality rejection,Automatic title triage only
2026.eacl-long.327,"Rethinking Hallucinations: Correctness, Consistency, and Prompt Multiplicity",https://aclanthology.org/2026.eacl-long.327/,Reserve - not individually abstract-screened,Not selected for bounded 7-page survey; not a quality rejection,Automatic title triage only
2026.eacl-long.334,Evidential Semantic Entropy for LLM Uncertainty Quantification,https://aclanthology.org/2026.eacl-long.334/,Reserve - not individually abstract-screened,Not selected for bounded 7-page survey; not a quality rejection,Automatic title triage only
2026.eacl-long.340,User-Centric Evidence Ranking for Attribution and Fact Verification,https://aclanthology.org/2026.eacl-long.340/,Reserve - not individually abstract-screened,Not selected for bounded 7-page survey; not a quality rejection,Automatic title triage only
2026.eacl-long.359,RAFFLES: Reasoning-based Attribution of Faults for LLM Systems,https://aclanthology.org/2026.eacl-long.359/,Reserve - not individually abstract-screened,Not selected for bounded 7-page survey; not a quality rejection,Automatic title triage only
2026.eacl-long.389,CAIRE: Cultural Attribution of Images with Retrieval,https://aclanthology.org/2026.eacl-long.389/,Excluded at automatic title triage,Multimodal or non-text-generation focus outside selected scope,Automatic title triage only
2026.eacl-short.35,Persuasion Tokens for Editing Factual Knowledge in LLMs,https://aclanthology.org/2026.eacl-short.35/,Reserve - not individually abstract-screened,Not selected for bounded 7-page survey; not a quality rejection,Automatic title triage only
2026.eacl-short.37,When Benchmarks Age: Temporal Misalignment through Large Language Model Factuality Evaluation,https://aclanthology.org/2026.eacl-short.37/,Included,Title/abstract screened; selected for mechanism and evaluation coverage,Title/abstract
2026.eacl-short.49,Semantic Token Clustering for Efficient Uncertainty Quantification in Large Language Models,https://aclanthology.org/2026.eacl-short.49/,Reserve - not individually abstract-screened,Not selected for bounded 7-page survey; not a quality rejection,Automatic title triage only
2026.eacl-demo.35,RAGVUE: A Diagnostic View for Explainable and Automated Evaluation of Retrieval-Augmented Generation,https://aclanthology.org/2026.eacl-demo.35/,Excluded at automatic title triage,Term match refers primarily to a different task; can be revisited,Automatic title triage only
2026.eacl-srw.2,Mask What Matters: Mitigating Object Hallucinations in Multimodal Large Language Models with Object-Aligned Visual Contrastive Decoding,https://aclanthology.org/2026.eacl-srw.2/,Excluded at automatic title triage,Multimodal or non-text-generation focus outside selected scope,Automatic title triage only
2026.eacl-srw.9,Is He Extroverted? Identifying Missing Relevant Personas for Faithful User Simulation,https://aclanthology.org/2026.eacl-srw.9/,Reserve - not individually abstract-screened,Not selected for bounded 7-page survey; not a quality rejection,Automatic title triage only
2026.eacl-srw.11,Thesis Proposal: Efficient KV Cache Reuse for Multi-Document Retrieval-Augmented Generation,https://aclanthology.org/2026.eacl-srw.11/,Reserve - not individually abstract-screened,Not selected for bounded 7-page survey; not a quality rejection,Automatic title triage only
2026.eacl-srw.15,Constructing a Dataset for Hallucination Detection in Japanese Summarization with Fine-grained Faithfulness Labels,https://aclanthology.org/2026.eacl-srw.15/,Reserve - not individually abstract-screened,Not selected for bounded 7-page survey; not a quality rejection,Automatic title triage only
2026.eacl-srw.59,Detecting Overflow in Compressed Token Representations for Retrieval-Augmented Generation,https://aclanthology.org/2026.eacl-srw.59/,Reserve - not individually abstract-screened,Not selected for bounded 7-page survey; not a quality rejection,Automatic title triage only
2026.eacl-industry.27,ReflectiveRAG: Rethinking Adaptivity in Retrieval-Augmented Generation,https://aclanthology.org/2026.eacl-industry.27/,Reserve - not individually abstract-screened,Not selected for bounded 7-page survey; not a quality rejection,Automatic title triage only
2026.findings-eacl.4,Being Kind Isn’t Always Being Safe: Diagnosing Affective Hallucination in LLMs,https://aclanthology.org/2026.findings-eacl.4/,Reserve - not individually abstract-screened,Not selected for bounded 7-page survey; not a quality rejection,Automatic title triage only
2026.findings-eacl.35,Multilingual Retrieval-Augmented Generation for Knowledge-Intensive Question Answering Task,https://aclanthology.org/2026.findings-eacl.35/,Reserve - not individually abstract-screened,Not selected for bounded 7-page survey; not a quality rejection,Automatic title triage only
2026.findings-eacl.46,Harmful Factuality: LLMs Correcting What They Shouldn’t,https://aclanthology.org/2026.findings-eacl.46/,Reserve - not individually abstract-screened,Not selected for bounded 7-page survey; not a quality rejection,Automatic title triage only
2026.findings-eacl.53,The Unintended Trade-off of AI Alignment: Balancing Hallucination Mitigation and Safety in LLMs,https://aclanthology.org/2026.findings-eacl.53/,Reserve - not individually abstract-screened,Not selected for bounded 7-page survey; not a quality rejection,Automatic title triage only
2026.findings-eacl.59,LLMs Faithfully and Iteratively Compute Answers During CoT: A Systematic Analysis With Multi-step Arithmetics,https://aclanthology.org/2026.findings-eacl.59/,Reserve - not individually abstract-screened,Not selected for bounded 7-page survey; not a quality rejection,Automatic title triage only
2026.findings-eacl.82,SCAN: Semantic Document Layout Analysis for Textual and Visual Retrieval-Augmented Generation,https://aclanthology.org/2026.findings-eacl.82/,Excluded at automatic title triage,Multimodal or non-text-generation focus outside selected scope,Automatic title triage only
2026.findings-eacl.116,Uncertainty Quantification for Evaluating Gender Bias in Machine Translation,https://aclanthology.org/2026.findings-eacl.116/,Reserve - not individually abstract-screened,Not selected for bounded 7-page survey; not a quality rejection,Automatic title triage only
2026.findings-eacl.150,DF-RAG: Query-Aware Diversity for Retrieval-Augmented Generation,https://aclanthology.org/2026.findings-eacl.150/,Reserve - not individually abstract-screened,Not selected for bounded 7-page survey; not a quality rejection,Automatic title triage only
2026.findings-eacl.155,TruthTrap: A Bilingual Benchmark for Evaluating Factually Correct Yet Misleading Information in Question Answering,https://aclanthology.org/2026.findings-eacl.155/,Reserve - not individually abstract-screened,Not selected for bounded 7-page survey; not a quality rejection,Automatic title triage only
2026.findings-eacl.178,Reasoning about Uncertainty: Do Reasoning Models Know When They Don’t Know?,https://aclanthology.org/2026.findings-eacl.178/,Reserve - not individually abstract-screened,Not selected for bounded 7-page survey; not a quality rejection,Automatic title triage only
2026.findings-eacl.206,KGHaluBench: A Knowledge Graph-Based Hallucination Benchmark for Evaluating the Breadth and Depth of LLM Knowledge,https://aclanthology.org/2026.findings-eacl.206/,Reserve - not individually abstract-screened,Not selected for bounded 7-page survey; not a quality rejection,Automatic title triage only
2026.findings-eacl.243,Reducing Hallucinations in Language Model-based SPARQL Query Generation Using Post-Generation Memory Retrieval,https://aclanthology.org/2026.findings-eacl.243/,Reserve - not individually abstract-screened,Not selected for bounded 7-page survey; not a quality rejection,Automatic title triage only
2026.findings-eacl.255,ConRAS: Contrastive In-context Learning Framework for Retrieval-Augmented Summarization,https://aclanthology.org/2026.findings-eacl.255/,Reserve - not individually abstract-screened,Not selected for bounded 7-page survey; not a quality rejection,Automatic title triage only
2026.findings-eacl.266,Multilingual Self-Taught Faithfulness Evaluators,https://aclanthology.org/2026.findings-eacl.266/,Reserve - not individually abstract-screened,Not selected for bounded 7-page survey; not a quality rejection,Automatic title triage only
2026.findings-eacl.274,"The Art of Saying ""Maybe"": A Conformal Lens for Uncertainty Benchmarking in VLMs",https://aclanthology.org/2026.findings-eacl.274/,Excluded at automatic title triage,Multimodal or non-text-generation focus outside selected scope,Automatic title triage only
2026.findings-eacl.276,"A Comprehensive Evaluation of Multilingual Chain-of-Thought Reasoning: Performance, Consistency, and Faithfulness Across Languages",https://aclanthology.org/2026.findings-eacl.276/,Reserve - not individually abstract-screened,Not selected for bounded 7-page survey; not a quality rejection,Automatic title triage only
2026.findings-eacl.296,FactSelfCheck: Fact-Level Black-Box Hallucination Detection for LLMs,https://aclanthology.org/2026.findings-eacl.296/,Reserve - not individually abstract-screened,Not selected for bounded 7-page survey; not a quality rejection,Automatic title triage only
2026.findings-eacl.299,RADAR: A Reasoning-Guided Attribution Framework for Explainable Visual Data Analysis,https://aclanthology.org/2026.findings-eacl.299/,Excluded at automatic title triage,Term match refers primarily to a different task; can be revisited,Automatic title triage only
2026.findings-eacl.300,MaskLoRA: Low-Rank Subspace–Induced Token Masking for Efficient and Faithful Language Models,https://aclanthology.org/2026.findings-eacl.300/,Reserve - not individually abstract-screened,Not selected for bounded 7-page survey; not a quality rejection,Automatic title triage only
2026.findings-eacl.316,Role-Conditioned Refusals: Evaluating Access Control Reasoning in Large Language Models,https://aclanthology.org/2026.findings-eacl.316/,Reserve - not individually abstract-screened,Not selected for bounded 7-page survey; not a quality rejection,Automatic title triage only
2026.findings-eacl.326,DAMASHA: Detecting AI in Mixed Adversarial Texts via Segmentation with Human-interpretable Attribution,https://aclanthology.org/2026.findings-eacl.326/,Reserve - not individually abstract-screened,Not selected for bounded 7-page survey; not a quality rejection,Automatic title triage only
2026.findings-eacl.330,Multi-Hall-SA: A Cross-lingual Benchmark for Multi-Type Hallucination Detection in Low-Resource South African Languages,https://aclanthology.org/2026.findings-eacl.330/,Reserve - not individually abstract-screened,Not selected for bounded 7-page survey; not a quality rejection,Automatic title triage only
2026.findings-eacl.344,FactAppeal: Identifying Epistemic Factual Appeals in News Media,https://aclanthology.org/2026.findings-eacl.344/,Excluded at automatic title triage,Term match refers primarily to a different task; can be revisited,Automatic title triage only
2026.findings-acl.34,Do LLMs Really Know What They Don’t Know? Internal States Mainly Reflect Knowledge Recall Rather Than Truthfulness,https://aclanthology.org/2026.findings-acl.34/,Included,Title/abstract screened; selected for mechanism and evaluation coverage,Title/abstract
2026.findings-acl.35,Enhancing Hallucination Detection via Future Context,https://aclanthology.org/2026.findings-acl.35/,Included,Title/abstract screened; selected for mechanism and evaluation coverage,Title/abstract
2026.findings-acl.55,Multi-Scale Spectral Selection and Entropy-Guided Uncertainty Fusion for Multimodal Rumor Detection,https://aclanthology.org/2026.findings-acl.55/,Excluded at automatic title triage,Multimodal or non-text-generation focus outside selected scope,Automatic title triage only
2026.findings-acl.58,JointCQ: Improving Factual Hallucination Detection with Joint Claim and Query Generation,https://aclanthology.org/2026.findings-acl.58/,Reserve - not individually abstract-screened,Not selected for bounded 7-page survey; not a quality rejection,Automatic title triage only
2026.findings-acl.62,Differentially Private Synthetic Text Generation for Retrieval-Augmented Generation (RAG),https://aclanthology.org/2026.findings-acl.62/,Reserve - not individually abstract-screened,Not selected for bounded 7-page survey; not a quality rejection,Automatic title triage only
2026.findings-acl.63,When Slower Isn’t Truer: Inverse Scaling Law of Truthfulness in Multimodal Reasoning,https://aclanthology.org/2026.findings-acl.63/,Excluded at automatic title triage,Multimodal or non-text-generation focus outside selected scope,Automatic title triage only
2026.findings-acl.78,Data-Centric Perspectives on Agentic Retrieval-Augmented Generation: A Survey,https://aclanthology.org/2026.findings-acl.78/,Reserve - not individually abstract-screened,Not selected for bounded 7-page survey; not a quality rejection,Automatic title triage only
2026.findings-acl.84,BV-Blend: Uncertainty-Weighted Historical Baselines for Stable Critic-Free RL with Verifiable Rewards,https://aclanthology.org/2026.findings-acl.84/,Reserve - not individually abstract-screened,Not selected for bounded 7-page survey; not a quality rejection,Automatic title triage only
2026.findings-acl.103,When Facts Change: Temporal Knowledge Conflict Resolution in LLMs,https://aclanthology.org/2026.findings-acl.103/,Reserve - not individually abstract-screened,Not selected for bounded 7-page survey; not a quality rejection,Automatic title triage only
2026.findings-acl.172,Crossroads of Optimization under Uncertainty: How to Choose the Optimal Model,https://aclanthology.org/2026.findings-acl.172/,Reserve - not individually abstract-screened,Not selected for bounded 7-page survey; not a quality rejection,Automatic title triage only
2026.findings-acl.176,HeteroRAG: A Heterogeneous Retrieval-Augmented Generation Framework for Medical Vision Language Tasks,https://aclanthology.org/2026.findings-acl.176/,Excluded at automatic title triage,Multimodal or non-text-generation focus outside selected scope,Automatic title triage only
2026.findings-acl.183,Momoka-RAG: MCTS-Organized Mapping of Knowledge Associations for Long-Document Retrieval Augmented Generation,https://aclanthology.org/2026.findings-acl.183/,Reserve - not individually abstract-screened,Not selected for bounded 7-page survey; not a quality rejection,Automatic title triage only
2026.findings-acl.189,Eval-RAR: Evaluation-Driven Retrieval-Augmented Reasoning via Reinforcement Learning,https://aclanthology.org/2026.findings-acl.189/,Reserve - not individually abstract-screened,Not selected for bounded 7-page survey; not a quality rejection,Automatic title triage only
2026.findings-acl.195,COCOGEC: Counterfactual Generation for Robust Grammatical Error Correction,https://aclanthology.org/2026.findings-acl.195/,Excluded at automatic title triage,Term match refers primarily to a different task; can be revisited,Automatic title triage only
2026.findings-acl.204,MR-ALIGN: Meta-Reasoning Informed Factuality Alignment for Large Reasoning Models,https://aclanthology.org/2026.findings-acl.204/,Reserve - not individually abstract-screened,Not selected for bounded 7-page survey; not a quality rejection,Automatic title triage only
2026.findings-acl.234,"Once Correct, Still Wrong: Counterfactual Hallucination in Multilingual Vision-Language Models",https://aclanthology.org/2026.findings-acl.234/,Excluded at automatic title triage,Term match refers primarily to a different task; can be revisited,Automatic title triage only
2026.findings-acl.247,RA-RRG: Multimodal Retrieval-Augmented Radiology Report Generation with Key Phrase Extraction,https://aclanthology.org/2026.findings-acl.247/,Excluded at automatic title triage,Multimodal or non-text-generation focus outside selected scope,Automatic title triage only
2026.findings-acl.260,Uncertainty-Calibrated Elastic Alignment for Multimodal Sentiment Analysis with Missing Modalities,https://aclanthology.org/2026.findings-acl.260/,Excluded at automatic title triage,Multimodal or non-text-generation focus outside selected scope,Automatic title triage only
2026.findings-acl.264,Generating Effective CoT Traces for Mitigating Causal Hallucination,https://aclanthology.org/2026.findings-acl.264/,Reserve - not individually abstract-screened,Not selected for bounded 7-page survey; not a quality rejection,Automatic title triage only
2026.findings-acl.321,TagRAG: Tag-guided Hierarchical Knowledge Graph Retrieval-Augmented Generation,https://aclanthology.org/2026.findings-acl.321/,Reserve - not individually abstract-screened,Not selected for bounded 7-page survey; not a quality rejection,Automatic title triage only
2026.findings-acl.336,"Faithful-First Reasoning, Planning, and Acting for Multimodal LLMs",https://aclanthology.org/2026.findings-acl.336/,Excluded at automatic title triage,Multimodal or non-text-generation focus outside selected scope,Automatic title triage only
2026.findings-acl.338,Faithfulness-Aware Uncertainty Quantification for Fact-Checking the Output of Retrieval-Augmented Generation,https://aclanthology.org/2026.findings-acl.338/,Reserve - not individually abstract-screened,Not selected for bounded 7-page survey; not a quality rejection,Automatic title triage only
2026.findings-acl.358,Understanding New-Knowledge-Induced Factual Hallucinations in LLMs: Analysis and Interpretation,https://aclanthology.org/2026.findings-acl.358/,Reserve - not individually abstract-screened,Not selected for bounded 7-page survey; not a quality rejection,Automatic title triage only
2026.findings-acl.359,Attribution-Based Analysis and Optimization of Modular Agentic Workflows,https://aclanthology.org/2026.findings-acl.359/,Reserve - not individually abstract-screened,Not selected for bounded 7-page survey; not a quality rejection,Automatic title triage only
2026.findings-acl.387,Graph Explorer: Training Faithful KG Agents with Visibility-Grounded Supervision,https://aclanthology.org/2026.findings-acl.387/,Excluded at automatic title triage,Multimodal or non-text-generation focus outside selected scope,Automatic title triage only
2026.findings-acl.388,Robust Uncertainty Quantification for Self-Evolving Large Language Models via Continual Domain Pretraining,https://aclanthology.org/2026.findings-acl.388/,Reserve - not individually abstract-screened,Not selected for bounded 7-page survey; not a quality rejection,Automatic title triage only
2026.findings-acl.395,When Personalization Misleads: Understanding and Mitigating Hallucinations in Personalized LLMs,https://aclanthology.org/2026.findings-acl.395/,Reserve - not individually abstract-screened,Not selected for bounded 7-page survey; not a quality rejection,Automatic title triage only
2026.findings-acl.399,LIBERTy: A Causal Framework for Benchmarking Concept-Based Explanations of LLMs with Structural Counterfactuals,https://aclanthology.org/2026.findings-acl.399/,Excluded at automatic title triage,Term match refers primarily to a different task; can be revisited,Automatic title triage only
2026.findings-acl.425,AHEAD: Attention Head Energy-Aware Dynamics for Hallucination Mitigation in MLLMs,https://aclanthology.org/2026.findings-acl.425/,Excluded at automatic title triage,Multimodal or non-text-generation focus outside selected scope,Automatic title triage only
2026.findings-acl.480,MASS-RAG: Multi-Agent Synthesis Retrieval-Augmented Generation,https://aclanthology.org/2026.findings-acl.480/,Reserve - not individually abstract-screened,Not selected for bounded 7-page survey; not a quality rejection,Automatic title triage only
2026.findings-acl.516,NSF-CoT: Neuro-Symbolic Formal Verification of Chain-of-Thought Faithfulness in Contextual Question Answering,https://aclanthology.org/2026.findings-acl.516/,Reserve - not individually abstract-screened,Not selected for bounded 7-page survey; not a quality rejection,Automatic title triage only
2026.findings-acl.534,Talent or Luck? Evaluating Attribution Bias in Large Language Models,https://aclanthology.org/2026.findings-acl.534/,Reserve - not individually abstract-screened,Not selected for bounded 7-page survey; not a quality rejection,Automatic title triage only
2026.findings-acl.535,Uncertainty Quantification of Large Language Models through Multiple Uncertainty Sources,https://aclanthology.org/2026.findings-acl.535/,Reserve - not individually abstract-screened,Not selected for bounded 7-page survey; not a quality rejection,Automatic title triage only
2026.findings-acl.539,Spatial-RAG: Spatial Retrieval Augmented Generation for Real-World Geospatial Reasoning Questions,https://aclanthology.org/2026.findings-acl.539/,Reserve - not individually abstract-screened,Not selected for bounded 7-page survey; not a quality rejection,Automatic title triage only
2026.findings-acl.550,Characterizing Selective Refusal Bias in Large Language Models,https://aclanthology.org/2026.findings-acl.550/,Reserve - not individually abstract-screened,Not selected for bounded 7-page survey; not a quality rejection,Automatic title triage only
2026.findings-acl.555,FIFA: Unified Faithfulness Evaluation Framework for Text-to-Video and Video-to-Text Generation,https://aclanthology.org/2026.findings-acl.555/,Excluded at automatic title triage,Multimodal or non-text-generation focus outside selected scope,Automatic title triage only
2026.findings-acl.561,Follow the Path: Reasoning over Knowledge Graph Paths to Improve Large Language Model Factuality,https://aclanthology.org/2026.findings-acl.561/,Reserve - not individually abstract-screened,Not selected for bounded 7-page survey; not a quality rejection,Automatic title triage only
2026.findings-acl.565,Context Attribution with Multi-Armed Bandit Optimization,https://aclanthology.org/2026.findings-acl.565/,Reserve - not individually abstract-screened,Not selected for bounded 7-page survey; not a quality rejection,Automatic title triage only
2026.findings-acl.576,CoDA: Restoring Contextual Dominance via Copy-Encouraged Attention Intervention for Mitigating RAG Hallucinations,https://aclanthology.org/2026.findings-acl.576/,Reserve - not individually abstract-screened,Not selected for bounded 7-page survey; not a quality rejection,Automatic title triage only
2026.findings-acl.592,"""I Don’t Know What to Say"": A Fact-Filling Questionnaire Method to Help Non-Experts Talk to LegalAI Assistant",https://aclanthology.org/2026.findings-acl.592/,Reserve - not individually abstract-screened,Not selected for bounded 7-page survey; not a quality rejection,Automatic title triage only
2026.findings-acl.637,WebUncertainty: Dual-Level Uncertainty Driven Planning and Reasoning For Autonomous Web Agent,https://aclanthology.org/2026.findings-acl.637/,Reserve - not individually abstract-screened,Not selected for bounded 7-page survey; not a quality rejection,Automatic title triage only
2026.findings-acl.646,Spotlight and Shadow: Attention-Guided Dual-Anchor Introspective Decoding for MLLM Hallucination Mitigation,https://aclanthology.org/2026.findings-acl.646/,Excluded at automatic title triage,Multimodal or non-text-generation focus outside selected scope,Automatic title triage only
2026.findings-acl.648,Reflective RAG: Self-Evaluation Driven Strategy Optimization in Agentic Retrieval-Augmented Generation,https://aclanthology.org/2026.findings-acl.648/,Reserve - not individually abstract-screened,Not selected for bounded 7-page survey; not a quality rejection,Automatic title triage only
2026.findings-acl.658,ContextCheck: Sentence-Level Faithfulness Verification with Context-Aware Disambiguation,https://aclanthology.org/2026.findings-acl.658/,Reserve - not individually abstract-screened,Not selected for bounded 7-page survey; not a quality rejection,Automatic title triage only
2026.findings-acl.674,Beyond Output Confidence: Epistemic-Aware Hallucination Detection with Answer-Level Signals,https://aclanthology.org/2026.findings-acl.674/,Reserve - not individually abstract-screened,Not selected for bounded 7-page survey; not a quality rejection,Automatic title triage only
2026.findings-acl.684,FAITH: Factuality Alignment through Integrating Trustworthiness and Honestness,https://aclanthology.org/2026.findings-acl.684/,Reserve - not individually abstract-screened,Not selected for bounded 7-page survey; not a quality rejection,Automatic title triage only
2026.findings-acl.689,FaithLens: Detecting and Explaining Faithfulness Hallucination,https://aclanthology.org/2026.findings-acl.689/,Included,Title/abstract screened; selected for mechanism and evaluation coverage,Title/abstract
2026.findings-acl.693,MedScore: Generalizable Factuality Evaluation of Open-ended Long-form Medical Answers by Domain-adapted Claim Decomposition and Verification,https://aclanthology.org/2026.findings-acl.693/,Reserve - not individually abstract-screened,Not selected for bounded 7-page survey; not a quality rejection,Automatic title triage only
2026.findings-acl.699,SAVOIR: Learning Social Savoir-Faire via Shapley-based Reward Attribution,https://aclanthology.org/2026.findings-acl.699/,Reserve - not individually abstract-screened,Not selected for bounded 7-page survey; not a quality rejection,Automatic title triage only
2026.findings-acl.700,Language-Coupled Reinforcement Learning for Multilingual Retrieval-Augmented Generation,https://aclanthology.org/2026.findings-acl.700/,Reserve - not individually abstract-screened,Not selected for bounded 7-page survey; not a quality rejection,Automatic title triage only
2026.findings-acl.745,Global Context or Local Detail? Adaptive Visual Grounding for Hallucination Mitigation,https://aclanthology.org/2026.findings-acl.745/,Excluded at automatic title triage,Multimodal or non-text-generation focus outside selected scope,Automatic title triage only
2026.findings-acl.748,Revealing and Enhancing Core Visual Regions: Harnessing Internal Attention Dynamics for Hallucination Mitigation in LVLMs,https://aclanthology.org/2026.findings-acl.748/,Excluded at automatic title triage,Multimodal or non-text-generation focus outside selected scope,Automatic title triage only
2026.findings-acl.754,D^2-RAG: Dual-Decision Retrieval-Augmented Generation via Multi-Dimensional Uncertainty and Utility-Aware Decoding,https://aclanthology.org/2026.findings-acl.754/,Reserve - not individually abstract-screened,Not selected for bounded 7-page survey; not a quality rejection,Automatic title triage only
2026.findings-acl.757,TAGS: A Test-Time Generalist–Specialist Framework with Retrieval-Augmented Reasoning and Verification,https://aclanthology.org/2026.findings-acl.757/,Reserve - not individually abstract-screened,Not selected for bounded 7-page survey; not a quality rejection,Automatic title triage only
2026.findings-acl.782,Learning to Extract Rational Evidence via Reinforcement Learning for Retrieval-Augmented Generation,https://aclanthology.org/2026.findings-acl.782/,Reserve - not individually abstract-screened,Not selected for bounded 7-page survey; not a quality rejection,Automatic title triage only
2026.findings-acl.812,QuCo-RAG: Quantifying Uncertainty from the Pre-training Corpus for Dynamic Retrieval-Augmented Generation,https://aclanthology.org/2026.findings-acl.812/,Reserve - not individually abstract-screened,Not selected for bounded 7-page survey; not a quality rejection,Automatic title triage only
2026.findings-acl.833,RIPRAG: Hack a Black-box Retrieval-Augmented Generation Question-Answering System with Reinforcement Learning,https://aclanthology.org/2026.findings-acl.833/,Reserve - not individually abstract-screened,Not selected for bounded 7-page survey; not a quality rejection,Automatic title triage only
2026.findings-acl.835,HalluGuard: Evidence-Grounded Small Reasoning Models to Mitigate Hallucinations in Retrieval-Augmented Generation,https://aclanthology.org/2026.findings-acl.835/,Reserve - not individually abstract-screened,Not selected for bounded 7-page survey; not a quality rejection,Automatic title triage only
2026.findings-acl.856,Context-attended Adversarial Reinforcement Learning for Robust Multi-step Retrieval Augmented Generation,https://aclanthology.org/2026.findings-acl.856/,Reserve - not individually abstract-screened,Not selected for bounded 7-page survey; not a quality rejection,Automatic title triage only
2026.findings-acl.882,Lost in Diffusion: Uncovering Hallucination Patterns and Failure Modes in Diffusion Large Language Models,https://aclanthology.org/2026.findings-acl.882/,Reserve - not individually abstract-screened,Not selected for bounded 7-page survey; not a quality rejection,Automatic title triage only
2026.findings-acl.884,Align Documents to Questions: Question-Oriented Document Rewriting for Retrieval-Augmented Generation,https://aclanthology.org/2026.findings-acl.884/,Reserve - not individually abstract-screened,Not selected for bounded 7-page survey; not a quality rejection,Automatic title triage only
2026.findings-acl.899,Exposing Privacy Risks in Graph Retrieval-Augmented Generation,https://aclanthology.org/2026.findings-acl.899/,Reserve - not individually abstract-screened,Not selected for bounded 7-page survey; not a quality rejection,Automatic title triage only
2026.findings-acl.910,PretrainRL: Alleviating Factuality Hallucination of Large Language Models at the Beginning,https://aclanthology.org/2026.findings-acl.910/,Reserve - not individually abstract-screened,Not selected for bounded 7-page survey; not a quality rejection,Automatic title triage only
2026.findings-acl.917,SEMA-RAG: A Self-Evolving Multi-Agent Retrieval-Augmented Generation Framework for Medical Reasoning,https://aclanthology.org/2026.findings-acl.917/,Reserve - not individually abstract-screened,Not selected for bounded 7-page survey; not a quality rejection,Automatic title triage only
2026.findings-acl.934,RetentiveKV: State-Space Memory for Uncertainty-Aware Multimodal KV Cache Eviction,https://aclanthology.org/2026.findings-acl.934/,Excluded at automatic title triage,Multimodal or non-text-generation focus outside selected scope,Automatic title triage only
2026.findings-acl.939,Privacy-Preserving Reasoning with Knowledge-Distilled Parametric Retrieval Augmented Generation,https://aclanthology.org/2026.findings-acl.939/,Reserve - not individually abstract-screened,Not selected for bounded 7-page survey; not a quality rejection,Automatic title triage only
2026.findings-acl.951,Unlocking Exploration in RLVR: Uncertainty-aware Advantage Shaping for Deeper Reasoning,https://aclanthology.org/2026.findings-acl.951/,Reserve - not individually abstract-screened,Not selected for bounded 7-page survey; not a quality rejection,Automatic title triage only
2026.findings-acl.959,"Born Pragmatic, Trained to Hallucinate? Quantifying the Origins of Contextual Bias in LLMs via the PaCE Benchmark",https://aclanthology.org/2026.findings-acl.959/,Reserve - not individually abstract-screened,Not selected for bounded 7-page survey; not a quality rejection,Automatic title triage only
2026.findings-acl.973,MemTR: Enhancing Tool-Calling Reliability via Uncertainty-Triggered FFN-Space Retracing,https://aclanthology.org/2026.findings-acl.973/,Reserve - not individually abstract-screened,Not selected for bounded 7-page survey; not a quality rejection,Automatic title triage only
2026.findings-acl.985,Abstain-R1: Calibrated Abstention and Post-Refusal Clarification via Verifiable RL,https://aclanthology.org/2026.findings-acl.985/,Reserve - not individually abstract-screened,Not selected for bounded 7-page survey; not a quality rejection,Automatic title triage only
2026.findings-acl.995,SPD-Faith Bench: Diagnosing and Improving Faithfulness in Chain-of-Thought for Multimodal Large Language Models,https://aclanthology.org/2026.findings-acl.995/,Excluded at automatic title triage,Multimodal or non-text-generation focus outside selected scope,Automatic title triage only
2026.findings-acl.998,RACER: Retrieval-Augmented Contextual Rapid Speculative Decoding,https://aclanthology.org/2026.findings-acl.998/,Reserve - not individually abstract-screened,Not selected for bounded 7-page survey; not a quality rejection,Automatic title triage only
2026.findings-acl.1007,LatentRefusal: Latent-Signal Refusal for Unanswerable Text-to-SQL Queries,https://aclanthology.org/2026.findings-acl.1007/,Reserve - not individually abstract-screened,Not selected for bounded 7-page survey; not a quality rejection,Automatic title triage only
2026.findings-acl.1016,Mitigating Hallucinations in VLMs: Enhancing Visual Attention via Head-Wise Perturbation,https://aclanthology.org/2026.findings-acl.1016/,Excluded at automatic title triage,Multimodal or non-text-generation focus outside selected scope,Automatic title triage only
2026.findings-acl.1019,Veri-R1: Toward Precise and Faithful Claim Verification via Online Reinforcement Learning,https://aclanthology.org/2026.findings-acl.1019/,Reserve - not individually abstract-screened,Not selected for bounded 7-page survey; not a quality rejection,Automatic title triage only
2026.findings-acl.1052,Self-Correcting RAG: Enhancing Faithfulness via MMKP Context Selection and NLI-Guided MCTS,https://aclanthology.org/2026.findings-acl.1052/,Reserve - not individually abstract-screened,Not selected for bounded 7-page survey; not a quality rejection,Automatic title triage only
2026.findings-acl.1064,Streaming Hallucination Detection in Long Chain-of-Thought Reasoning,https://aclanthology.org/2026.findings-acl.1064/,Reserve - not individually abstract-screened,Not selected for bounded 7-page survey; not a quality rejection,Automatic title triage only
2026.findings-acl.1137,"Reason-KE++: Aligning the Process, Not Just the Outcome, for Faithful LLM Knowledge Editing",https://aclanthology.org/2026.findings-acl.1137/,Reserve - not individually abstract-screened,Not selected for bounded 7-page survey; not a quality rejection,Automatic title triage only
2026.findings-acl.1148,AED-RAG: Continuous Multi-Granular Context Fusion for Retrieval-Augmented Generation via Adaptive Ensemble Decoding,https://aclanthology.org/2026.findings-acl.1148/,Reserve - not individually abstract-screened,Not selected for bounded 7-page survey; not a quality rejection,Automatic title triage only
2026.findings-acl.1152,DRIV-EX: Counterfactual Explanations for Driving LLMs,https://aclanthology.org/2026.findings-acl.1152/,Excluded at automatic title triage,Term match refers primarily to a different task; can be revisited,Automatic title triage only
2026.findings-acl.1161,Beyond Overlap Metrics: Rewarding Reasoning and Preferences for Faithful Multi-Role Dialogue Summarization,https://aclanthology.org/2026.findings-acl.1161/,Reserve - not individually abstract-screened,Not selected for bounded 7-page survey; not a quality rejection,Automatic title triage only
2026.findings-acl.1167,Reason Only When Needed: Efficient Generative Reward Modeling via Model-Internal Uncertainty,https://aclanthology.org/2026.findings-acl.1167/,Reserve - not individually abstract-screened,Not selected for bounded 7-page survey; not a quality rejection,Automatic title triage only
2026.findings-acl.1177,Health-ORSC-Bench: A Benchmark for Measuring Over-Refusal and Safety Completion in Health Context,https://aclanthology.org/2026.findings-acl.1177/,Reserve - not individually abstract-screened,Not selected for bounded 7-page survey; not a quality rejection,Automatic title triage only
2026.findings-acl.1205,Faithful Persona Steering under Incongruity via Dual-Stream Refinement,https://aclanthology.org/2026.findings-acl.1205/,Reserve - not individually abstract-screened,Not selected for bounded 7-page survey; not a quality rejection,Automatic title triage only
2026.findings-acl.1212,Dynamic PMI-Guided Contrastive Decoding Reduces Hallucination in Large Language Models: A Unified Framework of Fine-Grained Input Transformations,https://aclanthology.org/2026.findings-acl.1212/,Reserve - not individually abstract-screened,Not selected for bounded 7-page survey; not a quality rejection,Automatic title triage only
2026.findings-acl.1216,Across Programming Language Silos: A Study on Cross-Lingual Retrieval-Augmented Code Generation,https://aclanthology.org/2026.findings-acl.1216/,Reserve - not individually abstract-screened,Not selected for bounded 7-page survey; not a quality rejection,Automatic title triage only
2026.findings-acl.1237,"Perceptual Hallucination in Vision–Language Models: Definition, Analysis and Verification",https://aclanthology.org/2026.findings-acl.1237/,Excluded at automatic title triage,Multimodal or non-text-generation focus outside selected scope,Automatic title triage only
2026.findings-acl.1282,AutoRubric: Rubric-Based Generative Rewards for Faithful Multimodal Reasoning,https://aclanthology.org/2026.findings-acl.1282/,Excluded at automatic title triage,Multimodal or non-text-generation focus outside selected scope,Automatic title triage only
2026.findings-acl.1294,Steering Away from Refusal: A Black-box Jailbreak Method Based on First-Token Distribution,https://aclanthology.org/2026.findings-acl.1294/,Reserve - not individually abstract-screened,Not selected for bounded 7-page survey; not a quality rejection,Automatic title triage only
2026.findings-acl.1304,PlanRAG-Audio: Planning and Retrieval Augmented Generation for Long-form Audio Understanding,https://aclanthology.org/2026.findings-acl.1304/,Excluded at automatic title triage,Multimodal or non-text-generation focus outside selected scope,Automatic title triage only
2026.findings-acl.1310,Beyond Chunks and Graphs: Retrieval-Augmented Generation through Triplet-Driven Thinking,https://aclanthology.org/2026.findings-acl.1310/,Reserve - not individually abstract-screened,Not selected for bounded 7-page survey; not a quality rejection,Automatic title triage only
2026.findings-acl.1317,From RAG to Agentic RAG for Faithful Islamic Question Answering,https://aclanthology.org/2026.findings-acl.1317/,Reserve - not individually abstract-screened,Not selected for bounded 7-page survey; not a quality rejection,Automatic title triage only
2026.findings-acl.1321,VAUQ: Vision-Aware Uncertainty Quantification for LVLM Self-Evaluation,https://aclanthology.org/2026.findings-acl.1321/,Excluded at automatic title triage,Multimodal or non-text-generation focus outside selected scope,Automatic title triage only
2026.findings-acl.1325,Distorted or Fabricated? A Survey on Hallucination in Video LLMs,https://aclanthology.org/2026.findings-acl.1325/,Excluded at automatic title triage,Multimodal or non-text-generation focus outside selected scope,Automatic title triage only
2026.findings-acl.1360,Dynamic Graph Navigation via Triplet Chains for Structure-Aware Retrieval-Augmented Generation,https://aclanthology.org/2026.findings-acl.1360/,Reserve - not individually abstract-screened,Not selected for bounded 7-page survey; not a quality rejection,Automatic title triage only
2026.findings-acl.1366,A Framework of Reflective Agents with Adaptive Collaboration for Attributed Summary Generation,https://aclanthology.org/2026.findings-acl.1366/,Reserve - not individually abstract-screened,Not selected for bounded 7-page survey; not a quality rejection,Automatic title triage only
2026.findings-acl.1384,CODEPROMPTZIP: Code-specific Prompt Compression for Retrieval-Augmented Generation in Coding Tasks with LMs,https://aclanthology.org/2026.findings-acl.1384/,Reserve - not individually abstract-screened,Not selected for bounded 7-page survey; not a quality rejection,Automatic title triage only
2026.findings-acl.1385,Detecting Hallucinations in Retrieval-Augmented Generation via Semantic-level Internal Reasoning Graph,https://aclanthology.org/2026.findings-acl.1385/,Reserve - not individually abstract-screened,Not selected for bounded 7-page survey; not a quality rejection,Automatic title triage only
2026.findings-acl.1386,MeasHalu: Mitigation of Scientific Measurement Hallucinations for Large Language Models with Enhanced Reasoning,https://aclanthology.org/2026.findings-acl.1386/,Reserve - not individually abstract-screened,Not selected for bounded 7-page survey; not a quality rejection,Automatic title triage only
2026.findings-acl.1402,Where Did It Go Wrong? Capability-Oriented Failure Attribution for Vision-and-Language Navigation Agents,https://aclanthology.org/2026.findings-acl.1402/,Excluded at automatic title triage,Multimodal or non-text-generation focus outside selected scope,Automatic title triage only
2026.findings-acl.1419,Feedback Adaptation for Retrieval-Augmented Generation,https://aclanthology.org/2026.findings-acl.1419/,Reserve - not individually abstract-screened,Not selected for bounded 7-page survey; not a quality rejection,Automatic title triage only
2026.findings-acl.1460,"Tree-of-Evidence: Efficient ""System 2"" Search for Faithful Multimodal Grounding",https://aclanthology.org/2026.findings-acl.1460/,Excluded at automatic title triage,Multimodal or non-text-generation focus outside selected scope,Automatic title triage only
2026.findings-acl.1464,AHA: Aligning Large Audio-Language Models for Reasoning Hallucinations via Counterfactual Hard Negatives,https://aclanthology.org/2026.findings-acl.1464/,Excluded at automatic title triage,Term match refers primarily to a different task; can be revisited,Automatic title triage only
2026.findings-acl.1477,Evidence-Aligned Entity Verification for Hallucination Detection in Retrieval-Augmented Generation,https://aclanthology.org/2026.findings-acl.1477/,Reserve - not individually abstract-screened,Not selected for bounded 7-page survey; not a quality rejection,Automatic title triage only
2026.findings-acl.1493,DiFRa: A Unified Framework for Harmonizing Semantic Diversity and Factual Consistency in Question-Answer Generation,https://aclanthology.org/2026.findings-acl.1493/,Reserve - not individually abstract-screened,Not selected for bounded 7-page survey; not a quality rejection,Automatic title triage only
2026.findings-acl.1498,Cognitive-Uncertainty Guided Knowledge Distillation for Accurate Classification of Student Misconceptions,https://aclanthology.org/2026.findings-acl.1498/,Reserve - not individually abstract-screened,Not selected for bounded 7-page survey; not a quality rejection,Automatic title triage only
2026.findings-acl.1499,Beyond Black-Box Interventions: Latent Probing for Faithful Retrieval-Augmented Generation,https://aclanthology.org/2026.findings-acl.1499/,Reserve - not individually abstract-screened,Not selected for bounded 7-page survey; not a quality rejection,Automatic title triage only
2026.findings-acl.1502,RouteRAG: Efficient Retrieval-Augmented Generation from Text and Graph via Reinforcement Learning,https://aclanthology.org/2026.findings-acl.1502/,Reserve - not individually abstract-screened,Not selected for bounded 7-page survey; not a quality rejection,Automatic title triage only
2026.findings-acl.1531,Clustered Self-Assessment: A Simple yet Effective Method for Uncertainty Quantification in Large Language Models,https://aclanthology.org/2026.findings-acl.1531/,Reserve - not individually abstract-screened,Not selected for bounded 7-page survey; not a quality rejection,Automatic title triage only
2026.findings-acl.1537,Multilingual Refusal Alignment for Safer Large Language Models,https://aclanthology.org/2026.findings-acl.1537/,Reserve - not individually abstract-screened,Not selected for bounded 7-page survey; not a quality rejection,Automatic title triage only
2026.findings-acl.1548,Prompting the Unknown: Understanding Response Uncertainty in Large Language Models,https://aclanthology.org/2026.findings-acl.1548/,Reserve - not individually abstract-screened,Not selected for bounded 7-page survey; not a quality rejection,Automatic title triage only
2026.findings-acl.1571,Structured Dialogue Refinement: Building Retrieval-Augmented Question Answering on Goal-Oriented Dialogues,https://aclanthology.org/2026.findings-acl.1571/,Reserve - not individually abstract-screened,Not selected for bounded 7-page survey; not a quality rejection,Automatic title triage only
2026.findings-acl.1572,Thought-Action Graph Reasoning: Faithful and Efficient Reasoning of Large Language Models via Reusing Past Experience,https://aclanthology.org/2026.findings-acl.1572/,Reserve - not individually abstract-screened,Not selected for bounded 7-page survey; not a quality rejection,Automatic title triage only
2026.findings-acl.1575,TRUST: Towards Robust Social Bot Detection via Uncertainty-Guided Pseudo-Labeling and Graph Structure Purification,https://aclanthology.org/2026.findings-acl.1575/,Reserve - not individually abstract-screened,Not selected for bounded 7-page survey; not a quality rejection,Automatic title triage only
2026.findings-acl.1614,UnIte: Uncertainty-based Iterative Document Sampling for Domain Adaptation in Information Retrieval,https://aclanthology.org/2026.findings-acl.1614/,Reserve - not individually abstract-screened,Not selected for bounded 7-page survey; not a quality rejection,Automatic title triage only
2026.findings-acl.1635,Parallel Context-of-Experts Decoding for Retrieval Augmented Generation,https://aclanthology.org/2026.findings-acl.1635/,Reserve - not individually abstract-screened,Not selected for bounded 7-page survey; not a quality rejection,Automatic title triage only
2026.findings-acl.1673,Hallucination Detection in Long-Form Text Generated by LLMs: A Benchmark and a Hyper-Relational Knowledge Graph Approach,https://aclanthology.org/2026.findings-acl.1673/,Reserve - not individually abstract-screened,Not selected for bounded 7-page survey; not a quality rejection,Automatic title triage only
2026.findings-acl.1692,Adaptive Prompt Optimization for Open-Ended Tasks: Uncertainty Preference as a Secondary Signal,https://aclanthology.org/2026.findings-acl.1692/,Reserve - not individually abstract-screened,Not selected for bounded 7-page survey; not a quality rejection,Automatic title triage only
2026.findings-acl.1705,Principled Detection of Hallucinations in Large Language Models via Multiple Testing,https://aclanthology.org/2026.findings-acl.1705/,Reserve - not individually abstract-screened,Not selected for bounded 7-page survey; not a quality rejection,Automatic title triage only
2026.findings-acl.1714,Identifying the Achilles’ Heel: An Iterative Method for Uncovering Factual Errors in Large Language Models,https://aclanthology.org/2026.findings-acl.1714/,Reserve - not individually abstract-screened,Not selected for bounded 7-page survey; not a quality rejection,Automatic title triage only
2026.findings-acl.1744,Comprehensiveness Metrics for Automatic Evaluation of Factual Recall in Text Generation,https://aclanthology.org/2026.findings-acl.1744/,Reserve - not individually abstract-screened,Not selected for bounded 7-page survey; not a quality rejection,Automatic title triage only
2026.findings-acl.1755,CCD: Mitigating Hallucinations in Radiology MLLMs via Clinical Contrastive Decoding,https://aclanthology.org/2026.findings-acl.1755/,Excluded at automatic title triage,Multimodal or non-text-generation focus outside selected scope,Automatic title triage only
2026.findings-acl.1784,Aligning with Your Own Voice: Self-Corrected Preference Learning for Hallucination Mitigation in LVLMs,https://aclanthology.org/2026.findings-acl.1784/,Excluded at automatic title triage,Multimodal or non-text-generation focus outside selected scope,Automatic title triage only
2026.findings-acl.1794,PRA-RAG: Provably Robust Aggregation in Retrieval-Augmented Generation against Retrieval Corruption,https://aclanthology.org/2026.findings-acl.1794/,Reserve - not individually abstract-screened,Not selected for bounded 7-page survey; not a quality rejection,Automatic title triage only
2026.findings-acl.1802,From Heads to Neurons: Causal Attribution and Steering in Multi-Task Vision–Language Models,https://aclanthology.org/2026.findings-acl.1802/,Excluded at automatic title triage,Multimodal or non-text-generation focus outside selected scope,Automatic title triage only
2026.findings-acl.1822,Hallucinations as Orthogonal Noise: Inference-Time Manifold Alignment via Dynamic Contextual Orthogonalization,https://aclanthology.org/2026.findings-acl.1822/,Reserve - not individually abstract-screened,Not selected for bounded 7-page survey; not a quality rejection,Automatic title triage only
2026.findings-acl.1823,ConvX: A Lightweight Converter to Bridge Indexed Dense Representations and Large Language Models for Retrieval-Augmented Generation,https://aclanthology.org/2026.findings-acl.1823/,Reserve - not individually abstract-screened,Not selected for bounded 7-page survey; not a quality rejection,Automatic title triage only
2026.findings-acl.1834,Reasoning with Memory: Adaptive Information Management for Retrieval-Augmented Generation,https://aclanthology.org/2026.findings-acl.1834/,Reserve - not individually abstract-screened,Not selected for bounded 7-page survey; not a quality rejection,Automatic title triage only
2026.findings-acl.1837,Dialectic-Med: Mitigating Diagnostic Hallucinations via Counterfactual Adversarial Multi-Agent Debate,https://aclanthology.org/2026.findings-acl.1837/,Excluded at automatic title triage,Term match refers primarily to a different task; can be revisited,Automatic title triage only
2026.findings-acl.1839,EULoInf: Efficient Hessian-Free Entropy Based Uncertainty-Aware Data Influence Approximation,https://aclanthology.org/2026.findings-acl.1839/,Reserve - not individually abstract-screened,Not selected for bounded 7-page survey; not a quality rejection,Automatic title triage only
2026.findings-acl.1847,Faithfulness vs. Safety: Evaluating LLM Behavior Under Counterfactual Medical Evidence,https://aclanthology.org/2026.findings-acl.1847/,Excluded at automatic title triage,Term match refers primarily to a different task; can be revisited,Automatic title triage only
2026.findings-acl.1855,Synergizing Stylometrics with Semantics: Dual-Path Framework for LLM Detection and Attribution,https://aclanthology.org/2026.findings-acl.1855/,Reserve - not individually abstract-screened,Not selected for bounded 7-page survey; not a quality rejection,Automatic title triage only
2026.findings-acl.1890,Counterfactual Fairness Evaluation of LLM-Based Contact Center Agent Quality Assurance System,https://aclanthology.org/2026.findings-acl.1890/,Excluded at automatic title triage,Term match refers primarily to a different task; can be revisited,Automatic title triage only
2026.findings-acl.1907,Fine-Grained Detection of Context-Grounded Hallucinations Using LLMs,https://aclanthology.org/2026.findings-acl.1907/,Reserve - not individually abstract-screened,Not selected for bounded 7-page survey; not a quality rejection,Automatic title triage only
2026.findings-acl.1917,A Counterfactual Explanation Framework for Retrieval Models,https://aclanthology.org/2026.findings-acl.1917/,Excluded at automatic title triage,Term match refers primarily to a different task; can be revisited,Automatic title triage only
2026.findings-acl.1927,Uncertainty-Aware Contrastive Sentence Embedding With Local Context Representation for Text Classification,https://aclanthology.org/2026.findings-acl.1927/,Reserve - not individually abstract-screened,Not selected for bounded 7-page survey; not a quality rejection,Automatic title triage only
2026.findings-acl.1943,CausalGaze: Unveiling Hallucinations via Counterfactual Graph Intervention in Large Language Models,https://aclanthology.org/2026.findings-acl.1943/,Excluded at automatic title triage,Term match refers primarily to a different task; can be revisited,Automatic title triage only
2026.findings-acl.1968,Reducing Hallucinations in LLMs via Factuality-Aware Preference Learning,https://aclanthology.org/2026.findings-acl.1968/,Reserve - not individually abstract-screened,Not selected for bounded 7-page survey; not a quality rejection,Automatic title triage only
2026.findings-acl.2028,Structured Uncertainty guided Clarification for LLM Agents,https://aclanthology.org/2026.findings-acl.2028/,Reserve - not individually abstract-screened,Not selected for bounded 7-page survey; not a quality rejection,Automatic title triage only
2026.findings-acl.2042,Conjecture and Inquiry: Quantifying Software Performance Requirements via Interactive Retrieval-Augmented Preference Elicitation,https://aclanthology.org/2026.findings-acl.2042/,Reserve - not individually abstract-screened,Not selected for bounded 7-page survey; not a quality rejection,Automatic title triage only
2026.findings-acl.2045,Progressive Re-ranking for Multimodal Retrieval-Augmented Generation via Curriculum Learning,https://aclanthology.org/2026.findings-acl.2045/,Excluded at automatic title triage,Multimodal or non-text-generation focus outside selected scope,Automatic title triage only
2026.findings-acl.2048,Inject to Heal: Alleviating hallucination in LVLMs via Context Embedding Injection,https://aclanthology.org/2026.findings-acl.2048/,Excluded at automatic title triage,Multimodal or non-text-generation focus outside selected scope,Automatic title triage only
2026.findings-acl.2064,From Passive Metric to Active Signal: The Evolving Role of Uncertainty Quantification in Large Language Models,https://aclanthology.org/2026.findings-acl.2064/,Reserve - not individually abstract-screened,Not selected for bounded 7-page survey; not a quality rejection,Automatic title triage only
2026.findings-acl.2071,Enhancing Factuality through Consensus and Consistency in Summarization Using Minimum Bayes Risk Decoding,https://aclanthology.org/2026.findings-acl.2071/,Reserve - not individually abstract-screened,Not selected for bounded 7-page survey; not a quality rejection,Automatic title triage only
2026.findings-acl.2086,Towards Mitigating Hallucinations in Large Vision-Language Models by Refining Textual Embeddings,https://aclanthology.org/2026.findings-acl.2086/,Excluded at automatic title triage,Multimodal or non-text-generation focus outside selected scope,Automatic title triage only
2026.findings-acl.2092,LLM Program Optimization via Retrieval Augmented Search,https://aclanthology.org/2026.findings-acl.2092/,Reserve - not individually abstract-screened,Not selected for bounded 7-page survey; not a quality rejection,Automatic title triage only
2026.findings-acl.2099,PROBE: PROcess-Based BEnchmark for Hallucination Detection,https://aclanthology.org/2026.findings-acl.2099/,Reserve - not individually abstract-screened,Not selected for bounded 7-page survey; not a quality rejection,Automatic title triage only
2026.findings-acl.2121,Context-Fidelity Boosting: Enhancing Faithful Generation through Watermark-Inspired Decoding,https://aclanthology.org/2026.findings-acl.2121/,Reserve - not individually abstract-screened,Not selected for bounded 7-page survey; not a quality rejection,Automatic title triage only
2026.findings-acl.2138,Chain-of-Relations: Faithful and Efficient LLM Reasoning over Knowledge Graphs via Relation-Centric Exploration,https://aclanthology.org/2026.findings-acl.2138/,Reserve - not individually abstract-screened,Not selected for bounded 7-page survey; not a quality rejection,Automatic title triage only
2026.findings-acl.2143,Efficient Hallucination Detection in Automatic Code Generation,https://aclanthology.org/2026.findings-acl.2143/,Reserve - not individually abstract-screened,Not selected for bounded 7-page survey; not a quality rejection,Automatic title triage only
2026.findings-acl.2147,Detecting Hallucinations in SpeechLLMs at Inference Time Using Attention Maps,https://aclanthology.org/2026.findings-acl.2147/,Excluded at automatic title triage,Multimodal or non-text-generation focus outside selected scope,Automatic title triage only
2026.findings-acl.2148,Leveraging External Knowledge for Historical Document Restoration via Retrieval-Augmented Large Language Models,https://aclanthology.org/2026.findings-acl.2148/,Reserve - not individually abstract-screened,Not selected for bounded 7-page survey; not a quality rejection,Automatic title triage only
2026.findings-acl.2157,Rethinking Retrieval-Augmented Generation as a Cooperative Decision-Making Problem,https://aclanthology.org/2026.findings-acl.2157/,Reserve - not individually abstract-screened,Not selected for bounded 7-page survey; not a quality rejection,Automatic title triage only
2026.findings-acl.2163,BubbleRAG: Interactive Cognitive Offloading with Thought Bubble in Retrieval-Augmented Generation,https://aclanthology.org/2026.findings-acl.2163/,Reserve - not individually abstract-screened,Not selected for bounded 7-page survey; not a quality rejection,Automatic title triage only
2026.tacl-1.6,Localizing Factual Inconsistencies in Attributable Text Generation,https://aclanthology.org/2026.tacl-1.6/,Included,Title/abstract screened; selected for mechanism and evaluation coverage,Title/abstract
2026.tacl-1.22,Automatic Reviewers Fail to Detect Faulty Reasoning in Research Papers: A New Counterfactual Evaluation Framework,https://aclanthology.org/2026.tacl-1.22/,Excluded at automatic title triage,Term match refers primarily to a different task; can be revisited,Automatic title triage only
2026.tacl-1.37,CAuSE: Decoding Multimodal Classifiers using Faithful Natural Language Explanation,https://aclanthology.org/2026.tacl-1.37/,Excluded at automatic title triage,Multimodal or non-text-generation focus outside selected scope,Automatic title triage only
2026.tacl-1.69,Anthropomimetic Uncertainty: What Verbalized Uncertainty in Language Models is Missing,https://aclanthology.org/2026.tacl-1.69/,Reserve - not individually abstract-screened,Not selected for bounded 7-page survey; not a quality rejection,Automatic title triage only
2023.emnlp-main.398,Enabling Large Language Models to Generate Text with Citations,https://aclanthology.org/2023.emnlp-main.398/,Included,Title/abstract screened; selected for mechanism and evaluation coverage,Title/abstract
2023.findings-emnlp.68,The Internal State of an LLM Knows When It’s Lying,https://aclanthology.org/2023.findings-emnlp.68/,Included,Title/abstract screened; selected for mechanism and evaluation coverage,Title/abstract
2024.tacl-1.9,Lost in the Middle: How Language Models Use Long Contexts,https://aclanthology.org/2024.tacl-1.9/,Included,Title/abstract screened; selected for mechanism and evaluation coverage,Title/abstract
ext-dola,DoLa: Decoding by Contrasting Layers Improves Factuality in Large Language Models,https://openreview.net/forum?id=Th6NyL07na,Included,Title/abstract screened; selected for mechanism and evaluation coverage,Title/abstract
ext-selfrag,"Self-RAG: Learning to Retrieve, Generate, and Critique through Self-Reflection",https://openreview.net/forum?id=hSyW5go0v8,Included,Title/abstract screened; selected for mechanism and evaluation coverage,Title/abstract
ext-critic,CRITIC: Large Language Models Can Self-Correct with Tool-Interactive Critiquing,https://proceedings.iclr.cc/paper_files/paper/2024/hash/fef126561bbf9d4467dbb8d27334b8fe-Abstract-Conference.html,Included,Title/abstract screened; selected for mechanism and evaluation coverage,Title/abstract
ext-semantic-uncertainty,Semantic Uncertainty: Linguistic Invariances for Uncertainty Estimation in Natural Language Generation,https://openreview.net/forum?id=VD-AYtP0dve,Included,Title/abstract screened; selected for mechanism and evaluation coverage,Title/abstract
ext-semantic-entropy,Detecting hallucinations in large language models using semantic entropy,https://www.nature.com/articles/s41586-024-07421-0,Included,Title/abstract screened; selected for mechanism and evaluation coverage,Title/abstract
ext-iti,Inference-Time Intervention: Eliciting Truthful Answers from a Language Model,https://proceedings.neurips.cc/paper_files/paper/2023/hash/81b8390039b7302c909cb769f8b6cd93-Abstract-Conference.html,Included,Title/abstract screened; selected for mechanism and evaluation coverage,Title/abstract
ext-rgb,Benchmarking Large Language Models in Retrieval-Augmented Generation,https://ojs.aaai.org/index.php/AAAI/article/view/29728,Included,Title/abstract screened; selected for mechanism and evaluation coverage,Title/abstract
